Time (s),Bx (µT),By (µT),Bz (µT),ωy (rad/s),Voltage (mV)
0.009999999776482582,-6.64666223526001,18.585100173950195,71.87809753417969,-0.023668712005019188,0.007326441816985607
0.019999999552965164,-5.7426981925964355,18.89850616455078,73.0536880493164,-0.018471507355570793,0.009418283589184284
0.029999999329447746,-5.75204610824585,18.895265579223633,73.04153442382812,-0.02226206474006176,0.007327311206609011
0.03999999910593033,-6.339108943939209,18.691730499267578,72.27806854248047,-0.019409270957112312,0.009421760216355324
0.05000000074505806,-5.0528059005737305,19.113710403442383,73.85363006591797,-0.7134800553321838,0.012560499832034111
0.05999999865889549,6.968891620635986,20.197376251220703,76.9804458618164,-1.6368507146835327,0.014130032621324062
0.07000000029802322,13.396550178527832,20.331100463867188,75.95012664794922,-2.7201855182647705,0.01517834234982729
0.07999999821186066,18.593177795410156,20.63355255126953,75.20489501953125,-4.152309894561768,0.017271053045988083
0.09000000357627869,24.580772399902344,21.229963302612305,74.54415893554688,-5.746521949768066,0.018843194469809532
0.10000000149011612,31.352325439453125,21.394088745117188,69.83873748779297,-7.343400478363037,0.021461255848407745
0.10999999940395355,38.715614318847656,21.394088745117188,64.17138671875,-8.775513648986816,0.024602819234132767
0.11999999731779099,46.42490005493164,21.394088745117188,59.703948974609375,-9.643074035644531,0.028260065242648125
0.12999999523162842,53.84872055053711,21.61058807373047,51.33649826049805,-10.09199333190918,0.029304029420018196
0.14000000059604645,60.34053039550781,22.0047607421875,38.22913360595703,-10.564545631408691,0.02929946593940258
0.15000000596046448,65.22586822509766,22.3245849609375,22.963119506835938,-11.028718948364258,0.02772602066397667
0.1599999964237213,67.02912139892578,22.074508666992188,6.742772102355957,-11.484576225280762,0.02510383166372776
0.17000000178813934,64.63833618164062,22.018308639526367,-12.659249305725098,-11.938996315002441,0.020914824679493904
0.18000000715255737,58.575836181640625,21.93041229248047,-33.08657455444336,-12.391118049621582,0.01620231568813324
0.1899999976158142,48.80072784423828,21.647342681884766,-52.296966552734375,-12.83474349975586,0.010972495190799236
0.20000000298023224,35.0699577331543,21.07160758972168,-67.93802642822266,-13.276769638061523,0.006794028915464878
0.20999999344348907,19.592023849487305,20.73817253112793,-77.7093276977539,-13.718730926513672,0.004700448829680681
0.2199999988079071,3.172731876373291,20.60055923461914,-78.45197296142578,-14.156153678894043,0.0026116501539945602
0.23000000417232513,-11.417131423950195,20.160429000854492,-76.37948608398438,-14.592089653015137,0.001567359664477408
0.23999999463558197,-23.888357162475586,19.505874633789062,-72.91287231445312,-15.022829055786133,0.0010465724626556039
0.25,-35.48681640625,19.089078903198242,-66.4237060546875,-15.489680290222168,0.0010302740847691894
0.25999999046325684,-44.052276611328125,18.672283172607422,-54.111873626708984,-16.325510025024414,-0.0020931449253112078
0.27000001072883606,-50.24097442626953,17.99180030822754,-41.181854248046875,-16.325510025024414,-0.0020990122575312853
0.2800000011920929,-54.577571868896484,17.467792510986328,-29.149030685424805,-16.724390029907227,-0.003167098853737116
0.28999999165534973,-56.90922927856445,17.232624053955078,-21.292634963989258,-17.146015167236328,-0.00787765346467495
0.30000001192092896,-56.94428634643555,17.22484588623047,-20.7637996673584,-17.556894302368164,-0.01259146723896265
0.3100000023841858,-57.69564437866211,17.058128356933594,-9.429099082946777,-17.96330451965332,-0.01783215068280697
0.3199999928474426,-57.24693298339844,16.89141082763672,-0.5914732217788696,-18.370357513427734,-0.024102458730340004
0.33000001311302185,-55.83372497558594,17.045942306518555,8.154367446899414,-18.778316497802734,-0.02878432907164097
0.3400000035762787,-53.60746765136719,17.286231994628906,16.452672958374023,-19.179378509521484,-0.029256002977490425
0.3499999940395355,-50.801395416259766,17.12858772277832,22.66375160217285,-19.574262619018555,-0.022436657920479774
0.36000001430511475,-48.847869873046875,17.12858772277832,28.13567543029785,-19.977643966674805,-0.013542857021093369
0.3700000047683716,-46.16728973388672,17.12858772277832,33.29242706298828,-20.38231658935547,-0.0051805987022817135
0.3799999952316284,-43.73163604736328,17.31475257873535,38.15528106689453,-20.753700256347656,0.0016070191049948335
0.38999998569488525,-41.441341400146484,17.570598602294922,42.96677017211914,-21.131982803344727,0.006304860580712557
0.4000000059604645,-38.77385330200195,17.643585205078125,47.962738037109375,-21.50027847290039,0.009440883994102478
0.4099999964237213,-36.67005920410156,17.560226440429688,51.67583084106445,-21.865385055541992,0.01205785758793354
0.41999998688697815,-33.46516799926758,17.951936721801758,56.66177749633789,-22.226404190063477,0.014697650447487831
0.4300000071525574,-29.753725051879883,18.310522079467773,63.04457473754883,-22.571882247924805,0.019940942525863647
0.4399999976158142,-25.08199691772461,18.69315528869629,70.39964294433594,-22.907506942749023,0.02627905271947384
0.44999998807907104,-18.59182357788086,19.325023651123047,77.88448333740234,-23.2475528717041,0.03886009007692337
0.46000000834465027,-9.725820541381836,19.491743087768555,83.55183410644531,-23.58670425415039,0.053495150059461594
0.4699999988079071,3.4631083011627197,20.754701614379883,87.93417358398438,-23.917999267578125,0.06586767733097076
0.47999998927116394,20.60688018798828,22.063812255859375,86.65493774414062,-24.239805221557617,0.05894880369305611
0.49000000953674316,40.236671447753906,23.013561248779297,77.04867553710938,-24.54924964904785,0.04058738797903061
0.5,59.660221099853516,23.494266510009766,56.902793884277344,-24.853172302246094,0.018157467246055603
0.5099999904632568,70.63002014160156,23.74434471130371,18.013042449951172,-25.1563777923584,0.0031064688228070736
0.5199999809265137,63.89516067504883,22.818645477294922,-27.686832427978516,-25.4464168548584,-0.00001695030186965596
0.5299999713897705,42.16379165649414,21.748592376708984,-63.190216064453125,-25.734254837036133,-0.0015928937355056405
0.5400000214576721,12.159558296203613,20.414588928222656,-81.74898529052734,-26.021020889282227,-0.003698208136484027
0.550000011920929,-17.27373504638672,18.478147506713867,-81.5958023071289,-26.301860809326172,-0.006880409549921751
0.5600000023841858,-38.461978912353516,17.22776222229004,-65.1800308227539,-26.577348709106445,-0.013727135956287384
0.5699999928474426,-50.58907699584961,16.675493240356445,-45.16361999511719,-26.840530395507812,-0.02421361394226551
0.5799999833106995,-56.794830322265625,16.356966018676758,-25.13960838317871,-27.089160919189453,-0.03620127961039543
0.5899999737739563,-58.40796661376953,16.33453941345215,-6.130717754364014,-27.33106803894043,-0.04385347291827202
0.6000000238418579,-56.572696685791016,16.75133514404297,11.15550708770752,-27.56227684020996,-0.03538136184215546
0.6100000143051147,-52.9661865234375,17.168127059936523,21.70850372314453,-27.781814575195312,-0.019162751734256744
0.6200000047683716,-48.597572326660156,17.232624053955078,27.636322021484375,-28.001508712768555,-0.003555217059329152
0.6299999952316284,-44.08943557739258,17.431753158569336,34.2346076965332,-28.215456008911133,0.00479171983897686
0.6399999856948853,-39.89609909057617,17.794292449951172,39.53633117675781,-28.419435501098633,0.011037689633667469
0.6499999761581421,-36.289588928222656,18.211088180541992,41.10612106323242,-28.622743606567383,0.014750891365110874
0.6600000262260437,-32.683082580566406,18.627883911132812,47.94602584838867,-28.807456970214844,0.02210710570216179
0.6700000166893005,-27.922895431518555,19.044677734375,53.61899948120117,-28.97490882873535,0.03167381137609482
0.6800000071525574,-21.600284576416016,19.562332153320312,60.2732048034668,-29.143461227416992,0.05153326690196991
0.6899999976158142,-13.207298278808594,20.53262710571289,66.30435943603516,-29.291810989379883,0.06904379278421402
0.699999988079071,-1.9030694961547852,22.15443229675293,69.33269500732422,-29.43379783630371,0.06661555916070938
0.7099999785423279,15.828935623168945,23.404815673828125,68.3555679321289,-29.570524215698242,0.041469454765319824
0.7200000286102295,36.148033142089844,24.009395599365234,52.57469940185547,-29.69021224975586,0.014964073896408081
0.7300000190734863,50.34784698486328,24.049842834472656,21.94632911682129,-29.798900604248047,0.0009910493390634656
0.7400000095367432,51.09943389892578,22.79654312133789,-18.405622482299805,-29.90375328063965,-0.002656633732840419
0.75,33.640865325927734,19.892850875854492,-58.95391082763672,-29.998760223388672,-0.005298055708408356
0.7599999904632568,1.1822813749313354,17.72551918029785,-76.542236328125,-30.086322784423828,-0.009534762240946293
0.7699999809265137,-27.230079650878906,15.920207977294922,-72.4033432006836,-30.154891967773438,-0.016929222270846367
0.7799999713897705,-47.01095962524414,14.997296333312988,-55.39703369140625,-30.202577590942383,-0.02845238707959652
0.7900000214576721,-57.85783004760742,14.859942436218262,-32.67778778076172,-30.22637367248535,-0.04026729241013527
0.800000011920929,-61.03643035888672,15.265975952148438,-11.006182670593262,-30.233869552612305,-0.038471098989248276
0.8100000023841858,-58.031005859375,16.182924270629883,5.018739223480225,-30.221799850463867,-0.023275045678019524
0.8199999928474426,-53.05020523071289,16.442399978637695,17.96091651916504,-30.183687210083008,-0.007129992358386517
0.8299999833106995,-46.84654998779297,17.28999137878418,26.293415069580078,-30.131437301635742,0.004294511396437883
0.8399999737739563,-40.94145202636719,18.223403930664062,31.858949661254883,-30.060962677001953,0.010529614053666592
0.8500000238418579,-36.45317840576172,18.64019775390625,36.113338470458984,-29.97978401184082,0.014239557087421417
0.8600000143051147,-32.095314025878906,19.05699348449707,34.9407844543457,-29.880285263061523,0.020613739266991615
0.8700000047683716,-27.206008911132812,19.547487258911133,40.16120529174805,-29.760866165161133,0.03225131332874298
0.8799999952316284,-22.055889129638672,20.100664138793945,43.98188781738281,-29.636369705200195,0.05051277205348015
0.8899999856948853,-15.746834754943848,21.137012481689453,47.8115348815918,-29.49738883972168,0.06531406939029694
0.8999999761581421,-7.172494888305664,22.840879440307617,52.44340515136719,-29.33820152282715,0.059747643768787384
0.9100000262260437,5.149744987487793,24.25798225402832,49.51201629638672,-29.144947052001953,0.0367281548678875
0.9200000166893005,21.090763092041016,25.228988647460938,37.865482330322266,-28.939836502075195,0.014432095922529697
0.9300000071525574,34.470977783203125,24.96516990661621,14.719217300415039,-28.70625877380371,0.003089192556217313
0.9399999976158142,39.173789978027344,23.025423049926758,-18.225997924804688,-28.459672927856445,0.0004620043619070202
0.949999988079071,30.099090576171875,19.364242553710938,-55.46329116821289,-28.191539764404297,-0.0026990093756467104
0.9599999785423279,3.3508148193359375,14.779500007629395,-82.04120635986328,-27.89972496032715,-0.0068965996615588665
0.9700000286102295,-25.56062126159668,11.394712448120117,-82.24575805664062,-27.59695816040039,-0.011712550185620785
0.9800000190734863,-48.25040817260742,9.827616691589355,-68.68538665771484,-27.282733917236328,-0.0216357558965683
0.9900000095367432,-62.75473403930664,10.001789093017578,-46.65666580200195,-26.950790405273438,-0.03035060130059719
1,-68.8193359375,11.496675491333008,-21.78955841064453,-26.601289749145508,-0.03020934946835041
1.0099999904632568,-67.01607513427734,13.413930892944336,-3.0286734104156494,-26.239303588867188,-0.023339368402957916
1.0199999809265137,-60.98548126220703,15.104249954223633,8.461182594299316,-25.867748260498047,-0.013417032547295094
1.0299999713897705,-54.02836990356445,16.551557540893555,18.565279006958008,-25.483308792114258,-0.004508128389716148
1.0399999618530273,-46.25901794433594,17.542402267456055,25.52295684814453,-25.090208053588867,0.004822578281164169
1.0499999523162842,-38.086181640625,18.04255485534668,27.65653419494629,-24.699247360229492,0.01002230029553175
1.059999942779541,-31.92506217956543,18.542707443237305,25.7022762298584,-24.317110061645508,0.013674546964466572
1.0700000524520874,-26.589149475097656,18.813982009887695,28.040699005126953,-23.941268920898438,0.01686142198741436
1.0800000429153442,-22.4325008392334,19.119674682617188,28.168956756591797,-23.584474563598633,0.022236187011003494
1.090000033378601,-18.95195770263672,19.522985458374023,27.56976318359375,-23.242719650268555,0.033715344965457916
1.100000023841858,-15.388917922973633,20.108701705932617,28.500694274902344,-22.933395385742188,0.043528374284505844
1.1100000143051147,-10.580239295959473,21.1090087890625,32.995487213134766,-22.66397476196289,0.04755874350667
1.1200000047683716,-4.245828628540039,22.109317779541016,31.17693519592285,-22.434593200683594,0.044832244515419006
1.1299999952316284,6.1714959144592285,23.447208404541016,29.09563446044922,-22.249319076538086,0.03740649297833443
1.1399999856948853,21.12394905090332,24.30711555480957,26.056806564331055,-22.10761260986328,0.02590418979525566
1.149999976158142,40.0910758972168,23.755495071411133,18.55615997314453,-22.003307342529297,0.014987869188189507
1.159999966621399,61.279319763183594,20.671213150024414,-2.7452611923217773,-21.949718475341797,0.007212570868432522
1.1699999570846558,70.5784912109375,13.785026550292969,-43.146297454833984,-21.949939727783203,0.0025528674013912678
1.1799999475479126,56.52520751953125,6.502333641052246,-86.96880340576172,-21.987337112426758,-0.00007692829240113497
1.190000057220459,24.45387077331543,1.8843395709991455,-118.1296615600586,-22.075817108154297,-0.0032172976061701775
1.2000000476837158,-15.340424537658691,1.6407448053359985,-124.5385971069336,-22.198894500732422,-0.006357667036354542
1.2100000381469727,-45.84548568725586,5.058460712432861,-100.11035919189453,-22.37104034423828,-0.009550626389682293
1.2200000286102295,-58.72054672241211,9.727987289428711,-69.26239776611328,-22.57339096069336,-0.014811086468398571
1.2300000190734863,-61.72550582885742,13.500919342041016,-42.98719024658203,-22.806570053100586,-0.021105188876390457
1.2400000095367432,-58.43029022216797,16.134504318237305,-21.111495971679688,-23.074935913085938,-0.02789584919810295
1.25,-51.914405822753906,17.755401611328125,-3.175471305847168,-23.368175506591797,-0.0339592806994915
1.2599999904632568,-44.551116943359375,18.839067459106445,9.722637176513672,-23.682327270507812,-0.031249618157744408
1.2699999809265137,-36.761199951171875,19.370529174804688,15.96289348602295,-24.017654418945312,-0.006279435008764267
1.2799999713897705,-30.416156768798828,19.46322250366211,19.50578498840332,-24.27765464782715,-0.0060430001467466354
1.2899999618530273,-23.623336791992188,19.042083740234375,23.36612892150879,-24.329486846923828,0.0027846302837133408
1.2999999523162842,-17.149288177490234,18.37702751159668,27.73175621032715,-24.66850471496582,0.009008867666125298
1.309999942779541,-17.149288177490234,18.37702751159668,27.73175621032715,-24.994871139526367,0.013238728977739811
1.3200000524520874,-15.428764343261719,18.456562042236328,29.409896850585938,-25.306697845458984,0.01902475766837597
1.3300000429153442,-13.5194091796875,19.187345504760742,33.100494384765625,-25.611160278320312,0.025987854227423668
1.340000033378601,-11.015277862548828,20.340370178222656,39.5644416809082,-25.899036407470703,0.03862212970852852
1.350000023841858,-6.881533622741699,21.55160140991211,48.850975036621094,-26.181800842285156,0.05368323624134064
1.3600000143051147,0.9325695633888245,22.301834106445312,59.99024963378906,-26.439441680908203,0.06412778049707413
1.3700000047683716,17.563947677612305,22.49078369140625,69.62568664550781,-26.673824310302734,0.05529199168086052
1.3799999952316284,43.66252899169922,21.229381561279297,71.2498779296875,-26.89435386657715,0.03081238828599453
1.3899999856948853,74.32615661621094,18.15300941467285,51.93629837036133,-27.0979061126709,0.010671844705939293
1.399999976158142,97.33026885986328,13.724225997924805,4.520752429962158,-27.279024124145508,-0.00004563542825053446
1.409999966621399,89.06535339355469,9.556279182434082,-70.71821594238281,-27.438745498657227,-0.0016464610816910863
1.4199999570846558,37.81480407714844,10.561511993408203,-108.05732727050781,-27.57229995727539,-0.004325151909142733
1.4299999475479126,-5.7797393798828125,13.472981452941895,-102.60941314697266,-27.68048095703125,-0.009035705588757992
1.440000057220459,-35.441246032714844,16.38633155822754,-77.78089904785156,-27.78133773803711,-0.013918370939791203
1.4500000476837158,-50.288414001464844,18.328088760375977,-49.60127639770508,-27.858539581298828,-0.02449655346572399
1.4600000381469727,-54.195465087890625,19.495113372802734,-22.63250160217285,-27.919078826904297,-0.038533031940460205
1.4700000286102295,-52.22721862792969,19.439952850341797,-4.832640647888184,-27.96110725402832,-0.04891737550497055
1.4800000190734863,-47.273643493652344,19.295791625976562,8.33687686920166,-27.971752166748047,-0.03968195989727974
1.4900000095367432,-41.98610305786133,19.289567947387695,19.39667510986328,-27.97213363647461,-0.01990628056228161
1.5,-37.44291305541992,19.300718307495117,28.126102447509766,-27.952409744262695,-0.003876620903611183
1.5099999904632568,-32.78450393676758,18.80056381225586,30.862064361572266,-27.917850494384766,0.005887404549866915
1.5199999809265137,-28.86635398864746,19.12168312072754,35.52341079711914,-27.874732971191406,0.010107595473527908
1.5299999713897705,-26.399381637573242,19.39366912841797,39.34926223754883,-27.82146644592285,0.015291671268641949
1.5399999618530273,-24.078357696533203,19.43988609313965,44.96980667114258,-27.76708221435547,0.019156232476234436
1.5499999523162842,-21.04745864868164,19.514299392700195,53.3050422668457,-27.69871711730957,0.029269151389598846
1.559999942779541,-16.990137100219727,20.347888946533203,63.271759033203125,-27.611555099487305,0.04449845477938652
1.5700000524520874,-8.605446815490723,20.436498641967773,73.8206558227539,-27.525409698486328,0.060905907303094864
1.5800000429153442,5.5188798904418945,20.644054412841797,82.77225494384766,-27.41548728942871,0.06646560877561569
1.590000033378601,27.646024703979492,20.64560890197754,85.73768615722656,-27.2951602935791,0.05047006905078888
1.600000023841858,55.78483581542969,20.042909622192383,75.41658020019531,-27.159706115722656,0.02606174163520336
1.6100000143051147,83.56175994873047,18.37689781188965,41.58662796020508,-27.016334533691406,0.007586889900267124
1.6200000047683716,81.45796203613281,18.210180282592773,-19.5816707611084,-26.85989761352539,-0.000052806710300501436
1.6299999952316284,53.564537048339844,18.54543113708496,-63.83332443237305,-26.695852279663086,-0.0016407023649662733
1.6399999856948853,17.198902130126953,19.25592613220215,-83.69032287597656,-26.524686813354492,-0.003752101445570588
1.649999976158142,-15.349189758300781,20.087310791015625,-78.13785552978516,-26.34408187866211,-0.006476645357906818
1.659999966621399,-36.73128890991211,20.664405822753906,-52.58721923828125,-26.158233642578125,-0.012342209927737713
1.6699999570846558,-45.747562408447266,20.49768829345703,-32.849205017089844,-25.970643997192383,-0.021294359117746353
1.6799999475479126,-49.164066314697266,20.140789031982422,-15.043262481689453,-25.774066925048828,-0.031670987606048584
1.690000057220459,-48.89192199707031,19.7239933013916,0.8523380756378174,-25.55813980102539,-0.039154648780822754
1.7000000476837158,-46.51001739501953,19.329238891601562,14.16591739654541,-25.336084365844727,-0.03622366487979889
1.7100000381469727,-43.339599609375,18.99580192565918,23.690725326538086,-25.120771408081055,-0.024653235450387
1.7200000286102295,-39.28227615356445,18.66236686706543,30.139780044555664,-24.892879486083984,-0.01141885295510292
1.7300000190734863,-35.80220031738281,18.841270446777344,35.687992095947266,-24.647743225097656,0.005232862196862698
1.7400000095367432,-33.12162399291992,19.087976455688477,39.846187591552734,-24.18350601196289,0.005403017159551382
1.75,-30.772438049316406,19.073196411132812,45.31324768066406,-24.011398315429688,0.010075542144477367
1.7599999904632568,-27.839462280273438,18.585100173950195,56.75614547729492,-23.85318374633789,0.013624565675854683
1.7699999809265137,-27.839462280273438,18.585100173950195,56.75614547729492,-23.58224105834961,0.014301816932857037
1.7799999713897705,-25.623720169067383,18.455718994140625,62.06425476074219,-23.298612594604492,0.019051052629947662
1.7899999618530273,-21.261064529418945,18.2449893951416,70.96783447265625,-23.007110595703125,0.024866744875907898
1.7999999523162842,-14.625292778015137,17.971576690673828,80.95035552978516,-22.725116729736328,0.032370295375585556
1.809999942779541,-5.41259241104126,17.65142822265625,88.80082702636719,-22.450489044189453,0.04417238011956215
1.8200000524520874,9.764801025390625,17.734786987304688,91.73221588134766,-22.16312026977539,0.04961331561207771
1.8300000429153442,27.41571044921875,18.340858459472656,88.68959045410156,-21.869585037231445,0.04673784598708153
1.840000033378601,45.426753997802734,19.180410385131836,74.47136688232422,-21.573814392089844,0.03715680167078972
1.850000023841858,59.4405403137207,20.241260528564453,47.7803840637207,-21.261144638061523,0.02362893894314766
1.8600000143051147,63.6115608215332,21.64844512939453,10.928472518920898,-20.947242736816406,0.012235510163009167
1.8700000047683716,52.341217041015625,22.81546974182129,-19.1671142578125,-20.6307373046875,0.004105015657842159
1.8799999952316284,34.05253219604492,23.05867576599121,-41.68242263793945,-20.303361892700195,0.002011435804888606
1.8899999856948853,13.589471817016602,22.786819458007812,-53.491859436035156,-19.94476318359375,-0.000041071885789278895
1.899999976158142,-5.860250949859619,22.040348052978516,-54.75286102294922,-19.58380889892578,-0.0010878617176786065
1.909999966621399,-22.040231704711914,20.734283447265625,-48.29453659057617,-19.237045288085938,-0.002176157897338271
1.9199999570846558,-34.21220016479492,19.984052658081055,-41.65005874633789,-18.888681411743164,-0.00420715194195509
1.9299999475479126,-43.02070999145508,18.967281341552734,-29.69412612915039,-18.537689208984375,-0.004751516971737146
1.940000057220459,-48.99673843383789,18.205318450927734,-17.805818557739258,-18.183067321777344,-0.005903703160583973
1.9500000476837158,-52.44316101074219,17.604045867919922,-7.412991046905518,-17.811002731323242,-0.009546278975903988
1.9600000381469727,-53.72093200683594,16.79806900024414,1.9470882415771484,-17.454824447631836,-0.012665352784097195
1.9700000286102295,-53.72093200683594,16.46463394165039,7.614439010620117,-17.0831298828125,-0.015260920859873295
1.9800000190734863,-52.99317932128906,16.198482513427734,12.966312408447266,-16.697601318359375,-0.01726844534277916
1.9900000095367432,-51.16737365722656,15.855193138122559,19.77248191833496,-16.302438735961914,-0.017138710245490074
2,-48.89320373535156,15.619894981384277,26.690799713134766,-15.897047996520996,-0.013976610265672207
2.009999990463257,-47.202362060546875,15.797114372253418,31.037887573242188,-15.486741065979004,-0.010291006416082382
2.0199999809265137,-44.94829559326172,16.130550384521484,33.18757247924805,-15.071937561035156,-0.006103847175836563
2.0299999713897705,-42.44930648803711,16.463985443115234,35.496517181396484,-14.647769927978516,-0.0019828593358397484
2.0399999618530273,-40.235435485839844,16.844675064086914,37.84162521362305,-14.21865177154541,0.0006119493627920747
2.049999952316284,-38.23400115966797,17.048858642578125,39.999820709228516,-13.786128997802734,0.002750077750533819
2.059999942779541,-36.09830093383789,16.845972061157227,41.66184997558594,-13.344488143920898,0.005711382254958153
2.069999933242798,-33.5436897277832,17.262767791748047,42.052703857421875,-12.90652847290039,0.004822034854441881
2.0799999237060547,-31.236339569091797,17.33666229248047,43.24744415283203,-12.479554176330566,0.0073938085697591305
2.0899999141693115,-28.80956268310547,17.719879150390625,46.74915313720703,-12.045760154724121,0.008895865641534328
2.0999999046325684,-26.451263427734375,18.223403930664062,50.170780181884766,-11.619670867919922,0.008941500447690487
2.109999895095825,-24.426925659179688,18.416309356689453,50.26287078857422,-11.198941230773926,0.009850732982158661
2.119999885559082,-21.5717716217041,18.916461944580078,51.4354248046875,-10.782430648803711,0.007895363494753838
2.130000114440918,-19.09101104736328,19.00124740600586,53.74406433105469,-10.368309020996094,0.008942152373492718
2.140000104904175,-16.336585998535156,19.14689826965332,57.19517135620117,-9.954684257507324,0.009919186122715473
2.1500000953674316,-13.532145500183105,19.369102478027344,60.44963455200195,-9.543848037719727,0.009442513808608055
2.1600000858306885,-11.1018648147583,19.492650985717773,62.215457916259766,-9.136566162109375,0.009918968193233013
2.1700000762939453,-8.39698314666748,19.15921401977539,66.12397766113281,-8.732402801513672,0.00948988739401102
2.180000066757202,-4.810338973999023,19.105283737182617,69.21340942382812,-8.329694747924805,0.010941637679934502
2.190000057220459,-1.1422486305236816,19.05608558654785,72.49081420898438,-7.923694610595703,0.009990029036998749
2.200000047683716,3.081237316131592,18.887163162231445,76.47653198242188,-7.5127997398376465,0.011012915521860123
2.2100000381469727,8.476861953735352,18.600786209106445,80.95764923095703,-7.106629848480225,0.01153631042689085
2.2200000286102295,13.73635482788086,18.767505645751953,81.54393005371094,-6.688512802124023,0.012059704400599003
2.2300000190734863,19.122982025146484,18.793174743652344,83.28756713867188,-6.271489143371582,0.012583100236952305
2.240000009536743,24.622604370117188,18.793174743652344,82.55403137207031,-5.8523054122924805,0.013082155957818031
2.25,29.656808853149414,18.88068199157715,79.7399673461914,-5.436959266662598,0.013131051324307919
2.259999990463257,33.668209075927734,19.147741317749023,76.35800170898438,-5.030233383178711,0.014079616405069828
2.2699999809265137,37.27471923828125,19.564537048339844,72.4494857788086,-4.620882987976074,0.013180815614759922
2.2799999713897705,39.34158706665039,20.05250358581543,67.03925323486328,-4.201066970825195,0.015125754289329052
2.2899999618530273,40.68970489501953,20.9061222076416,61.963802337646484,-3.775499105453491,0.0141287287697196
2.299999952316284,41.41909408569336,21.840702056884766,56.43474197387695,-3.343719244003296,0.014103737659752369
2.309999942779541,41.536415100097656,22.516712188720703,49.763668060302734,-2.9060111045837402,0.013479944318532944
2.319999933242798,41.38614273071289,23.266942977905273,46.050575256347656,-2.4677438735961914,0.010989011265337467
2.3299999237060547,41.494815826416016,23.58624839782715,43.51612091064453,-2.021824359893799,0.010887743905186653
2.3399999141693115,41.645084381103516,23.989755630493164,42.489906311035156,-1.5641423463821411,0.008845015428960323
2.3499999046325684,42.0699577331543,24.337581634521484,41.2231330871582,-1.0991357564926147,0.007747157476842403
2.359999895095825,42.97158432006836,24.45030403137207,38.394622802734375,-0.6254509687423706,0.005627934820950031
2.369999885559082,43.87321090698242,24.783737182617188,37.808345794677734,-0.16155683994293213,0.003113966202363372
2.380000114440918,45.81996154785156,24.32001304626465,37.391963958740234,0.3049113154411316,0.002512990729883313
2.390000104904175,47.6436653137207,23.840084075927734,38.45814514160156,0.7582923173904419,0.00041941131348721683
2.4000000953674316,49.46491622924805,23.39217758178711,41.287715911865234,1.200114369392395,-0.0015437813708558679
2.4100000858306885,51.53108596801758,22.90245819091797,45.36688995361328,1.6322546005249023,-0.0011513165663927794
2.4200000762939453,53.3343391418457,22.48566436767578,47.90742874145508,2.056896924972534,-0.003060833550989628
2.430000066757202,54.87397766113281,22.06886863708496,53.70486068725586,2.4726765155792236,-0.0016226654406636953
2.440000057220459,55.90402603149414,21.284996032714844,57.49970626831055,2.8826308250427246,-0.00258991913869977
2.450000047683716,56.254581451416016,20.475261688232422,61.70637893676758,3.2963523864746094,-0.0020132828503847122
2.4600000381469727,55.75421905517578,19.930770874023438,68.5213623046875,3.7136919498443604,-0.0005767449038103223
2.4700000286102295,53.950965881347656,19.09718132019043,72.62530517578125,4.123166084289551,-0.001462506945244968
2.4800000190734863,51.34984588623047,19.222543716430664,73.61641693115234,4.527667999267578,0.0005502328276634216
2.490000009536743,47.40084457397461,19.313356399536133,78.6832046508789,4.931093692779541,0.0010465724626556039
2.5,42.333457946777344,19.5078182220459,84.17731475830078,5.322465419769287,0.0011280643520876765
2.509999990463257,36.453948974609375,20.007970809936523,85.85940551757812,5.730459213256836,0.0025891584809869528
2.5199999809265137,29.541473388671875,20.50812530517578,84.68685150146484,6.1461334228515625,0.0021479076240211725
2.5299999713897705,22.360706329345703,21.23151969909668,84.73548126220703,6.5688581466674805,0.0030847375746816397
2.5399999618530273,15.922649383544922,21.390653610229492,84.42699432373047,6.993093967437744,0.0021483420860022306
2.549999952316284,9.911800384521484,21.422286987304688,81.98067474365234,7.418797969818115,0.0031120101921260357
2.559999942779541,4.034863471984863,21.730960845947266,77.22663116455078,7.847087383270264,0.002505167620256543
2.569999933242798,-1.0743578672409058,21.89767837524414,75.4677963256836,8.27965259552002,0.0006349843461066484
2.5799999237060547,-5.371694087982178,21.614025115966797,73.18103790283203,8.71603775024414,0.0025883980561047792
2.5899999141693115,-8.598902702331543,21.226205825805664,71.34591674804688,9.14880084991455,0.002036861376836896
2.5999999046325684,-11.303784370422363,20.87682342529297,69.9405517578125,9.577156066894531,0.0011313239810988307
2.609999895095825,-14.126102447509766,20.574630737304688,68.9512710571289,10.004871368408203,0.0026447903364896774
2.619999885559082,-17.58234214782715,19.991117477416992,68.9512710571289,10.421895027160645,0.00319665321148932
2.630000114440918,-20.219682693481445,19.937576293945312,65.5788803100586,10.836711883544922,0.004272019490599632
2.640000104904175,-23.17112159729004,19.60738182067871,65.6072998046875,11.255508422851562,0.0058708894066512585
2.6500000953674316,-26.574542999267578,19.00416374206543,66.4339828491211,11.669301986694336,0.008079643361270428
2.6600000858306885,-30.208044052124023,18.226579666137695,65.55609130859375,12.081792831420898,0.012208998203277588
2.6700000762939453,-33.213470458984375,17.30963134765625,64.18810272216797,12.483356475830078,0.01546541228890419
2.680000066757202,-35.80594253540039,17.461700439453125,60.49294662475586,12.876944541931152,0.02064112201333046
2.690000057220459,-38.561302185058594,17.37769317626953,56.7149658203125,13.272284507751465,0.02482828125357628
2.700000047683716,-40.84855651855469,17.232624053955078,52.83774948120117,13.672518730163574,0.029015440493822098
2.7100000381469727,-42.299617767333984,17.132347106933594,48.80097579956055,14.077637672424316,0.03299647942185402
2.7200000286102295,-43.50178909301758,16.5488338470459,45.08788299560547,14.486140251159668,0.03354942798614502
2.7300000190734863,-44.42631912231445,17.043413162231445,42.096923828125,14.881880760192871,0.03426992520689964
2.740000009536743,-44.71868133544922,16.95098114013672,37.316741943359375,15.2594575881958,0.029618915170431137
2.75,-45.361366271972656,16.748092651367188,32.819515228271484,15.640219688415527,0.025925269350409508
2.759999990463257,-46.81009292602539,16.906320571899414,29.95833396911621,16.01653480529785,0.02170812152326107
2.7699999809265137,-48.01226043701172,17.40647315979004,27.417797088623047,16.39072608947754,0.01717815361917019
2.7799999713897705,-48.23451614379883,17.13007926940918,21.964412689208984,16.753599166870117,0.01563817448914051
2.7899999618530273,-49.309200286865234,17.48036766052246,18.300708770751953,17.10732078552246,0.014621700160205364
2.799999952316284,-50.55016326904297,17.929443359375,13.862748146057129,17.444625854492188,0.014098305255174637
2.809999942779541,-51.226497650146484,18.127405166625977,6.412554740905762,17.77439308166504,0.013574909418821335
2.819999933242798,-50.925960540771484,18.460840225219727,-4.531294822692871,18.106903076171875,0.013020874001085758
2.8299999237060547,-50.34310531616211,18.715972900390625,-16.209436416625977,18.437328338623047,0.012004833668470383
2.8399999141693115,-47.04111099243164,19.138925552368164,-29.28594970703125,18.76499366760254,0.011141998693346977
2.8499999046325684,-40.4015998840332,19.639080047607422,-42.53266525268555,19.102157592773438,0.004489656537771225
2.859999895095825,-29.970252990722656,20.18804359436035,-55.00648880004883,19.43724250793457,-0.008102896623313427
2.869999885559082,-14.943129539489746,20.93827247619629,-66.53661346435547,19.77168846130371,-0.021125398576259613
2.880000114440918,5.91933012008667,20.82004165649414,-71.4034194946289,20.12298583984375,-0.03269409015774727
2.890000104904175,29.62876319885254,20.76987075805664,-63.87602615356445,20.483240127563477,-0.03647302836179733
2.9000000953674316,51.780330657958984,20.581892013549805,-43.064537048339844,20.814884185791016,-0.03347793594002724
2.9100000858306885,67.42069244384766,20.18201446533203,-10.677181243896484,21.12860679626465,-0.024548601359128952
2.9200000762939453,70.12557220458984,19.84857749938965,28.407995223999023,21.432403564453125,-0.015222675167024136
2.930000066757202,58.62456512451172,19.594741821289062,56.483070373535156,21.727140426635742,-0.007499095983803272
2.940000057220459,42.2038688659668,19.285743713378906,74.92118072509766,22.01642608642578,-0.0019334210082888603
2.950000047683716,23.95210838317871,18.952308654785156,83.4813232421875,22.302034378051758,0.0008117672987282276
2.9600000381469727,6.7906928062438965,18.636438369750977,83.16082763671875,22.571449279785156,0.005329348612576723
2.9700000286102295,-5.982361316680908,18.386362075805664,76.51634979248047,22.818172454833984,0.007222241256386042
2.9800000190734863,-14.415543556213379,18.13628578186035,70.05999755859375,23.062301635742188,0.01399399433284998
2.990000009536743,-19.99579429626465,18.124488830566406,63.471290588378906,23.31501007080078,0.020534638315439224
3,-24.013154983520508,18.091171264648438,55.732669830322266,23.56789207458496,0.030872149392962456
3.009999990463257,-27.04253387451172,17.924453735351562,47.38360595703125,23.822866439819336,0.03898482397198677
3.0199999809265137,-28.545246124267578,17.757734298706055,41.325401306152344,24.081222534179688,0.042745403945446014
3.0299999713897705,-29.90212631225586,18.31907844543457,37.353363037109375,24.335460662841797,0.039897967129945755
3.0399999618530273,-31.68878746032715,18.119754791259766,36.97421646118164,24.577085494995117,0.03351813554763794
3.049999952316284,-33.713592529296875,18.015005111694336,35.077701568603516,24.81196403503418,0.02583291195333004
3.059999942779541,-36.157432556152344,18.197540283203125,29.77552032470703,25.04239845275879,0.020731955766677856
3.069999933242798,-39.763938903808594,17.864103317260742,23.71731948852539,25.256162643432617,0.017691658809781075
3.0799999237060547,-43.81144332885742,18.019933700561523,15.173894882202148,25.45731544494629,0.016255339607596397
3.0899999141693115,-47.10070037841797,18.308382034301758,5.718990325927734,25.65110969543457,0.016543710604310036
3.0999999046325684,-48.150028228759766,18.360498428344727,-7.915233135223389,25.836956024169922,0.013167559169232845
3.109999895095825,-45.69123840332031,18.207977294921875,-25.561765670776367,26.023088455200195,0.005687586963176727
3.119999885559082,-38.62849044799805,18.37469482421875,-42.75924301147461,26.207984924316406,-0.011720046401023865
3.130000114440918,-20.897655487060547,18.459218978881836,-57.83712387084961,26.382593154907227,-0.030575519427657127
3.140000104904175,2.9727978706359863,18.173492431640625,-65.38579559326172,26.558258056640625,-0.04123726114630699
3.1500000953674316,29.337800979614258,18.28757667541504,-54.66624450683594,26.741838455200195,-0.038948312401771545
3.1600000858306885,51.398109436035156,18.994766235351562,-24.72003746032715,26.910839080810547,-0.026558514684438705
3.1700000762939453,58.76139831542969,19.828353881835938,14.560565948486328,27.07286834716797,-0.016682900488376617
3.180000066757202,46.41228103637695,20.164901733398438,45.68434143066406,27.23378562927246,-0.007992502301931381
3.190000057220459,28.336734771728516,20.74698829650879,64.51543426513672,27.386341094970703,-0.0022004968486726284
3.200000047683716,10.743783950805664,20.750099182128906,70.5165023803711,27.520132064819336,0.003975932020694017
3.2100000381469727,-2.970743179321289,20.104036331176758,67.29273223876953,27.63506317138672,0.008965514600276947
3.2200000286102295,-12.281949996948242,19.521560668945312,62.59856033325195,27.73583984375,0.018143124878406525
3.2300000190734863,-17.99225616455078,19.60491943359375,55.367801666259766,27.829919815063477,0.031263090670108795
3.240000009536743,-22.23058319091797,19.185791015625,47.84253692626953,27.922164916992188,0.04427288472652435
3.25,-25.683547973632812,18.812944412231445,41.702579498291016,28.00459861755371,0.048347800970077515
3.259999990463257,-28.684532165527344,18.624771118164062,37.817161560058594,28.094730377197266,0.04321218654513359
3.2699999809265137,-31.248958587646484,18.37936019897461,36.20816421508789,28.168418884277344,0.03236301615834236
3.2799999713897705,-34.85546875,18.629438400268555,29.759109497070312,28.2454776763916,0.023679137229919434
3.2899999618530273,-38.9195671081543,18.879514694213867,22.714963912963867,28.321487426757812,0.018207775428891182
3.299999952316284,-43.28140640258789,19.086809158325195,15.383909225463867,28.390724182128906,0.01667344570159912
3.309999942779541,-47.11215591430664,19.143009185791016,6.092214107513428,28.435447692871094,0.015554727055132389
3.319999933242798,-48.99626922607422,18.888654708862305,-8.462910652160645,28.466699600219727,0.012992189265787601
3.3299999237060547,-46.89247512817383,18.388500213623047,-28.396352767944336,28.478172302246094,0.0032622809521853924
3.3399999141693115,-36.69903564453125,18.01656150817871,-49.83271789550781,28.47585105895996,-0.0177460964769125
3.3499999046325684,-17.264970779418945,17.68312644958496,-69.48046875,28.46450424194336,-0.038855087012052536
3.359999895095825,11.179407119750977,17.486202239990234,-77.36102294921875,28.43821144104004,-0.047034915536642075
3.369999885559082,46.50272750854492,17.679885864257812,-58.6718635559082,28.405303955078125,-0.03822118788957596
3.380000114440918,64.53527069091797,18.930269241333008,-12.160504341125488,28.383058547973633,-0.023749763146042824
3.390000104904175,57.93677520751953,20.569185256958008,28.8856201171875,28.351791381835938,-0.012080023996531963
3.4000000953674316,39.256168365478516,21.526323318481445,55.6513671875,28.314483642578125,-0.005386718548834324
3.4100000858306885,17.675189971923828,21.659399032592773,65.60411071777344,28.282752990722656,-0.00022687326418235898
3.4200000762939453,0.37320035696029663,21.457290649414062,61.46186828613281,28.22670555114746,0.004369048867374659
3.430000066757202,-8.643072128295898,20.206905364990234,56.185367584228516,28.158313751220703,0.01464897207915783
3.440000057220459,-14.122245788574219,19.610559463500977,48.76222229003906,28.081096649169922,0.029490917921066284
3.450000047683716,-18.227245330810547,19.193763732910156,42.42744827270508,27.982372283935547,0.04620065540075302
3.4600000381469727,-21.810617446899414,18.8491153717041,38.105587005615234,27.865846633911133,0.054681893438100815
3.4700000286102295,-25.014923095703125,18.682397842407227,35.23741912841797,27.731103897094727,0.0505656860768795
3.4800000190734863,-29.372787475585938,18.51567840576172,33.86943435668945,27.58294105529785,0.04054555669426918
3.490000009536743,-34.56415557861328,18.745271682739258,29.868980407714844,27.424606323242188,0.02989555150270462
3.5,-40.38290023803711,18.44346809387207,23.264009475708008,27.253585815429688,0.02369087189435959
3.509999990463257,-46.27689743041992,17.807451248168945,13.78235912322998,27.086084365844727,0.018571337684988976
3.5199999809265137,-51.46394348144531,17.62063980102539,1.0112930536270142,26.917348861694336,0.01506055984646082
3.5299999713897705,-55.220726013183594,17.037126541137695,-16.96788787841797,26.729982376098633,0.013260242529213428
3.5399999618530273,-55.731014251708984,16.453615188598633,-39.325462341308594,26.526002883911133,0.007818869315087795
3.549999952316284,-48.62736892700195,15.133743286132812,-67.09234619140625,26.31989288330078,-0.007530497387051582
3.559999942779541,-30.384841918945312,12.861660957336426,-96.0431900024414,26.10102081298828,-0.03110380284488201
3.569999933242798,1.798206090927124,9.894057273864746,-117.55614471435547,25.869510650634766,-0.04705696925520897
3.5799999237060547,52.13906478881836,8.893750190734863,-103.0946273803711,25.626312255859375,-0.045677803456783295
3.5899999141693115,84.9970474243164,11.664948463439941,-51.37089538574219,25.379961013793945,-0.03348369151353836
3.5999999046325684,87.11276245117188,16.63951873779297,6.804014205932617,25.131071090698242,-0.019625840708613396
3.609999895095825,64.90826416015625,21.60164451599121,50.59445571899414,24.881507873535156,-0.009510966017842293
3.619999885559082,35.6144905090332,24.067150115966797,65.53131866455078,24.644275665283203,-0.003792956005781889
3.630000114440918,13.073806762695312,23.56699562072754,61.622798919677734,24.424745559692383,0.0013226668816059828
3.640000104904175,-0.8864601850509644,22.72686004638672,52.772560119628906,24.209796905517578,0.005025981925427914
3.6500000953674316,-9.410788536071777,21.66795539855957,45.69011688232422,24.01162338256836,0.009490756317973137
3.6600000858306885,-14.21479320526123,20.527572631835938,40.24235534667969,23.823745727539062,0.017540520057082176
3.6700000762939453,-16.75865364074707,19.46776008605957,33.947391510009766,23.64356231689453,0.028088171035051346
3.680000066757202,-19.162992477416992,18.717527389526367,32.188560485839844,23.48806381225586,0.03932296484708786
3.690000057220459,-21.938570022583008,18.585100173950195,28.659496307373047,23.336883544921875,0.04641209915280342
3.700000047683716,-25.485485076904297,18.489166259765625,27.00004768371582,23.207416534423828,0.044157709926366806
3.7100000381469727,-30.083948135375977,18.43160629272461,26.040393829345703,23.087854385375977,0.03972868248820305
3.7200000286102295,-35.94919967651367,18.55204200744629,23.01600456237793,22.98186683654785,0.03248199447989464
3.7300000190734863,-43.61302947998047,18.1352481842041,18.91206169128418,22.89838218688965,0.026282312348484993
3.740000009536743,-51.90143585205078,17.302696228027344,11.721573829650879,22.83884048461914,0.02104836329817772
3.75,-59.966068267822266,15.948209762573242,1.9669959545135498,22.80571174621582,0.016099635511636734
3.759999990463257,-66.57145690917969,14.308968544006348,-11.988631248474121,22.79970932006836,0.014366033487021923
3.7699999809265137,-70.3340835571289,12.616250991821289,-31.90566062927246,22.812488555908203,0.010784194804728031
3.7799999713897705,-69.43244934082031,9.782047271728516,-55.747615814208984,22.861064910888672,0.007879717275500298
3.7899999618530273,-58.318111419677734,7.297549247741699,-83.52484130859375,22.93442153930664,0.0009812703356146812
3.799999952316284,-36.541404724121094,5.717618942260742,-107.09082794189453,23.029611587524414,-0.013521993532776833
3.809999942779541,-4.876360893249512,6.032256603240967,-117.97146606445312,23.139938354492188,-0.03203302621841431
3.819999933242798,33.18198776245117,9.159059524536133,-108.01689910888672,23.254941940307617,-0.0456504225730896
3.8299999237060547,61.58324432373047,15.077543258666992,-68.34544372558594,23.391077041625977,-0.046221841126680374
3.8399999141693115,66.31574249267578,20.99602699279785,-21.88894271850586,23.522335052490234,-0.03481331095099449
3.8499999046325684,56.32936477661133,24.768310546875,15.731907844543457,23.65207862854004,-0.018922731280326843
3.859999895095825,38.505516052246094,26.10840606689453,41.057796478271484,23.77557373046875,-0.00738794170320034
3.869999885559082,19.413591384887695,25.57402801513672,54.68138122558594,23.8907413482666,-0.0017987963510677218
3.880000114440918,2.883758068084717,24.74043846130371,55.85393524169922,24.002790451049805,0.0017384925158694386
3.890000104904175,-7.738758087158203,23.408187866210938,55.35640335083008,24.11271095275879,0.004001140594482422
3.9000000953674316,-15.715518951416016,22.092205047607422,51.49286651611328,24.222871780395508,0.00890868715941906
3.9100000858306885,-21.87383460998535,21.08087730407715,47.38147735595703,24.341230392456055,0.02093144878745079
3.9200000762939453,-26.616140365600586,20.460546493530273,46.05908966064453,24.50271224975586,0.02191109023988247
3.930000066757202,-30.8237361907959,19.54360008239746,41.955142974853516,24.50271224975586,0.033906470984220505
3.940000057220459,-34.38338851928711,18.842308044433594,38.69384002685547,24.577844619750977,0.04469338059425354
3.950000047683716,-35.7164306640625,18.585100173950195,37.48785400390625,24.649070739746094,0.046709489077329636
3.9600000381469727,-37.36754608154297,18.371387481689453,38.060455322265625,24.694995880126953,0.04143957421183586
3.9700000286102295,-41.98225021362305,17.77802276611328,38.83850860595703,24.72819709777832,0.030356252565979958
3.9800000190734863,-47.39201354980469,17.11115074157715,33.75743865966797,24.73880958557129,0.02416200377047062
3.990000009536743,-52.54026412963867,16.516813278198242,31.057035446166992,24.727136611938477,0.019144821912050247
4,-57.462520599365234,15.674020767211914,24.57849884033203,24.69463539123535,0.016614772379398346
4.010000228881836,-61.821556091308594,14.860784530639648,13.469161033630371,24.64298439025879,0.014826732687652111
4.019999980926514,-64.9358901977539,14.402634620666504,-1.5816712379455566,24.577505111694336,0.010770613327622414
4.03000020980835,-64.63534545898438,14.235916137695312,-19.365427017211914,24.496374130249023,0.007453025784343481
4.039999961853027,-60.11318588256836,14.508292198181152,-35.43350601196289,24.40291976928711,-0.003977236337959766
4.050000190734863,-50.83937072753906,15.366772651672363,-50.64754867553711,24.297117233276367,-0.02042250521481037
4.059999942779541,-36.364253997802734,16.72475814819336,-62.58995819091797,24.16226577758789,-0.03851477801799774
4.070000171661377,-17.0482120513916,18.536874771118164,-68.35699462890625,24.02302360534668,-0.04699992761015892
4.079999923706055,4.741114616394043,21.2877197265625,-64.64390563964844,23.868593215942383,-0.03909608721733093
4.090000152587891,24.667125701904297,23.447921752929688,-46.04531478881836,23.698570251464844,-0.025231067091226578
4.099999904632568,38.41191864013672,24.840909957885742,-19.04584503173828,23.510509490966797,-0.014373420737683773
4.110000133514404,43.92158889770508,25.419042587280273,11.636017799377441,23.31528663635254,-0.005488203838467598
4.119999885559082,40.60557556152344,25.0997371673584,40.93500900268555,23.110450744628906,-0.00234783417545259
4.130000114440918,29.936315536499023,23.349199295043945,61.845577239990234,22.89800453186035,0.0007027855608612299
4.139999866485596,15.91049575805664,21.449705123901367,73.50198364257812,22.679235458374023,0.0028413485269993544
4.150000095367432,2.163367509841919,19.96285629272461,77.87460327148438,22.444873809814453,0.00541323097422719
4.159999847412109,-9.479146003723145,18.97745704650879,77.99754333496094,22.1917724609375,0.007778015453368425
4.170000076293945,-18.248628616333008,18.393945693969727,76.1539077758789,21.924196243286133,0.013193202205002308
4.179999828338623,-25.611919403076172,17.81043243408203,70.48656463623047,21.647584915161133,0.020747821778059006
4.190000057220459,-29.860294342041016,17.22692108154297,63.41020202636719,21.35068130493164,0.030328109860420227
4.199999809265137,-32.589481353759766,16.970102310180664,56.945343017578125,21.036104202270508,0.03599418327212334
4.210000038146973,-34.63239669799805,17.02182960510254,53.1039924621582,20.732189178466797,0.040110062807798386
4.21999979019165,-36.53871536254883,17.21953010559082,52.2414436340332,20.41402816772461,0.03769551217556
4.230000019073486,-38.19169998168945,17.136171340942383,49.896331787109375,20.063377380371094,0.032122015953063965
4.239999771118164,-39.43488693237305,16.673938751220703,43.110069274902344,19.727415084838867,0.028181832283735275
4.25,-40.83570098876953,16.72475814819336,38.9793815612793,19.40939712524414,0.021839486435055733
4.260000228881836,-42.64865493774414,17.092613220214844,35.228450775146484,19.097614288330078,0.02003786340355873
4.269999980926514,-44.90272521972656,17.440698623657227,29.43436050415039,18.78624153137207,0.01603628881275654
4.28000020980835,-47.15679168701172,17.440698623657227,22.008176803588867,18.473264694213867,0.014082224108278751
4.289999961853027,-48.997554779052734,17.82281494140625,16.3736515045166,18.165470123291016,0.01351221464574337
4.300000190734863,-49.59490203857422,18.239608764648438,7.895876407623291,17.8510684967041,0.012465426698327065
4.309999942779541,-49.21560287475586,18.726537704467773,-3.961733341217041,17.53252410888672,0.011278144083917141
4.320000171661377,-47.97673797607422,19.31005096435547,-17.849735260009766,17.195959091186523,0.00861422996968031
4.329999923706055,-45.121585845947266,19.893564224243164,-28.989011764526367,16.84604263305664,0.005238621030002832
4.340000152587891,-38.09833526611328,20.0146484375,-43.01925277709961,16.489765167236328,-0.0005187226925045252
4.349999904632568,-28.60016441345215,20.154401779174805,-57.02092361450195,16.117076873779297,-0.006323331966996193
4.360000133514404,-15.827696800231934,20.106822967529297,-69.8076400756836,15.731704711914062,-0.012604070827364922
4.369999885559082,0.9267266392707825,19.75834846496582,-79.20328521728516,15.34006118774414,-0.018504949286580086
4.380000114440918,22.11496925354004,19.341552734375,-79.78955841064453,14.948122024536133,-0.020360570400953293
4.389999866485596,45.40478515625,18.380722045898438,-67.43927764892578,14.550562858581543,-0.019741777330636978
4.400000095367432,64.63108825683594,17.722667694091797,-46.661529541015625,14.146916389465332,-0.017932549118995667
4.409999847412109,76.79908752441406,17.695247650146484,-19.956417083740234,13.745711326599121,-0.013984977267682552
4.420000076293945,79.92720031738281,18.451313018798828,9.392115592956543,13.351385116577148,-0.012126637622714043
4.429999828338623,72.56391143798828,19.951772689819336,36.36088943481445,12.975953102111816,-0.007560486905276775
4.440000057220459,59.9734992980957,20.90365982055664,55.062049865722656,12.62441349029541,-0.004564846400171518
4.449999809265137,46.010196685791016,21.93598747253418,65.12177276611328,12.28444766998291,-0.003043013857677579
4.460000038146973,32.584991455078125,22.464468002319336,70.00894165039062,11.954566955566406,-0.001996224047616124
4.46999979019165,20.884170532226562,22.3957576751709,72.21272277832031,11.643281936645508,-0.0009494341793470085
4.480000019073486,11.116540908813477,22.72919273376465,71.43102264404297,11.330181121826172,-0.00009735557978274301
4.489999771118164,3.770428419113159,22.193452835083008,68.61163330078125,11.033063888549805,-0.000802640279289335
4.5,-2.916757583618164,21.784955978393555,68.55236053466797,10.741081237792969,0.0014720686012879014
4.510000228881836,-8.292167663574219,21.37619972229004,68.13567352294922,10.450665473937988,0.0006212937296368182
4.519999980926514,-12.502565383911133,20.7911319732666,66.58686065673828,10.161137580871582,0.0015698587521910667
4.53000020980835,-17.31124496459961,19.874181747436523,68.15026092529297,9.86871337890625,0.0016683009453117847
4.539999961853027,-20.109375,19.03689956665039,66.72544860839844,9.565168380737305,0.0028630795422941446
4.550000190734863,-23.13326072692871,18.203310012817383,66.82148742675781,9.243389129638672,0.0051834238693118095
4.559999942779541,-26.56519317626953,17.48464584350586,66.88470458984375,8.91274642944336,0.004907764494419098
4.570000171661377,-30.099489212036133,16.9363956451416,66.22700500488281,8.570313453674316,0.00700134364888072
4.579999923706055,-32.80437088012695,16.51959991455078,66.03157806396484,8.2122163772583,0.008945629931986332
4.590000152587891,-35.21969223022461,15.861869812011719,66.21272277832031,7.851863861083984,0.009469025768339634
4.599999904632568,-37.409027099609375,15.731710433959961,62.9129753112793,7.479085445404053,0.010092383250594139
4.610000133514404,-38.67008972167969,15.931940078735352,59.958030700683594,7.0938334465026855,0.011462206952273846
4.619999885559082,-38.97063064575195,16.15570068359375,59.06660842895508,6.707120418548584,0.011139608919620514
4.630000114440918,-39.271175384521484,15.988982200622559,58.48033142089844,6.316926956176758,0.012609177269041538
4.639999866485596,-39.133872985839844,16.46994972229004,54.09798812866211,5.917579174041748,0.013031739741563797
4.650000095367432,-37.67953872680664,16.54812240600586,51.15778732299805,5.513586521148682,0.012710444629192352
4.659999847412109,-36.297183990478516,16.74199867248535,48.71982955932617,5.11063289642334,0.014078095555305481
4.670000076293945,-35.27286148071289,17.18537139892578,46.97801208496094,4.700021266937256,0.013605441898107529
4.679999828338623,-33.3193359375,17.435447692871094,47.955142974853516,4.271944999694824,0.013707144185900688
4.690000057220459,-31.66004180908203,17.35909080505371,44.34052276611328,3.8399879932403564,0.014499135315418243
4.699999809265137,-30.775943756103516,17.458524703979492,40.77027893066406,3.4012391567230225,0.013031087815761566
4.710000038146973,-30.392553329467773,17.544734954833984,38.66815948486328,2.9604544639587402,0.012200632132589817
4.71999979019165,-30.454017639160156,17.623037338256836,38.44902801513672,2.533231496810913,0.008998436853289604
4.730000019073486,-31.205373764038086,17.95647430419922,39.42615509033203,2.1101784706115723,0.009736861102283001
4.739999771118164,-32.846435546875,18.125394821166992,38.86054611206055,1.6912833452224731,0.007746288087219
4.75,-33.38933181762695,17.922637939453125,36.83060836791992,1.2833855152130127,0.006751109380275011
4.760000228881836,-34.498138427734375,17.671005249023438,35.057186126708984,0.8902444839477539,0.006072554271668196
4.769999980926514,-36.857139587402344,17.504287719726562,34.411949157714844,0.5133624076843262,0.004030803684145212
4.78000020980835,-40.01283264160156,17.337570190429688,34.802799224853516,0.14909610152244568,0.002616431098431349
4.789999961853027,-42.72016906738281,17.17085075378418,36.7485466003418,-0.20917414128780365,0.00266847712919116
4.800000190734863,-44.86416244506836,16.75522232055664,37.53572082519531,-0.5630490779876709,0.00298325321637094
4.809999942779541,-46.7427864074707,16.33816909790039,37.04989242553711,-0.9150388240814209,0.0014653318794444203
4.820000171661377,-48.320281982421875,15.962989807128906,36.660560607910156,-1.2795957326889038,0.0005756583414040506
4.829999923706055,-49.22121047973633,15.46400260925293,39.19517135620117,-1.6485198736190796,0.0012040146393701434
4.840000152587891,-49.82229232788086,15.46400260925293,39.19517135620117,-2.0236475467681885,0.002616431098431349
4.849999904632568,-49.74330139160156,15.46400260925293,39.19517135620117,-2.40214204788208,0.002721827244386077
4.860000133514404,-48.68205642700195,15.590597152709961,40.28338623046875,-2.7827377319335938,0.0035573900677263737
4.869999885559082,-46.99518585205078,15.905234336853027,41.82764434814453,-3.1721081733703613,0.002722261706367135
4.880000114440918,-45.63211441040039,16.404544830322266,41.66184997558594,-3.5587539672851562,0.0037690517492592335
4.889999866485596,-43.2277717590332,16.821340560913086,44.39781188964844,-3.9478933811187744,0.004762709140777588
4.900000095367432,-40.59440231323242,17.301658630371094,42.36817932128906,-4.335476875305176,0.005286103580147028
4.909999847412109,-37.503326416015625,17.67327308654785,41.76351547241211,-4.716700077056885,0.00548939872533083
4.920000076293945,-34.446720123291016,17.967687606811523,42.66587829589844,-5.099426746368408,0.0031397175043821335
4.929999828338623,-32.490509033203125,18.37851905822754,40.14631271362305,-5.487283706665039,0.0031932848505675793
4.940000057220459,-30.38671112060547,18.461877822875977,38.7783317565918,-5.874445915222168,0.003555651754140854
4.949999809265137,-28.74564552307129,18.545236587524414,39.2156867980957,-6.267461776733398,0.0027240002527832985
4.960000038146973,-28.10541534423828,18.62859535217285,38.05148696899414,-6.6481170654296875,0.003339644055813551
4.96999979019165,-28.05002784729004,18.711956024169922,36.315452575683594,-7.017282009124756,0.0007392939296551049
4.980000019073486,-27.49135971069336,18.786758422851562,38.32487487792969,-7.370845794677734,0.0027246521785855293
4.989999771118164,-28.543258666992188,18.536680221557617,42.42881393432617,-7.715943813323975,0.003717222949489951
5,-29.47830581665039,18.545883178710938,44.70918655395508,-8.066228866577148,0.004349273629486561
5.010000228881836,-30.061628341674805,18.40852928161621,48.12382125854492,-8.425362586975098,0.005647275131195784
5.019999980926514,-30.31987190246582,18.0516300201416,52.95446014404297,-8.78996753692627,0.00498230243101716
5.03000020980835,-30.470142364501953,17.632047653198242,57.68388748168945,-9.16419506072998,0.007489968556910753
5.039999961853027,-30.620412826538086,17.131893157958984,63.546661376953125,-9.546769142150879,0.009060152806341648
5.050000190734863,-29.70850372314453,16.56627082824707,69.2559585571289,-9.938507080078125,0.01079495158046484
5.059999942779541,-27.86037826538086,16.11713218688965,75.55335235595703,-10.334513664245605,0.013660421594977379
5.070000171661377,-24.977880477905273,15.880148887634277,81.0365219116211,-10.72413158416748,0.014404171146452427
5.079999923706055,-20.914363861083984,15.904197692871094,83.17815399169922,-11.114509582519531,0.016910750418901443
5.090000152587891,-16.706771850585938,16.48771095275879,85.13240814208984,-11.49693489074707,0.0184809360653162
5.099999904632568,-12.618365287780762,17.00510597229004,86.9316635131836,-11.874350547790527,0.020106535404920578
5.110000133514404,-7.987651824951172,17.687015533447266,86.77301788330078,-12.25397777557373,0.02231116220355034
5.119999885559082,-2.4766945838928223,18.520605087280273,85.07223510742188,-12.604818344116211,0.025618424639105797
5.130000114440918,3.9776062965393066,19.38686180114746,83.3939437866211,-12.949959754943848,0.030050277709960938
5.139999866485596,10.288997650146484,20.8873233795166,79.48542022705078,-13.282156944274902,0.03214385733008385
5.150000095367432,17.8039608001709,22.0539608001709,74.32472229003906,-13.602940559387207,0.033957649022340775
5.159999847412109,25.451900482177734,23.09153938293457,66.58381652832031,-13.910566329956055,0.033153921365737915
5.170000076293945,32.82804489135742,24.01561737060547,56.94838333129883,-14.220365524291992,0.029788851737976074
5.179999828338623,39.822547912597656,24.718528747558594,46.811004638671875,-14.532127380371094,0.024442335590720177
5.190000057220459,45.683128356933594,24.635169982910156,30.59065818786621,-14.836962699890137,0.018161596730351448
5.199999809265137,47.89793395996094,24.68663787841797,10.735325813293457,-15.14148235321045,0.011993859894573689
5.210000038146973,46.55437469482422,24.629789352416992,-9.651119232177734,-15.447850227355957,0.00715617835521698
5.21999979019165,41.21916198730469,24.176437377929688,-29.718894958496094,-15.76335334777832,0.005699430592358112
5.230000019073486,31.40291976928711,23.0981502532959,-49.198265075683594,-16.064720153808594,0.005005554296076298
5.239999771118164,16.52606964111328,22.097843170166016,-62.096378326416016,-16.363889694213867,0.00319665321148932
5.25,1.0357489585876465,21.02947425842285,-68.93111419677734,-16.65768814086914,0.0033777824137359858
5.260000228881836,-13.396596908569336,19.89842414855957,-71.95915222167969,-16.94824981689453,0.0006465018959715962
5.269999980926514,-26.584007263183594,18.731399536132812,-70.12646484375,-17.235694885253906,-0.002902739215642214
5.28000020980835,-38.741371154785156,17.61260223388672,-61.748985290527344,-17.50575065612793,-0.0055197132751345634
5.289999961853027,-46.85601806640625,17.11244773864746,-51.195987701416016,-17.774248123168945,-0.008424082770943642
5.300000190734863,-52.86499786376953,16.68100357055664,-38.87108612060547,-18.046825408935547,-0.013773207552731037
5.309999942779541,-56.433528900146484,16.456336975097656,-26.506221771240234,-18.317886352539062,-0.020169338211417198
5.320000171661377,-57.79765319824219,16.37297821044922,-14.197430610656738,-18.596899032592773,-0.026803206652402878
5.329999923706055,-57.502952575683594,16.30297088623047,-1.7608367204666138,-18.894451141357422,-0.027618343010544777
5.340000152587891,-55.5494270324707,16.386329650878906,7.619605541229248,-19.197532653808594,-0.025875287130475044
5.349999904632568,-51.970497131347656,16.677762985229492,19.113868713378906,-19.517738342285156,-0.018315235152840614
5.360000133514404,-47.449153900146484,16.816478729248047,28.067596435546875,-19.851499557495117,-0.009127085097134113
5.369999885559082,-42.591163635253906,16.816478729248047,33.85712814331055,-20.200529098510742,-0.0017412088345736265
5.380000114440918,-37.998775482177734,16.84577751159668,37.501529693603516,-20.522510528564453,0.005642060190439224
5.389999866485596,-34.09172821044922,17.17921257019043,40.432918548583984,-20.82443618774414,0.009247258305549622
5.400000095367432,-30.563274383544922,17.232624053955078,41.88721466064453,-21.1164493560791,0.012035583145916462
5.409999847412109,-27.195959091186523,17.3806095123291,45.37266540527344,-21.392940521240234,0.012035583145916462
5.420000076293945,-24.56142234802246,17.745288848876953,48.707366943359375,-21.652469635009766,0.012447823770344257
5.429999828338623,-23.06525421142578,18.320829391479492,49.081199645996094,-21.900272369384766,0.01622958853840828
5.440000057220459,-20.210100173950195,18.820981979370117,52.989715576171875,-22.135604858398438,0.02147212065756321
5.449999809265137,-16.845474243164062,19.321136474609375,58.88592529296875,-22.361541748046875,0.031248532235622406
5.460000038146973,-11.67747688293457,19.871265411376953,65.49104309082031,-22.587520599365234,0.043513379991054535
5.46999979019165,-3.728759765625,20.396181106567383,72.39964294433594,-22.81618309020996,0.052506931126117706
5.480000019073486,7.862689971923828,20.830219268798828,78.48504638671875,-23.06182098388672,0.0525289848446846
5.489999771118164,24.843338012695312,21.41373062133789,76.33535766601562,-23.314001083374023,0.04013299196958542
5.5,44.26618576049805,22.139846801757812,61.98295211791992,-23.579174041748047,0.02495453879237175
5.510000228881836,58.90010070800781,22.48508071899414,35.953773498535156,-23.81818962097168,0.010733995586633682
5.519999980926514,63.63820266723633,22.628334045410156,1.0406215190887451,-24.04720115661621,0.004229752346873283
5.53000020980835,54.804100036621094,22.748640060424805,-37.218326568603516,-24.27227020263672,0.00028293963987380266
5.539999961853027,30.61043357849121,21.83169174194336,-64.18710327148438,-24.489370346069336,-0.001931030536070466
5.550000190734863,3.9523661136627197,21.058645248413086,-72.93840789794922,-24.687822341918945,-0.0054332236759364605
5.559999942779541,-18.567399978637695,19.898231506347656,-69.66571044921875,-24.8702392578125,-0.011774375103414059
5.570000171661377,-36.101924896240234,18.817676544189453,-57.73530578613281,-25.03542137145996,-0.0190021563321352
5.579999923706055,-48.99720764160156,18.27785301208496,-40.66350555419922,-25.189006805419922,-0.02940942533314228
5.590000152587891,-55.008052825927734,17.444263458251953,-23.07517433166504,-25.3491268157959,-0.03844285011291504
5.599999904632568,-57.48530578613281,16.973669052124023,-7.359043121337891,-25.51723861694336,-0.039136942476034164
5.610000133514404,-57.47327423095703,16.97224235534668,7.836153984069824,-25.682079315185547,-0.02876574732363224
5.619999885559082,-54.863040924072266,17.06610107421875,20.54005241394043,-25.843231201171875,-0.014974287711083889
5.630000114440918,-50.07551193237305,16.994474411010742,29.111286163330078,-26.00868034362793,-0.0005910874460823834
5.639999866485596,-46.46900177001953,17.577987670898438,36.1466178894043,-26.164249420166016,0.007415539585053921
5.650000095367432,-41.54206848144531,17.722017288208008,41.636474609375,-26.305444717407227,0.012342535890638828
5.659999847412109,-37.190982818603516,17.857946395874023,44.201629638671875,-26.43390655517578,0.014713513664901257
5.670000076293945,-33.51389694213867,18.056556701660156,46.52455520629883,-26.559694290161133,0.015729771926999092
5.679999828338623,-30.025989532470703,18.340274810791016,51.124507904052734,-26.66958236694336,0.02111920528113842
5.690000057220459,-25.36758041381836,18.840429306030273,56.40100860595703,-26.76226234436035,0.0325763076543808
5.699999809265137,-20.309541702270508,19.85784912109375,60.6380729675293,-26.84624671936035,0.05092305690050125
5.710000038146973,-13.37755012512207,21.15438461303711,67.23726654052734,-26.925189971923828,0.06346866488456726
5.71999979019165,-3.0081355571746826,22.40878677368164,72.80857849121094,-27.002761840820312,0.05815300717949867
5.730000019073486,11.887177467346191,23.432817459106445,72.73198699951172,-27.083066940307617,0.03663155436515808
5.739999771118164,31.422435760498047,24.599842071533203,61.592708587646484,-27.150100708007812,0.01583397202193737
5.75,47.32944869995117,25.170520782470703,34.550384521484375,-27.210365295410156,0.004857999738305807
5.760000228881836,51.252044677734375,25.0242862701416,-2.328423500061035,-27.255695343017578,0.0016550448490306735
5.769999980926514,40.711090087890625,24.02631378173828,-39.67300033569336,-27.288862228393555,-0.0018206363311037421
5.78000020980835,17.08053207397461,22.213224411010742,-67.76372528076172,-27.30553436279297,-0.004479443188756704
5.789999961853027,-11.020186424255371,20.04589080810547,-76.7533187866211,-27.32485580444336,-0.011472311802208424
5.800000190734863,-34.10563278198242,18.028942108154297,-68.29134368896484,-27.32464599609375,-0.02041381224989891
5.809999942779541,-49.47243881225586,16.737009048461914,-52.18268966674805,-27.310869216918945,-0.0333724245429039
5.820000171661377,-58.481468200683594,16.12458610534668,-33.11027908325195,-27.29323387145996,-0.04382957145571709
5.829999923706055,-62.839569091796875,15.957868576049805,-14.616698265075684,-27.275102615356445,-0.04132581502199173
5.840000152587891,-62.388755798339844,15.79115104675293,1.4082235097885132,-27.256071090698242,-0.027923667803406715
5.849999904632568,-59.477046966552734,16.155311584472656,15.299569129943848,-27.22927474975586,-0.0122853834182024
5.860000133514404,-55.028621673583984,16.241132736206055,26.263629913330078,-27.187694549560547,0.0018743121763691306
5.869999885559082,-49.73290252685547,16.330196380615234,33.980064392089844,-27.140474319458008,0.008550884202122688
5.880000114440918,-44.29731369018555,16.718860626220703,39.093509674072266,-27.07387924194336,0.0141165591776371
5.889999866485596,-39.4886360168457,17.385730743408203,44.3700065612793,-26.978689193725586,0.018239719793200493
5.900000095367432,-34.12841796875,17.899625778198242,49.108551025390625,-26.884614944458008,0.02267276681959629
5.909999847412109,-28.51743507385254,18.51140022277832,53.14456558227539,-26.778318405151367,0.033066779375076294
5.920000076293945,-22.68045997619629,19.35393524169922,56.77529525756836,-26.6484375,0.046932343393564224
5.929999828338623,-16.330860137939453,20.495420455932617,60.15740966796875,-26.51691436767578,0.060894500464200974
5.940000057220459,-8.366485595703125,21.912521362304688,62.89337158203125,-26.387331008911133,0.06046390160918236
5.949999809265137,3.3523335456848145,23.406761169433594,62.01258850097656,-26.25749969482422,0.04490374028682709
5.960000038146973,17.40958595275879,24.9072208404541,57.266292572021484,-26.124977111816406,0.023309707641601562
5.96999979019165,33.27523422241211,25.870969772338867,44.358150482177734,-25.991497039794922,0.006024310830980539
5.980000019073486,47.83272933959961,25.728364944458008,19.639209747314453,-25.855318069458008,0.0005232862313278019
5.989999771118164,51.439239501953125,23.81110954284668,-19.641393661499023,-25.704551696777344,0.0003931166138499975
6,36.11578369140625,20.88265609741211,-58.01021194458008,-25.53769302368164,-0.0007188666495494545
6.010000228881836,11.097027778625488,17.767520904541016,-78.77535247802734,-25.362276077270508,-0.0029420724604278803
6.019999980926514,-16.638647079467773,15.547037124633789,-82.08361053466797,-25.175294876098633,-0.009615384042263031
6.03000020980835,-40.89167404174805,14.656990051269531,-71.59078979492188,-24.978219985961914,-0.015765845775604248
6.039999961853027,-56.36960983276367,14.240194320678711,-53.80703353881836,-24.764596939086914,-0.024729184806346893
6.050000190734863,-61.384647369384766,14.450860977172852,-33.8167610168457,-24.543682098388672,-0.033032771199941635
6.059999942779541,-62.723182678222656,15.047467231750488,-15.177294731140137,-24.328292846679688,-0.0328977108001709
6.070000171661377,-60.784847259521484,15.797697067260742,0.28110527992248535,-24.12569808959961,-0.027395708486437798
6.079999923706055,-56.22003936767578,16.51512908935547,11.977785110473633,-23.936349868774414,-0.016536539420485497
6.090000152587891,-50.81027603149414,17.09864044189453,21.16280174255371,-23.761150360107422,-0.006724380422383547
6.099999904632568,-45.4005126953125,17.44491195678711,27.010684967041016,-23.602474212646484,0.0018419327680021524
6.110000133514404,-40.096031188964844,17.836750030517578,31.308837890625,-23.45849609375,0.00772433914244175
6.119999885559082,-35.720638275146484,18.1780948638916,33.78372573852539,-23.323320388793945,0.011130698025226593
6.130000114440918,-32.199546813964844,18.411123275756836,35.40032196044922,-23.194133758544922,0.016364647075533867
6.139999866485596,-27.84168243408203,18.57784080505371,39.50426483154297,-23.0649471282959,0.021665310487151146
6.150000095367432,-23.483816146850586,19.063474655151367,42.11288070678711,-22.935758590698242,0.027756771072745323
6.159999847412109,-18.593690872192383,19.740781784057617,47.00688552856445,-22.820125579833984,0.03613109141588211
6.170000076293945,-13.276941299438477,20.529386520385742,50.80051803588867,-22.70142936706543,0.04417020455002785
6.179999828338623,-6.9831953048706055,21.36297607421875,52.74930953979492,-22.60410499572754,0.048987459391355515
6.190000057220459,2.0330774784088135,22.196565628051758,56.85325241088867,-22.517118453979492,0.046206630766391754
6.199999809265137,15.251336097717285,22.869400024414062,56.246307373046875,-22.4404239654541,0.034676406532526016
6.210000038146973,32.176944732666016,22.99897575378418,51.26583480834961,-22.383750915527344,0.01976785622537136
6.21999979019165,50.7210693359375,22.05713653564453,36.570899963378906,-22.354290008544922,0.007561572827398777
6.230000019073486,66.23114013671875,19.974782943725586,8.815411567687988,-22.35487937927246,0.0015516045968979597
6.239999771118164,70.13819122314453,17.307296752929688,-32.810302734375,-22.377172470092773,-0.0021609461400657892
6.25,49.21426773071289,14.558786392211914,-69.11727142333984,-22.407804489135742,-0.002480611437931657
6.260000228881836,18.872102737426758,14.040807723999023,-85.74700927734375,-22.450658798217773,-0.0019099513301625848
6.269999980926514,-10.14029312133789,14.8502836227417,-84.42279815673828,-22.48564910888672,-0.0045269257389009
6.28000020980835,-31.362890243530273,16.146041870117188,-69.61009216308594,-22.507110595703125,-0.0076215509325265884
6.289999961853027,-43.53485870361328,17.313068389892578,-48.30867004394531,-22.50937843322754,-0.013970634900033474
6.300000190734863,-47.609004974365234,17.908376693725586,-29.30494499206543,-22.50225257873535,-0.020911673083901405
6.309999942779541,-47.66754913330078,18.674877166748047,-11.492620468139648,-22.478174209594727,-0.02848834916949272
6.320000171661377,-45.07952117919922,18.984329223632812,0.9851552248001099,-22.440706253051758,-0.03300962597131729
6.329999923706055,-41.2078742980957,18.636051177978516,9.22890567779541,-22.390762329101562,-0.02845173329114914
6.340000152587891,-37.45109558105469,17.969179153442383,20.759031295776367,-22.337705612182617,-0.018190499395132065
6.349999904632568,-34.43632125854492,18.125524520874023,24.569381713867188,-22.278108596801758,-0.009223788976669312
6.360000133514404,-31.31977081298828,17.98402214050293,27.848920822143555,-22.210765838623047,-0.000493731873575598
6.369999885559082,-28.31177520751953,17.938777923583984,32.7044792175293,-22.141613006591797,0.0039702826179564
6.380000114440918,-25.639495849609375,18.085206985473633,38.39766311645508,-22.073152542114258,0.00983508676290512
6.389999866485596,-23.53569793701172,18.16856575012207,41.13362503051758,-22.009700775146484,0.012836594134569168
6.400000095367432,-22.030181884765625,18.251924514770508,47.56535720825195,-21.9284725189209,0.015138792805373669
6.409999847412109,-20.078290939331055,17.7746524810791,53.86837387084961,-21.828462600708008,0.018872207030653954
6.420000076293945,-17.149288177490234,17.648771286010742,60.609806060791016,-21.701539993286133,0.023477906361222267
6.429999828338623,-13.015077590942383,17.877134323120117,67.93872833251953,-21.551488876342773,0.030735569074749947
6.440000057220459,-7.740627288818359,17.544475555419922,75.5645980834961,-21.391977310180664,0.03746972978115082
6.449999809265137,2.3275439739227295,17.461116790771484,84.55419158935547,-21.216373443603516,0.04297955706715584
6.460000038146973,16.139991760253906,17.00011444091797,90.59263610839844,-21.013858795166016,0.04230969026684761
6.46999979019165,33.5289192199707,16.881492614746094,87.15277099609375,-20.80622673034668,0.03379477187991142
6.480000019073486,51.891456604003906,17.4307804107666,72.08734893798828,-20.585935592651367,0.0243032556027174
6.489999771118164,66.2959976196289,18.60234260559082,47.32114791870117,-20.355113983154297,0.014429270289838314
6.5,65.09382629394531,20.1861629486084,9.60395336151123,-20.124418258666992,0.005996929947286844
6.510000228881836,50.823665618896484,22.215103149414062,-19.466787338256836,-19.881608963012695,0.003832615213468671
6.519999980926514,30.634037017822266,23.73876953125,-38.20365905761719,-19.64501953125,0.0014990151394158602
6.53000020980835,9.255561828613281,24.32221794128418,-45.82450866699219,-19.440248489379883,0.0010465724626556039
6.539999961853027,-10.442821502685547,23.979448318481445,-42.63204574584961,-19.238733291625977,0.0009044507169164717
6.550000190734863,-22.915332794189453,23.145858764648438,-35.98756790161133,-19.04835319519043,-0.00042701722122728825
6.559999942779541,-32.377044677734375,21.79837417602539,-25.578176498413086,-18.856914520263672,-0.0036386647261679173
6.570000171661377,-39.293495178222656,20.428590774536133,-16.0904483795166,-18.661537170410156,-0.0070882681757211685
6.579999923706055,-44.41451644897461,19.40702247619629,-8.146978378295898,-18.464618682861328,-0.009682316333055496
6.590000152587891,-48.67702865600586,18.99463653564453,0.6316865682601929,-18.267438888549805,-0.01529645174741745
6.599999904632568,-49.42838668823242,18.74456024169922,8.839573860168457,-18.0695743560791,-0.019648443907499313
6.610000133514404,-50.881553649902344,17.52120590209961,12.788209915161133,-17.858272552490234,-0.021526558324694633
6.619999885559082,-51.41883850097656,16.197574615478516,18.011520385742188,-17.628076553344727,-0.021690301597118378
6.630000114440918,-51.519447326660156,15.312906265258789,25.106725692749023,-17.384536743164062,-0.018948372453451157
6.639999866485596,-52.95018005371094,15.146188735961914,31.186508178710938,-17.12708854675293,-0.012216386385262012
6.650000095367432,-52.34909439086914,14.979470252990723,32.359066009521484,-16.85226058959961,-0.006007904186844826
6.659999847412109,-50.684776306152344,14.681685447692871,37.987056732177734,-16.569238662719727,0.000038898771890671924
6.670000076293945,-49.13555908203125,14.572528839111328,43.354732513427734,-16.27016258239746,0.006802720949053764
6.679999828338623,-47.49753189086914,14.680066108703613,47.68540573120117,-15.614029884338379,0.007093049120157957
6.690000057220459,-44.67275619506836,14.86428451538086,52.48078536987305,-15.57581615447998,0.009332009591162205
6.699999809265137,-39.11272430419922,15.447796821594238,55.21675109863281,-15.280863761901855,0.01196278352290392
6.710000038146973,-37.96699523925781,15.568038940429688,55.78053665161133,-14.930461883544922,0.011366480961441994
6.71999979019165,-35.67015838623047,16.569124221801758,56.84732437133789,-14.567813873291016,0.010611757636070251
6.730000019073486,-31.775842666625977,17.93132209777832,58.16136169433594,-14.194422721862793,0.011512297205626965
6.739999771118164,-28.567798614501953,18.210439682006836,57.9659309387207,-13.814069747924805,0.01173199899494648
6.75,-24.36020278930664,19.044029235839844,57.7705078125,-13.428519248962402,0.013008813373744488
6.760000228881836,-20.273082733154297,19.810789108276367,57.73175811767578,-13.048452377319336,0.012999577447772026
6.769999980926514,-16.215761184692383,20.514867782592773,58.16455078125,-12.688628196716309,0.015919268131256104
6.78000020980835,-12.479896545410156,21.181737899780273,59.7823600769043,-12.342756271362305,0.017563119530677795
6.789999961853027,-9.275589942932129,21.848609924316406,63.14259338378906,-12.003373146057129,0.019509145990014076
6.800000190734863,-2.8139283657073975,22.515480041503906,63.924293518066406,-11.68664264678955,0.020629821345210075
6.809999942779541,4.134304046630859,22.97991943359375,64.86419677734375,-11.387474060058594,0.02242198958992958
6.820000171661377,12.546921730041504,23.349912643432617,68.58427429199219,-11.108731269836426,0.02534005045890808
6.829999923706055,22.767467498779297,23.3437557220459,71.99739074707031,-10.843850135803223,0.02668759785592556
6.840000152587891,34.72723388671875,22.566299438476562,69.99207305908203,-10.585381507873535,0.02653895691037178
6.849999904632568,47.95109939575195,21.399274826049805,67.25611114501953,-10.327347755432129,0.025343308225274086
6.860000133514404,62.64870071411133,20.16412353515625,61.006431579589844,-10.065474510192871,0.023249730467796326
6.869999885559082,76.05065155029297,18.534151077270508,48.40921401977539,-9.796584129333496,0.020857565104961395
6.880000114440918,86.63005065917969,16.750749588012695,29.594228744506836,-9.521942138671875,0.017044179141521454
6.889999866485596,93.20599365234375,15.366059303283691,6.533973693847656,-9.238738059997559,0.0152494041249156
6.900000095367432,91.70327758789062,15.449418067932129,-16.52627944946289,-8.940852165222168,0.01218400802463293
6.909999847412109,84.0015869140625,16.082971572875977,-37.651729583740234,-8.632341384887695,0.009867357090115547
6.920000076293945,71.77727508544922,17.506555557250977,-54.533119201660156,-8.313082695007324,0.009193583391606808
6.929999828338623,56.90439224243164,19.177040100097656,-66.1611099243164,-7.987326622009277,0.007698697037994862
6.940000057220459,41.51152420043945,20.364290237426758,-72.31565856933594,-7.648494720458984,0.0065764994360506535
6.949999809265137,27.085487365722656,21.781391143798828,-72.90193939208984,-7.316160678863525,0.005232862196862698
6.960000038146973,14.53667163848877,22.643112182617188,-71.20966339111328,-6.9732465744018555,0.005157237872481346
6.96999979019165,3.6827895641326904,23.295852661132812,-69.17425537109375,-6.631434917449951,0.004785309080034494
6.980000019073486,-5.223175525665283,23.68289566040039,-65.96979522705078,-6.290336608886719,0.005232862196862698
6.989999771118164,-11.975798606872559,23.616390228271484,-60.4237060546875,-5.94994592666626,0.005232862196862698
7,-17.085020065307617,22.866159439086914,-56.12433624267578,-5.611208915710449,0.005308920983225107
7.010000228881836,-22.06792449951172,22.115928649902344,-51.33214569091797,-5.270388126373291,0.0059084841050207615
7.019999980926514,-26.225505828857422,21.563270568847656,-48.76243209838867,-4.926316738128662,0.006726444698870182
7.03000020980835,-30.09084129333496,21.17519187927246,-48.05458450317383,-4.575630187988281,0.006279435008764267
7.039999961853027,-34.26034164428711,20.777454376220703,-48.028751373291016,-4.201597690582275,0.006202941294759512
7.050000190734863,-36.66468048095703,19.77714729309082,-49.592159271240234,-3.8042166233062744,0.00583275081589818
7.059999942779541,-39.96141815185547,18.988996505737305,-49.663429260253906,-3.3939402103424072,0.006356145720928907
7.070000171661377,-42.335140228271484,18.088642120361328,-52.0489616394043,-2.9825823307037354,0.0066490815952420235
7.079999923706055,-44.14692687988281,17.20578956604004,-54.43191146850586,-2.573406219482422,0.005833076778799295
7.090000152587891,-46.23506546020508,16.61709213256836,-53.83347702026367,-2.1693005561828613,0.006125361192971468
7.099999904632568,-48.18859100341797,16.700450897216797,-54.810604095458984,-1.7794256210327148,0.005232862196862698
7.110000133514404,-49.24154281616211,16.284238815307617,-52.7761116027832,-1.4099998474121094,0.00484659057110548
7.119999885559082,-49.86903762817383,16.290979385375977,-51.42393112182617,-1.055959939956665,0.0026937939692288637
7.130000114440918,-50.42805480957031,16.594404220581055,-49.43046569824219,-0.718747615814209,0.003294660709798336
7.139999866485596,-50.9438362121582,16.844480514526367,-45.02320098876953,-0.395473837852478,0.004108709748834372
7.150000095367432,-49.591392517089844,17.09455680847168,-41.31011199951172,-0.07486734539270401,0.0037406927440315485
7.159999847412109,-48.49859619140625,18.208818435668945,-36.92169189453125,0.2495735138654709,0.004108492285013199
7.170000076293945,-47.53924560546875,19.15117645263672,-32.7879638671875,0.5753007531166077,0.003740909742191434
7.179999828338623,-46.58235168457031,19.686786651611328,-29.382598876953125,0.9035663604736328,0.0044983490370213985
7.190000057220459,-45.49446105957031,19.823556900024414,-27.14629364013672,1.2370885610580444,0.006279435008764267
7.199999809265137,-44.14201736450195,19.740198135375977,-27.14629364013672,1.5770536661148071,0.006514131091535091
7.210000038146973,-43.9684944152832,20.31081199645996,-24.931720733642578,1.9104260206222534,0.007849293760955334
7.21999979019165,-43.874778747558594,20.509809494018555,-23.60993766784668,2.235551595687866,0.008006192743778229
7.230000019073486,-43.55519104003906,20.26991081237793,-23.684246063232422,2.5532729625701904,0.009052981622517109
7.239999771118164,-43.107418060302734,19.86543083190918,-24.881725311279297,2.8710756301879883,0.010021104477345943
7.25,-43.708499908447266,20.115509033203125,-26.249706268310547,3.199641704559326,0.010465724393725395
7.260000228881836,-43.25231170654297,19.485843658447266,-31.226985931396484,3.5396101474761963,0.01038684044033289
7.269999980926514,-42.935874938964844,18.946149826049805,-35.21817398071289,3.892150402069092,0.009942438453435898
7.28000020980835,-42.555171966552734,18.36957359313965,-39.768436431884766,4.2624945640563965,0.009784235619008541
7.289999961853027,-41.66149139404297,17.558542251586914,-46.661224365234375,4.64630651473999,0.008499815128743649
7.300000190734863,-39.858238220214844,16.89167022705078,-53.89198303222656,5.027550220489502,0.006279435008764267
7.309999942779541,-36.98836135864258,16.22479820251465,-58.521873474121094,5.40248441696167,0.006120580248534679
7.320000171661377,-33.59872817993164,15.877620697021484,-63.44581604003906,5.775571346282959,0.005153326317667961
7.329999923706055,-29.69833755493164,15.77611255645752,-68.03437805175781,6.134801387786865,0.004470642190426588
7.340000152587891,-25.275970458984375,15.895381927490234,-71.4122314453125,6.471896648406982,0.0030599641613662243
7.349999904632568,-20.4672908782959,16.728971481323242,-73.95276641845703,6.795294284820557,0.002296983264386654
7.360000133514404,-14.986130714416504,17.18951988220215,-75.96857452392578,7.109774589538574,0.0004433155700098723
7.369999885559082,-9.912199020385742,18.253480911254883,-72.99189758300781,7.419240951538086,-0.00008007930591702461
7.380000114440918,-4.863739967346191,19.43781280517578,-67.48046112060547,7.727476119995117,-0.0007638501119799912
7.389999866485596,0.6367008090019226,20.334278106689453,-62.82306671142578,8.039538383483887,-0.0021734414622187614
7.400000095367432,6.647549629211426,21.58466148376465,-61.6505126953125,8.349676132202148,-0.002696836367249489
7.409999847412109,12.522733688354492,22.759788513183594,-55.00861740112305,8.654511451721191,-0.003381259273737669
7.420000076293945,18.383312225341797,23.435606002807617,-47.77785873413086,8.95934772491455,-0.004870821721851826
7.429999828338623,24.549455642700195,23.78459930419922,-40.86500930786133,9.263132095336914,-0.005998342297971249
7.440000057220459,31.089876174926758,24.100791931152344,-33.73394012451172,9.564279556274414,-0.007568527013063431
7.449999809265137,37.25099563598633,24.767662048339844,-22.985517501831055,9.871150016784668,-0.008976814337074757
7.460000038146973,42.043785095214844,24.371870040893555,-12.592992782592773,10.190716743469238,-0.0094191525131464
7.46999979019165,45.80617141723633,23.926942825317383,1.6487826108932495,10.523660659790039,-0.009581484831869602
7.480000019073486,47.74193572998047,23.61379623413086,16.168195724487305,10.868054389953613,-0.010221900418400764
7.489999771118164,47.21680450439453,23.349977493286133,27.95939826965332,11.215540885925293,-0.008814482018351555
7.5,44.06110763549805,22.599746704101562,38.121543884277344,11.550106048583984,-0.00812810380011797
7.510000228881836,38.973388671875,22.07917594909668,51.15520095825195,11.870997428894043,-0.006721120793372393
7.519999980926514,32.90808868408203,21.746646881103516,60.907352447509766,12.17812442779541,-0.005952598061412573
7.53000020980835,26.129173278808594,21.214990615844727,67.84709930419922,12.47070026397705,-0.003940836526453495
7.539999961853027,18.994678497314453,20.370641708374023,73.28498840332031,12.755138397216797,-0.0022887252271175385
7.550000190734863,12.232473373413086,19.870487213134766,78.56148529052734,13.041762351989746,-0.00019514576706569642
7.559999942779541,5.470269680023193,18.675525665283203,77.1413803100586,13.332999229431152,0.001898433780297637
7.570000171661377,-1.291935682296753,17.990373611450195,76.64476013183594,13.62370491027832,0.0041565182618796825
7.579999923706055,-7.14947509765625,17.573579788208008,76.67211151123047,13.910629272460938,0.006967443041503429
7.590000152587891,-11.999285697937012,17.171953201293945,75.80105590820312,14.18600082397461,0.008096703328192234
7.599999904632568,-17.709592819213867,16.838518142700195,71.89253234863281,14.460249900817871,0.009997201152145863
7.610000133514404,-22.718204498291016,16.66077995300293,68.71405029296875,14.73345947265625,0.013578278012573719
7.619999885559082,-26.02814292907715,16.551233291625977,63.710784912109375,15.00656509399414,0.016635851934552193
7.630000114440918,-28.845905303955078,16.540863037109375,58.19023132324219,15.293128967285156,0.019584443420171738
7.639999866485596,-31.887554168701172,16.59259033203125,53.257476806640625,15.587355613708496,0.024211984127759933
7.650000095367432,-34.442161560058594,16.50922966003418,48.958106994628906,15.888354301452637,0.027983535081148148
7.659999847412109,-35.15718078613281,17.053850173950195,44.474708557128906,16.18311309814453,0.02963695116341114
7.670000076293945,-35.86249542236328,16.885705947875977,39.979915618896484,16.46242332458496,0.03114715777337551
7.679999828338623,-36.61384963989258,16.79411506652832,37.574928283691406,16.733278274536133,0.029326628893613815
7.690000057220459,-37.3948860168457,17.145051956176758,36.95977783203125,17.00129508972168,0.02618625946342945
7.699999809265137,-38.29651641845703,17.228410720825195,33.0512580871582,17.266307830810547,0.022878561168909073
7.710000038146973,-39.340816497802734,17.311771392822266,31.74041748046875,17.524044036865234,0.019194044172763824
7.71999979019165,-41.130516052246094,17.161258697509766,29.882503509521484,17.774484634399414,0.018315019086003304
7.730000019073486,-43.711185455322266,17.062341690063477,25.25215721130371,18.024927139282227,0.01814703643321991
7.739999771118164,-46.92858123779297,17.12858772277832,18.31256103515625,18.27225685119629,0.017184346914291382
7.75,-50.38481903076172,17.12858772277832,14.013193130493164,18.508926391601562,0.016576742753386497
7.760000228881836,-52.11492156982422,16.9689998626709,2.6052446365356445,18.745201110839844,0.015445636585354805
7.769999980926514,-52.59564971923828,17.097862243652344,-8.843125343322754,18.98128890991211,0.013791026547551155
7.78000020980835,-51.071205139160156,17.1173095703125,-20.988859176635742,19.218320846557617,0.010936638340353966
7.789999961853027,-46.772701263427734,16.902753829956055,-34.66532897949219,19.46083641052246,0.0034553625155240297
7.800000190734863,-38.80832290649414,16.819395065307617,-50.49482345581055,19.705982208251953,-0.008129190653562546
7.809999942779541,-24.608396530151367,17.781784057617188,-64.06127166748047,19.95001220703125,-0.022614527493715286
7.820000171661377,-6.30381965637207,18.244211196899414,-71.94122314453125,20.195337295532227,-0.03503323346376419
7.829999923706055,16.0685977935791,18.572460174560547,-71.83560180664062,20.427488327026367,-0.0397825762629509
7.840000152587891,40.65044403076172,18.97084617614746,-60.91850280761719,20.61954116821289,-0.03561997041106224
7.849999904632568,62.89058303833008,19.30428123474121,-34.92686080932617,20.805313110351562,-0.02602827548980713
7.860000133514404,72.12057495117188,19.313356399536133,0.9503563642501831,20.97416114807129,-0.01581658609211445
7.869999885559082,70.3138198852539,18.950881958007812,36.820884704589844,21.14719009399414,-0.007260922808200121
7.880000114440918,58.36468505859375,18.371259689331055,66.24934387207031,21.321523666381836,-0.0009705135016702116
7.889999866485596,39.45621871948242,17.799673080444336,86.08735656738281,21.48232650756836,0.0026932507753372192
7.900000095367432,19.620420455932617,17.549596786499023,97.03119659423828,21.646343231201172,0.00609950115904212
7.909999847412109,2.7316174507141113,17.299518585205078,91.68677520751953,21.812049865722656,0.008021187037229538
7.920000076293945,-9.695789337158203,17.232624053955078,83.8721694946289,21.980396270751953,0.00992853008210659
7.929999828338623,-18.69535255432129,17.39415740966797,73.947998046875,22.152645111083984,0.01620926894247532
7.940000057220459,-24.94107437133789,17.688182830810547,63.81442642211914,22.32528305053711,0.023007644340395927
7.949999809265137,-28.547582626342773,17.85489845275879,57.56079864501953,22.493072509765625,0.032169606536626816
7.960000038146973,-29.480758666992188,17.609683990478516,50.148292541503906,22.64191436767578,0.03932861238718033
7.96999979019165,-30.271142959594727,17.66815185546875,44.02413558959961,22.774526596069336,0.041866593062877655
7.980000019073486,-31.244401931762695,17.7528076171875,39.7996826171875,22.885711669921875,0.03820597752928734
7.989999771118164,-32.74010467529297,17.793514251708984,37.58860397338867,23.008098602294922,0.03201206028461456
8,-35.144439697265625,17.960233688354492,37.0023307800293,23.111541748046875,0.02651548571884632
8.010000228881836,-37.99784469604492,17.628742218017578,34.66405487060547,23.20394515991211,0.022415362298488617
8.020000457763672,-42.3143424987793,17.544734954833984,28.956586837768555,23.295467376708984,0.0193615909665823
8.029999732971191,-46.59707260131836,17.419696807861328,21.725830078125,23.378005981445312,0.01883808709681034
8.039999961853027,-50.467430114746094,17.169618606567383,12.380946159362793,23.455520629882812,0.01587243564426899
8.050000190734863,-54.654579162597656,16.920515060424805,-2.0980451107025146,23.540748596191406,0.013254049234092236
8.0600004196167,-53.60268020629883,16.920515060424805,-21.054357528686523,23.63465118408203,0.006706451531499624
8.069999694824219,-48.12117004394531,16.668493270874023,-40.453792572021484,23.73221778869629,-0.007255272474139929
8.079999923706055,-36.40153121948242,16.50436782836914,-61.187171936035156,23.83148765563965,-0.025661887601017952
8.09000015258789,-17.56317710876465,16.65591812133789,-79.31892395019531,23.9207763671875,-0.04239444434642792
8.100000381469727,8.378122329711914,17.23067855834961,-86.50348663330078,23.996904373168945,-0.046650927513837814
8.109999656677246,42.33941650390625,17.063962936401367,-73.21453094482422,24.054698944091797,-0.03930742293596268
8.119999885559082,68.15357971191406,17.342819213867188,-39.18276596069336,24.112491607666016,-0.024393657222390175
8.130000114440918,78.89505767822266,17.802589416503906,4.8974714279174805,24.15226173400879,-0.011668762192130089
8.140000343322754,72.4567642211914,18.258148193359375,47.68115234375,24.188858032226562,-0.0036482266150414944
8.149999618530273,51.21593475341797,18.589962005615234,77.20140075683594,24.201555252075195,0.002366848988458514
8.15999984741211,27.322813034057617,18.84004020690918,87.55897521972656,24.203327178955078,0.00672275060787797
8.170000076293945,7.486778259277344,18.832908630371094,85.25367736816406,24.20743751525879,0.009428496472537518
8.180000305175781,-6.900230407714844,18.793174743652344,78.27503204345703,24.21601104736328,0.013013266958296299
8.1899995803833,-16.467809677124023,18.793174743652344,69.65106201171875,24.23516845703125,0.01930454559624195
8.199999809265137,-23.39968490600586,18.78636932373047,58.90264129638672,24.264150619506836,0.028291357681155205
8.210000038146973,-25.653751373291016,18.536291122436523,48.15421676635742,24.29114532470703,0.037266433238983154
8.220000267028809,-27.439477920532227,18.28621482849121,41.51702880859375,24.315631866455078,0.042909473180770874
8.229999542236328,-28.8530330657959,18.08041000366211,36.564064025878906,24.31866455078125,0.04156811535358429
8.239999771118164,-30.990949630737305,18.031665802001953,32.40115737915039,24.318578720092773,0.03371719270944595
8.25,-35.341339111328125,18.272991180419922,29.19516944885254,24.31517791748047,0.026224832981824875
8.260000228881836,-35.341339111328125,18.272991180419922,29.19516944885254,24.30216407775879,0.021185487508773804
8.270000457763672,-39.00720977783203,18.600982666015625,26.273202896118164,24.279794692993164,0.019525444135069847
8.279999732971191,-44.475399017333984,18.478731155395508,20.559200286865234,24.236621856689453,0.017611797899007797
8.289999961853027,-49.84987258911133,17.992189407348633,11.93949031829834,24.18710708618164,0.016294781118631363
8.300000190734863,-53.203277587890625,17.720722198486328,0.0332517996430397,24.146257400512695,0.013497438281774521
8.3100004196167,-54.25517654418945,16.970491409301758,-20.291040420532227,24.111726760864258,0.008930744603276253
8.319999694824219,-51.007869720458984,16.485246658325195,-39.83879470825195,24.0787410736084,-0.0013229927280917764
8.329999923706055,-41.064029693603516,15.658333778381348,-61.74989700317383,24.04989242553711,-0.018252650275826454
8.34000015258789,-23.301877975463867,14.665545463562012,-81.70248413085938,24.02291488647461,-0.03487003222107887
8.350000381469727,2.3842172622680664,14.13680648803711,-91.18093872070312,23.98801040649414,-0.04368386045098305
8.359999656677246,36.34551239013672,14.63696002960205,-84.1456069946289,23.95231819152832,-0.04056946188211441
8.369999885559082,63.19194412231445,15.605376243591309,-49.979209899902344,23.903919219970703,-0.02964683808386326
8.380000114440918,74.37359619140625,16.92012596130371,-7.07654333114624,23.86539077758789,-0.016926180571317673
8.390000343322754,69.12509155273438,18.267353057861328,33.40913772583008,23.809642791748047,-0.006937671918421984
8.399999618530273,51.748783111572266,19.233627319335938,63.64012145996094,23.751998901367188,-0.0016124516259878874
8.40999984741211,30.410266876220703,19.650423049926758,77.12450408935547,23.684429168701172,0.0035052355378866196
8.420000076293945,11.993980407714844,19.66196060180664,77.14942932128906,23.607017517089844,0.006147744134068489
8.430000305175781,-2.527641773223877,19.344276428222656,71.38573455810547,23.52796173095703,0.011381692253053188
8.4399995803833,-12.991473197937012,18.870309829711914,64.1212387084961,23.45280647277832,0.016707347705960274
8.449999809265137,-19.895301818847656,18.464534759521484,57.98553466796875,23.38490104675293,0.02292376197874546
8.460000038146973,-24.5537109375,18.214458465576172,50.75477600097656,23.32761001586914,0.0312061570584774
8.470000267028809,-26.753559112548828,18.10076332092285,43.36415481567383,23.27985954284668,0.038228798657655716
8.479999542236328,-28.320890426635742,18.064918518066406,38.834102630615234,23.230815887451172,0.0403556264936924
8.489999771118164,-29.968730926513672,17.930740356445312,35.293643951416016,23.165420532226562,0.036908410489559174
8.5,-31.97776222229004,17.550893783569336,29.596355438232422,23.086496353149414,0.02995031327009201
8.510000228881836,-34.68264389038086,17.63425064086914,28.42380142211914,23.017370223999023,0.024901296943426132
8.520000457763672,-38.256202697753906,17.4422550201416,28.703718185424805,22.9482421875,0.02080671302974224
8.529999732971191,-42.53390884399414,17.48114585876465,26.015625,22.8731746673584,0.01788441464304924
8.539999961853027,-47.14276885986328,17.5113525390625,19.517030715942383,22.792766571044922,0.017851058393716812
8.550000190734863,-51.54048156738281,17.067333221435547,9.689812660217285,22.703950881958008,0.01579148881137371
8.5600004196167,-54.6961784362793,16.317102432250977,-5.16255521774292,22.6149959564209,0.015663817524909973
8.569999694824219,-55.34657287597656,15.983797073364258,-21.96978759765625,22.529584884643555,0.011778504587709904
8.579999923706055,-51.36134719848633,15.880148887634277,-40.311553955078125,22.451461791992188,0.0034254821948707104
8.59000015258789,-41.40605545043945,15.73948860168457,-58.869720458984375,22.38648223876953,-0.010126066394150257
8.600000381469727,-24.87259864807129,15.37487506866455,-75.45873260498047,22.327415466308594,-0.025734469294548035
8.609999656677246,-2.1816439628601074,15.541592597961426,-83.86204528808594,22.26027488708496,-0.03866766020655632
8.619999885559082,24.04944610595703,16.620073318481445,-74.83628845214844,22.20123863220215,-0.03969239071011543
8.630000114440918,47.11420822143555,17.91991424560547,-51.39339065551758,22.118093490600586,-0.03266149386763573
8.640000343322754,61.74029541015625,19.339998245239258,-17.68926239013672,22.026302337646484,-0.02238135039806366
8.649999618530273,63.94458770751953,20.794178009033203,20.055286407470703,21.934513092041016,-0.01314821932464838
8.65999984741211,53.125057220458984,21.044254302978516,48.97831726074219,21.831741333007812,-0.005338476039469242
8.670000076293945,37.20145034790039,20.940412521362305,66.4511489868164,21.73019790649414,-0.0005755496677011251
8.680000305175781,20.461400985717773,20.473058700561523,75.5465087890625,21.630964279174805,0.0023243646137416363
8.6899995803833,5.266713619232178,19.86504364013672,77.94845581054688,21.520904541015625,0.006228257901966572
8.699999809265137,-6.827198505401611,19.373640060424805,75.42949676513672,21.399198532104492,0.009034293703734875
8.710000038146973,-15.693201065063477,18.956846237182617,69.76215362548828,21.281879425048828,0.012698058038949966
8.720000267028809,-22.2413330078125,18.468618392944336,65.0995864868164,21.171611785888672,0.01711980439722538
8.729999542236328,-26.664051055908203,18.22223663330078,56.44021224975586,21.05886459350586,0.024686159566044807
8.739999771118164,-29.644702911376953,18.108800888061523,47.85545349121094,20.949331283569336,0.030871931463479996
8.75,-31.98126792907715,17.95148277282715,44.186431884765625,20.83405876159668,0.0359637588262558
8.760000228881836,-33.784523010253906,17.868122100830078,40.864192962646484,20.6987247467041,0.037200696766376495
8.770000457763672,-35.717716217041016,17.928924560546875,37.37296676635742,20.554805755615234,0.0341072678565979
8.779999732971191,-37.7639045715332,17.703868865966797,34.93986892700195,20.402088165283203,0.028873316943645477
8.789999961853027,-39.978477478027344,17.471424102783203,32.388694763183594,20.22093391418457,0.02402140386402607
8.800000190734863,-42.54582595825195,17.51459312438965,28.715723037719727,20.034393310546875,0.02107226848602295
8.8100004196167,-46.30260467529297,17.264514923095703,26.761465072631836,19.859691619873047,0.019074412062764168
8.819999694824219,-49.53495788574219,16.65079689025879,20.715116500854492,19.679561614990234,0.017408395186066628
8.829999923706055,-52.31532669067383,16.660585403442383,10.897928237915039,19.497501373291016,0.015410758554935455
8.84000015258789,-54.47404098510742,17.04600715637207,0.8640397191047668,19.315765380859375,0.013936624862253666
8.850000381469727,-55.533302307128906,17.33666229248047,-7.294458866119385,19.1292781829834,0.012505194172263145
8.859999656677246,-53.579776763916016,17.33666229248047,-21.7559757232666,18.9417781829834,0.009172286838293076
8.869999885559082,-47.525691986083984,17.77692222595215,-37.077606201171875,18.75794219970703,0.004214106127619743
8.880000114440918,-38.443748474121094,18.171676635742188,-52.392704010009766,18.569822311401367,-0.004642643965780735
8.890000343322754,-25.673498153686523,18.633197784423828,-66.7350845336914,18.36110496520996,-0.017372647300362587
8.899999618530273,-8.660016059875488,19.33409881591797,-77.66525268554688,18.149194717407227,-0.03401360660791397
8.90999984741211,12.377954483032227,20.251047134399414,-76.10184478759766,17.686933517456055,-0.03401360660791397
8.920000076293945,35.284149169921875,20.79787254333496,-64.1258544921875,17.637680053710938,-0.03294747695326805
8.930000305175781,59.86845016479492,21.244678497314453,-23.947599411010742,17.43708038330078,-0.026996074244379997
8.9399995803833,73.42675018310547,21.269441604614258,22.243722915649414,17.18012237548828,-0.020191939547657967
8.949999809265137,67.32101440429688,20.733896255493164,52.85978698730469,16.91655158996582,-0.013096064329147339
8.960000038146973,53.496063232421875,20.48381805419922,74.94290924072266,16.652019500732422,-0.005500590428709984
8.970000267028809,37.651912689208984,19.935049057006836,87.74771118164062,16.387434005737305,-0.0014108952600508928
8.979999542236328,21.183544158935547,19.783498764038086,92.00468444824219,16.120906829833984,0.001667431672103703
8.989999771118164,6.725723743438721,19.73358726501465,90.01304626464844,15.859484672546387,0.00238618953153491
9,-3.870267152786255,19.559350967407227,84.55874633789062,15.611994743347168,0.003858584212139249
9.010000228881836,-11.534099578857422,19.80942726135254,78.10968780517578,15.361156463623047,0.004415879491716623
9.020000457763672,-16.889644622802734,19.75821876525879,69.36506652832031,15.12182903289795,0.0036297552287578583
9.029999732971191,-20.619783401489258,19.34699821472168,63.83433151245117,14.895184516906738,0.0058542643673717976
9.039999961853027,-22.951675415039062,18.86538314819336,59.404579162597656,14.640650749206543,0.006574109196662903
9.050000190734863,-24.32806968688965,18.545236587524414,54.33763885498047,14.370348930358887,0.00824262760579586
9.0600004196167,-25.830781936645508,18.2951602935791,51.406246185302734,14.104873657226562,0.010434649884700775
9.069999694824219,-27.059593200683594,18.348960876464844,49.0091667175293,13.824982643127441,0.013150174170732498
9.079999923706055,-28.660459518432617,18.26644515991211,47.571434020996094,13.53422737121582,0.016685182228684425
9.09000015258789,-30.71331024169922,18.099727630615234,45.458221435546875,13.245251655578613,0.021721594035625458
9.100000381469727,-33.2181396484375,17.863327026367188,42.30055618286133,12.959127426147461,0.025513246655464172
9.109999656677246,-36.223567962646484,17.279813766479492,41.909706115722656,12.672883033752441,0.027705810964107513
9.119999885559082,-38.81463623046875,16.92615509033203,41.518856048583984,12.386216163635254,0.029430938884615898
9.130000114440918,-41.97430419921875,16.704599380493164,40.34113311767578,12.097245216369629,0.02753576450049877
9.140000343322754,-45.049137115478516,16.573143005371094,37.620365142822266,11.80827522277832,0.026488974690437317
9.149999618530273,-47.6037483215332,16.446029663085938,33.25261306762695,11.520145416259766,0.025143925100564957
9.15999984741211,-50.15835952758789,16.112594604492188,28.56239128112793,11.242507934570312,0.022228363901376724
9.170000076293945,-51.87724685668945,16.16548728942871,24.777877807617188,10.976104736328125,0.018539391458034515
9.180000305175781,-54.24430847167969,16.192258834838867,21.72810935974121,10.711857795715332,0.016669970005750656
9.1899995803833,-56.36656951904297,16.192258834838867,17.729324340820312,10.44594669342041,0.013729310594499111
9.199999809265137,-57.63663101196289,16.283655166625977,12.383377075195312,10.177955627441406,0.01193561963737011
9.210000038146973,-58.53825759887695,16.783809661865234,8.474859237670898,9.904144287109375,0.011312153190374374
9.220000267028809,-58.03533172607422,16.73856544494629,5.4796462059021,9.619783401489258,0.010165181942284107
9.229999542236328,-56.81516647338867,16.65520668029785,-0.0012439158745110035,9.32351016998291,0.008895865641534328
9.239999771118164,-55.97149658203125,16.900875091552734,-4.760152816772461,9.017204284667969,0.00879546720534563
9.25,-55.82835388183594,17.504222869873047,-7.254188537597656,8.703702926635742,0.008473086170852184
9.260000228881836,-55.076995849609375,17.837657928466797,-10.381002426147461,8.38668155670166,0.009097096510231495
9.270000457763672,-54.184017181396484,17.69972038269043,-14.060359001159668,8.069955825805664,0.009942438453435898
9.279999732971191,-53.073692321777344,17.996078491210938,-18.18056297302246,7.750757217407227,0.009942438453435898
9.289999961853027,-51.469085693359375,18.496232986450195,-21.69488525390625,7.435722827911377,0.009841497987508774
9.300000190734863,-49.544071197509766,18.913740158081055,-25.165441513061523,7.109374046325684,0.009318103082478046
9.3100004196167,-48.34190368652344,18.997098922729492,-32.39619827270508,6.781970024108887,0.009098182432353497
9.319999694824219,-46.28297805786133,18.684404373168945,-37.769954681396484,6.463908672332764,0.009739904664456844
9.329999923706055,-43.757110595703125,18.702165603637695,-42.77200698852539,6.146040916442871,0.008693113923072815
9.34000015258789,-40.983985900878906,18.755319595336914,-49.521339416503906,5.832144737243652,0.007950778119266033
9.350000381469727,-38.03593826293945,18.689138412475586,-57.302818298339844,5.523822784423828,0.00847417302429676
9.359999656677246,-34.7299690246582,18.689138412475586,-60.429630279541016,5.222972869873047,0.00848905835300684
9.369999885559082,-30.70419692993164,18.36970329284668,-68.42416381835938,4.925778388977051,0.006599099840968847
9.380000114440918,-26.860244750976562,18.272991180419922,-72.33100891113281,4.621653079986572,0.005858067888766527
9.390000343322754,-22.964643478393555,18.234487533569336,-75.11256408691406,4.3066020011901855,0.006279435008764267
9.399999618530273,-19.16439437866211,18.222431182861328,-78.54664611816406,3.9877805709838867,0.006075161974877119
9.40999984741211,-16.309242248535156,18.47250747680664,-81.6734619140625,3.666480779647827,0.005335107445716858
9.420000076293945,-12.873570442199707,19.2861328125,-80.64800262451172,3.338937997817993,0.005551441106945276
9.430000305175781,-10.28016471862793,19.52143096923828,-76.95071411132812,3.0035057067871094,0.0045046512968838215
9.4399995803833,-8.237831115722656,19.678035736083984,-74.37158203125,2.6806201934814453,0.0040732878260314465
9.449999809265137,-6.5677876472473145,20.196208953857422,-73.43988800048828,2.355931043624878,0.005858828313648701
9.460000038146973,-5.365617752075195,21.36323356628418,-69.92222595214844,2.0264077186584473,0.006279435008764267
9.470000267028809,-4.163447856903076,21.475244522094727,-66.21430206298828,1.6939796209335327,0.006485228892415762
9.479999542236328,-3.070300817489624,21.800512313842773,-65.47864532470703,1.3588024377822876,0.006913984660059214
9.489999771118164,-2.6641247272491455,22.177507400512695,-64.6565170288086,1.0256969928741455,0.0055422051809728146
9.5,-2.861253261566162,22.453577041625977,-62.37234115600586,0.696896493434906,0.006699497811496258
9.510000228881836,-2.710982084274292,22.536935806274414,-59.63637924194336,0.3686184287071228,0.006589429918676615
9.520000457763672,-1.97084379196167,22.53849220275879,-62.07844161987305,0.03885216638445854,0.00764241348952055
9.529999732971191,-1.6602520942687988,22.293991088867188,-62.0395393371582,-0.2874874174594879,0.006595623213797808
9.539999961853027,-2.0203888416290283,21.960554122924805,-61.06241226196289,-0.5983123779296875,0.005756148602813482
9.550000190734863,-2.6368980407714844,21.627119064331055,-61.24401092529297,-0.9121995568275452,0.005652382504194975
9.5600004196167,-2.336355686187744,21.293682098388672,-65.15252685546875,-1.2249675989151,0.005232862196862698
9.569999694824219,-3.0762603282928467,21.125150680541992,-65.77497100830078,-1.53668212890625,0.005232862196862698
9.579999923706055,-4.16169548034668,20.64956283569336,-67.95428466796875,-1.8444782495498657,0.005024677608162165
9.59000015258789,-5.512032985687256,20.148242950439453,-71.36466979980469,-2.1533119678497314,0.004498892463743687
9.600000381469727,-7.19878625869751,19.77228546142578,-73.84107971191406,-2.459591865539551,0.005756148602813482
9.609999656677246,-9.45285415649414,19.52220916748047,-71.30054473876953,-2.777315855026245,0.005338476039469242
9.619999885559082,-11.557119369506836,19.3552303314209,-73.63045501708984,-3.103682518005371,0.0040811109356582165
9.630000114440918,-14.223557472229004,19.12609100341797,-73.34141540527344,-3.4329938888549805,0.005651513114571571
9.640000343322754,-17.229215621948242,19.460433959960938,-70.60301971435547,-3.7689387798309326,0.005128118209540844
9.649999618530273,-20.65074920654297,20.229917526245117,-66.7481460571289,-4.1106438636779785,0.004814429208636284
9.65999984741211,-24.854135513305664,20.5614070892334,-64.1866455078125,-4.452752113342285,0.004917977377772331
9.670000076293945,-28.16010284423828,20.47804832458496,-57.151309967041016,-4.789548873901367,0.003978213761001825
9.680000305175781,-31.23867416381836,19.95319938659668,-52.629615783691406,-5.1284685134887695,0.005127683747559786
9.6899995803833,-34.014835357666016,19.83742904663086,-49.314064025878906,-5.4718337059021,0.004814863670617342
9.699999809265137,-36.64773941040039,20.058792114257812,-46.48448944091797,-5.809891223907471,0.005127466283738613
9.710000038146973,-39.50102233886719,19.72431755065918,-43.902618408203125,-6.1495256423950195,0.004815080668777227
9.720000267028809,-42.205902099609375,19.307523727416992,-38.03984451293945,-6.483374118804932,0.00512724881991744
9.729999542236328,-44.91078567504883,18.95444679260254,-32.62520980834961,-6.809946537017822,0.0047095762565732
9.739999771118164,-47.46049118041992,18.750133514404297,-28.15594482421875,-7.132674217224121,0.00460374541580677
9.75,-49.62294387817383,18.57732391357422,-24.70499038696289,-7.447990894317627,0.004080350510776043
9.760000228881836,-51.13477325439453,18.143674850463867,-21.913713455200195,-7.75835657119751,0.0035569556057453156
9.770000457763672,-53.08829879760742,16.893291473388672,-16.441789627075195,-8.06796646118164,0.0027150907553732395
9.779999732971191,-54.809757232666016,16.672773361206055,-12.629768371582031,-8.369579315185547,0.000940307101700455
9.789999961853027,-56.22646713256836,16.537687301635742,-7.976017951965332,-8.660552978515625,0.000416912225773558
9.800000190734863,-57.2627067565918,16.319305419921875,-2.598767042160034,-8.954818725585938,-0.00021296532941050828
9.8100004196167,-57.84696578979492,16.400331497192383,1.4504693746566772,-9.2457275390625,-0.0012597551103681326
9.819999694824219,-57.84696578979492,16.400331497192383,3.600153923034668,-9.52449893951416,-0.002733344677835703
9.829999923706055,-57.26095199584961,16.46534538269043,10.17002010345459,-9.802201271057129,-0.00544647965580225
9.84000015258789,-56.109962463378906,16.371356964111328,14.34903335571289,-10.08178997039795,-0.006814021151512861
9.850000381469727,-54.777854919433594,16.33421516418457,16.71283531188965,-10.355523109436035,-0.00900289136916399
9.859999656677246,-53.811729431152344,16.810514450073242,22.46376609802246,-10.625130653381348,-0.009847690351307392
9.869999885559082,-51.10684585571289,16.643796920776367,25.199729919433594,-10.897174835205078,-0.011726784519851208
9.880000114440918,-48.165218353271484,16.739730834960938,28.551450729370117,-11.168411254882812,-0.012988277710974216
9.890000343322754,-45.48417663574219,16.906448364257812,30.803558349609375,-11.439010620117188,-0.014222173020243645
9.899999618530273,-43.29893493652344,17.146089553833008,33.05885696411133,-11.71129035949707,-0.012021023780107498
9.90999984741211,-41.57396697998047,17.544734954833984,37.7147331237793,-11.98404312133789,-0.009404048323631287
9.920000076293945,-38.268001556396484,17.544734954833984,37.323883056640625,-12.260329246520996,-0.006894861347973347
9.930000305175781,-36.396507263183594,17.677356719970703,40.50859451293945,-12.530248641967773,-0.004693386610597372
9.9399995803833,-34.72926712036133,17.7528076171875,41.510040283203125,-12.793795585632324,-0.0020764118526130915
9.949999809265137,-32.88102722167969,17.72785186767578,41.87733840942383,-13.075966835021973,0.0008649000083096325
9.960000038146973,-30.996910095214844,17.661605834960938,46.53230285644531,-13.358138084411621,0.004402732010930777
9.970000267028809,-30.395824432373047,17.911684036254883,46.92315673828125,-13.638341903686523,0.005341192241758108
9.979999542236328,-29.19120216369629,18.09480094909668,48.88379669189453,-13.920025825500488,0.006189902778714895
9.989999771118164,-27.588464736938477,17.983827590942383,53.83296585083008,-14.195831298828125,0.007957840338349342
10,-25.83136558532715,17.70159912109375,59.5477294921875,-14.47244644165039,0.008915858343243599
10.010000228881836,-24.071813583374023,17.554588317871094,62.63016891479492,-14.745135307312012,0.011206540279090405
10.020000457763672,-20.615575790405273,17.72130584716797,71.2289047241211,-15.00948715209961,0.012906567193567753
10.029999732971191,-16.42807960510254,17.955631256103516,77.6086654663086,-15.368155479431152,0.016221873462200165
10.039999961853027,-5.64056921005249,18.29956817626953,85.23179626464844,-15.741459846496582,0.017203686758875847
10.050000190734863,5.168791770935059,18.585100173950195,91.39029693603516,-15.794855117797852,0.02246023528277874
10.0600004196167,5.9928297996521,18.635271072387695,91.42950439453125,-16.052690505981445,0.029897073283791542
10.069999694824219,18.31507110595703,19.385501861572266,92.01577758789062,-16.298734664916992,0.037200912833213806
10.079999923706055,32.35993576049805,20.27224349975586,87.64148712158203,-16.54804229736328,0.04243486374616623
10.09000015258789,47.04328155517578,21.094036102294922,77.26173400878906,-16.79843521118164,0.04602430760860443
10.100000381469727,60.222862243652344,21.924968719482422,60.10087966918945,-17.02508544921875,0.04241965338587761
10.109999656677246,69.06619262695312,22.91905403137207,35.622798919677734,-17.2474308013916,0.034433018416166306
10.119999885559082,68.31483459472656,23.836000442504883,0.8369890451431274,-17.46552276611328,0.023855159059166908
10.130000114440918,59.24119186401367,23.995004653930664,-27.810375213623047,-17.674867630004883,0.013414207845926285
10.140000343322754,43.466217041015625,23.802099227905273,-50.421424865722656,-17.880596160888672,0.0058111282996833324
10.149999618530273,23.23697853088379,23.165630340576172,-66.21475219726562,-18.081096649169922,0.0019828593358397484
10.15999984741211,1.6689682006835938,21.93585777282715,-74.09288024902344,-18.27659034729004,0.0015698587521910667
10.170000076293945,-15.762493133544922,20.935550689697266,-69.59808349609375,-18.471221923828125,0.0013488528784364462
10.180000305175781,-30.937082290649414,19.935243606567383,-61.352970123291016,-18.656587600708008,-0.000029771681511192583
10.1899995803833,-42.57994842529297,18.690563201904297,-49.49885177612305,-18.840167999267578,-0.0025360258296132088
10.199999809265137,-50.77627182006836,17.696414947509766,-36.549076080322266,-19.022838592529297,-0.004629605449736118
10.210000038146973,-56.1341552734375,17.49962043762207,-25.251150131225586,-19.18715476989746,-0.0073888106271624565
10.220000267028809,-57.937408447265625,16.999465942382812,-12.353041648864746,-19.349287033081055,-0.013066944666206837
10.229999542236328,-58.601707458496094,16.85031509399414,-0.2778186798095703,-19.499345779418945,-0.02017216384410858
10.239999771118164,-57.445579528808594,16.667909622192383,10.366053581237793,-19.647798538208008,-0.02589658461511135
10.25,-54.983516693115234,16.64859390258789,19.46110725402832,-19.805988311767578,-0.028557997196912766
10.260000228881836,-52.054744720458984,17.024551391601562,27.163257598876953,-19.965167999267578,-0.026284920051693916
10.270000457763672,-48.44823455810547,17.024551391601562,33.8077392578125,-20.11207389831543,-0.018811248242855072
10.279999732971191,-45.224884033203125,17.095399856567383,37.628570556640625,-20.246084213256836,-0.009425237774848938
10.289999961853027,-42.25007247924805,17.47978401184082,40.009849548339844,-20.373088836669922,-0.0023213219828903675
10.300000190734863,-39.2885856628418,18.004310607910156,42.87498092651367,-20.49489402770996,0.003511754795908928
10.3100004196167,-36.13288879394531,18.403474807739258,47.636627197265625,-20.610260009765625,0.0073628416284918785
10.319999694824219,-32.977195739746094,18.65355110168457,51.34971618652344,-20.717248916625977,0.009979816153645515
10.329999923706055,-29.82149887084961,18.689138412475586,53.72187805175781,-20.826616287231445,0.01270903181284666
10.34000015258789,-25.841297149658203,19.14651107788086,56.10984420776367,-20.926342010498047,0.015737051144242287
10.350000381469727,-20.952810287475586,19.715890884399414,59.63966751098633,-21.026063919067383,0.019141236320137978
10.359999656677246,-15.239232063293457,20.0511417388916,65.07147216796875,-21.128808975219727,0.027898456901311874
10.369999885559082,-8.326756477355957,21.051448822021484,71.71595001220703,-21.298603057861328,0.04186289757490158
10.380000114440918,15.88315200805664,22.196046829223633,71.42584991455078,-21.350048065185547,0.043780237436294556
10.390000343322754,26.174043655395508,22.642528533935547,70.9024887084961,-21.40302848815918,0.05121034011244774
10.399999618530273,32.66807556152344,22.73489761352539,64.1894760131836,-21.49523162841797,0.05059187114238739
10.40999984741211,49.50242233276367,22.90407943725586,45.2325553894043,-21.593339920043945,0.03944530710577965
10.420000076293945,60.92303466796875,22.48728370666504,20.6088924407959,-21.687885284423828,0.025610601529479027
10.430000305175781,59.8773307800293,21.852109909057617,-16.47263526916504,-21.781429290771484,0.01208882499486208
10.4399995803833,46.40597152709961,20.716197967529297,-48.52035140991211,-21.876575469970703,0.003915519919246435
10.449999809265137,23.849864959716797,19.613475799560547,-70.20153045654297,-21.96432113647461,0.0009330271859653294
10.460000038146973,-2.4036622047424316,19.008441925048828,-79.03885650634766,-22.054702758789062,0.00006867043703095987
10.470000267028809,-23.29136085510254,18.25821304321289,-71.02639770507812,-22.140827178955078,-0.002024909248575568
10.479999542236328,-38.221378326416016,18.022071838378906,-55.61039352416992,-22.235822677612305,-0.004232360050082207
10.489999771118164,-47.40077590942383,18.01364517211914,-38.32872772216797,-22.32086181640625,-0.007305254228413105
10.5,-51.80339431762695,17.87240219116211,-21.146751403808594,-22.39642906188965,-0.012243985198438168
10.510000228881836,-52.74452209472656,17.474924087524414,-5.702026844024658,-22.466777801513672,-0.018572315573692322
10.520000457763672,-51.09153747558594,17.725000381469727,4.850971221923828,-22.53370475769043,-0.026489410549402237
10.529999732971191,-48.10293960571289,17.90098762512207,14.361799240112305,-22.60007095336914,-0.031053932383656502
10.539999961853027,-44.75467300415039,18.121116638183594,22.11440086364746,-22.66693115234375,-0.028567560017108917
10.550000190734863,-41.23942565917969,18.272991180419922,28.570598602294922,-22.73198127746582,-0.021320002153515816
10.5600004196167,-37.65464782714844,18.272991180419922,34.06592559814453,-22.791439056396484,-0.009332227520644665
10.569999694824219,-34.19841003417969,18.272991180419922,37.38816452026367,-22.846288681030273,-0.00030651804991066456
10.579999923706055,-31.281091690063477,17.97403907775879,38.958255767822266,-22.90566635131836,0.004990994930267334
10.59000015258789,-29.010665893554688,18.343385696411133,42.48078536987305,-22.960498809814453,0.008654759265482426
10.600000381469727,-26.455354690551758,18.826557159423828,48.73624038696289,-23.005826950073242,0.012088173069059849
10.609999656677246,-22.884601593017578,18.92262077331543,56.26272201538086,-23.05562400817871,0.015050998888909817
10.619999885559082,-18.6770076751709,19.089338302612305,57.82612609863281,-23.08911895751953,0.01923815906047821
10.630000114440918,-13.110428810119629,19.632986068725586,63.63115692138672,-23.114343643188477,0.02434932440519333
10.640000343322754,-5.526288986206055,19.997665405273438,70.39781951904297,-23.144824981689453,0.03341730311512947
10.649999618530273,5.431707859039307,20.519987106323242,74.80036926269531,-23.16656494140625,0.044469114392995834
10.65999984741211,20.507673263549805,21.3568172454834,74.29098510742188,-23.177894592285156,0.051921162754297256
10.670000076293945,38.991031646728516,21.77361297607422,68.037353515625,-23.186935424804688,0.04966210201382637
10.680000305175781,54.870121002197266,21.88627052307129,41.99754333496094,-23.1929931640625,0.0368117094039917
10.6899995803833,61.01815414428711,21.803560256958008,7.562771797180176,-23.1922607421875,0.021458322182297707
10.699999809265137,54.5561408996582,21.56748390197754,-28.447107315063477,-23.18781089782715,0.008721798658370972
10.710000038146973,35.55979919433594,21.206045150756836,-58.4168701171875,-23.177194595336914,0.0023836903274059296
10.720000267028809,8.811524391174316,20.705890655517578,-70.33785247802734,-23.169118881225586,0.0008709847461432219
10.729999542236328,-13.236743927001953,19.82232666015625,-66.79830169677734,-23.145320892333984,-0.002036209451034665
10.739999771118164,-31.241247177124023,19.29741096496582,-56.52947235107422,-23.12377166748047,-0.0038963963743299246
10.75,-43.776859283447266,18.822668075561523,-42.38905715942383,-23.098119735717773,-0.005877625662833452
10.760000228881836,-50.683021545410156,18.214393615722656,-26.696937561035156,-23.06081199645996,-0.011228487826883793
10.770000457763672,-54.7403450012207,17.880956649780273,-11.64914321899414,-23.020305633544922,-0.01745392195880413
10.779999732971191,-54.33674240112305,17.392860412597656,1.404423713684082,-22.9682674407959,-0.024953452870249748
10.789999961853027,-52.35984420776367,17.45923614501953,12.575916290283203,-22.91375160217285,-0.030413514003157616
10.800000190734863,-49.35126495361328,17.36096954345703,22.25876808166504,-22.858253479003906,-0.03138761222362518
10.8100004196167,-45.93779754638672,16.877668380737305,30.335660934448242,-22.799793243408203,-0.025502488017082214
10.819999694824219,-43.38318634033203,17.211103439331055,35.22130584716797,-22.73975372314453,-0.01567555032670498
10.829999923706055,-39.7039909362793,17.154645919799805,36.0850715637207,-22.677684783935547,-0.00637211836874485
10.84000015258789,-36.36039733886719,17.185888290405273,39.89542007446289,-22.621610641479492,0.0019366806373000145
10.850000381469727,-33.73287582397461,17.45236587524414,45.94465637207031,-22.555994033813477,0.007392178755253553
10.859999656677246,-31.49189567565918,17.856843948364258,52.307090759277344,-22.478933334350586,0.010009153746068478
10.869999885559082,-28.035655975341797,17.856843948364258,55.82476043701172,-22.40980339050293,0.012508018873631954
10.880000114440918,-24.43767738342285,18.17135238647461,62.84474182128906,-22.336523056030273,0.015192685648798943
10.890000343322754,-19.47311782836914,18.38888931274414,67.3583755493164,-22.248689651489258,0.019903240725398064
10.899999618530273,-12.83804702758789,18.741966247558594,72.69034576416016,-22.157180786132812,0.025561271235346794
10.90999984741211,-4.125821590423584,19.375259399414062,78.79566192626953,-22.06766128540039,0.03434044122695923
10.920000076293945,7.595333576202393,20.208850860595703,78.01395416259766,-21.973962783813477,0.04318936914205551
10.930000305175781,23.88959312438965,20.725337982177734,76.11714172363281,-21.87308692932129,0.0514008104801178
10.9399995803833,40.63069534301758,21.694272994995117,66.19509887695312,-21.768831253051758,0.04942794889211655
10.949999809265137,54.931819915771484,22.330419540405273,43.83843231201172,-21.66189956665039,0.03824618458747864
10.960000038146973,63.031742095947266,22.330419540405273,10.211809158325195,-21.550575256347656,0.02475700154900551
10.970000267028809,58.97441864013672,22.330419540405273,-24.9648494720459,-21.4404239654541,0.012744888663291931
10.979999542236328,41.229679107666016,21.85087776184082,-50.39817810058594,-21.32370376586914,0.00532500259578228
10.989999771118164,18.09048080444336,20.758268356323242,-67.77345275878906,-21.206932067871094,0.001973732141777873
11,-4.779957294464111,19.810205459594727,-74.08270263671875,-21.082279205322266,0.0012112946715205908
11.010000228881836,-23.905532836914062,19.32794189453125,-68.59284210205078,-20.957624435424805,-0.0003588900435715914
11.020000457763672,-38.782386779785156,18.911148071289062,-53.740474700927734,-20.832969665527344,-0.0020488135050982237
11.029999732971191,-48.13986587524414,18.091493606567383,-41.72147750854492,-20.70659828186035,-0.004621782340109348
11.039999961853027,-53.311485290527344,17.677162170410156,-27.553863525390625,-20.56972885131836,-0.008808941580355167
11.050000190734863,-55.2920036315918,17.387868881225586,-12.873822212219238,-20.432777404785156,-0.013356293551623821
11.0600004196167,-55.07466125488281,17.07297134399414,0.3926470875740051,-20.295013427734375,-0.019233811646699905
11.069999694824219,-53.57194900512695,16.822895050048828,10.163941383361816,-20.145620346069336,-0.024913141503930092
11.079999923706055,-51.337162017822266,16.978918075561523,17.65030288696289,-19.977643966674805,-0.02797495201230049
11.09000015258789,-48.319114685058594,17.024551391601562,23.373271942138672,-19.802656173706055,-0.027455251663923264
11.100000381469727,-45.22874069213867,17.26373863220215,28.08051300048828,-19.64889907836914,-0.020733043551445007
11.109999656677246,-42.26982498168945,17.62958526611328,32.3798828125,-19.482707977294922,-0.011271406896412373
11.119999885559082,-38.9638557434082,17.546226501464844,36.67925262451172,-19.330615997314453,-0.004145435057580471
11.130000114440918,-36.838558197021484,17.872207641601562,41.554412841796875,-19.160633087158203,0.0006860526627860963
11.140000343322754,-33.96260452270508,17.899690628051758,45.29242706298828,-19.005413055419922,0.005435831379145384
11.149999618530273,-31.464200973510742,17.897357940673828,48.70964431762695,-18.838808059692383,0.008333898149430752
11.15999984741211,-29.55367660522461,18.04022216796875,52.73882293701172,-18.66649055480957,0.010427477769553661
11.170000076293945,-27.299606323242188,18.3736572265625,58.40617370605469,-18.494653701782227,0.012278320267796516
11.180000305175781,-23.55801773071289,18.789609909057617,61.9455680847168,-18.31742286682129,0.013325110077857971
11.1899995803833,-19.466808319091797,19.082725524902344,66.4780502319336,-18.134937286376953,0.014858243986964226
11.199999809265137,-14.591405868530273,19.497446060180664,71.26720428466797,-17.948406219482422,0.0182420015335083
11.210000038146973,-8.366718292236328,20.01951026916504,76.14950561523438,-17.759220123291016,0.02291637286543846
11.220000267028809,-0.10180196166038513,20.35294532775879,81.62142944335938,-17.574064254760742,0.02895328775048256
11.229999542236328,13.110498428344727,20.935874938964844,82.21910858154297,-17.391145706176758,0.0343092605471611
11.239999771118164,26.44700813293457,21.3944149017334,79.58252716064453,-17.195999145507812,0.03945595771074295
11.25,39.82114791870117,21.727590560913086,70.47850799560547,-16.998659133911133,0.04137394577264786
11.260000228881836,52.128665924072266,21.998798370361328,53.83721923828125,-16.793546676635742,0.03830159828066826
11.270000457763672,61.25103759765625,22.330419540405273,30.75568962097168,-16.585247039794922,0.031163671985268593
11.279999732971191,62.30293655395508,22.330419540405273,3.786919355392456,-16.376733779907227,0.02207711711525917
11.289999961853027,55.615516662597656,22.20414924621582,-23.477880477905273,-16.169971466064453,0.015305687673389912
11.300000190734863,43.0813102722168,21.952516555786133,-46.258827209472656,-15.952792167663574,0.008036398328840733
11.3100004196167,26.596113204956055,21.57552146911621,-61.718441009521484,-15.732743263244629,0.005109972320497036
11.319999694824219,8.152482032775879,21.06985855102539,-68.86653137207031,-15.508097648620605,0.004217582754790783
11.329999923706055,-7.325453281402588,20.152910232543945,-69.84365844726562,-15.283551216125488,0.002616431098431349
11.34000015258789,-20.273784637451172,19.618661880493164,-62.89555358886719,-15.065567970275879,0.002246784046292305
11.350000381469727,-31.124744415283203,19.11565589904785,-54.727787017822266,-14.843422889709473,0.0010465724626556039
11.359999656677246,-39.852630615234375,18.5545711517334,-47.061500549316406,-14.610936164855957,0.0007997065549716353
11.369999885559082,-46.11038589477539,18.054418563842773,-37.67695236206055,-14.372587203979492,-0.00037062488263472915
11.380000114440918,-49.86716842651367,17.554264068603516,-28.101085662841797,-14.131057739257812,-0.001693509053438902
11.390000343322754,-52.346290588378906,17.440698623657227,-18.978374481201172,-13.884016036987305,-0.0024644217919558287
11.399999618530273,-53.661338806152344,17.2219295501709,-10.09135913848877,-13.627342224121094,-0.004034606274217367
11.40999984741211,-53.971229553222656,16.989742279052734,-0.972598671913147,-13.378890991210938,-0.005604790523648262
11.420000076293945,-53.49879837036133,17.230226516723633,8.847931861877441,-13.128317832946777,-0.007423145230859518
11.430000305175781,-52.296630859375,17.146867752075195,13.7335786819458,-12.872798919677734,-0.009915926493704319
11.4399995803833,-50.85982131958008,17.258747100830078,18.77179718017578,-12.621119499206543,-0.011512297205626965
11.449999809265137,-49.03693771362305,17.07025146484375,23.956966400146484,-12.368134498596191,-0.012009941041469574
11.460000038146973,-47.146976470947266,16.783615112304688,28.5660400390625,-12.106833457946777,-0.01298284437507391
11.470000267028809,-45.76158142089844,17.027597427368164,31.361722946166992,-11.838044166564941,-0.010864383541047573
11.479999542236328,-43.50751495361328,17.1109561920166,30.580018997192383,-11.564618110656738,-0.009966776706278324
11.489999771118164,-41.84588623046875,17.32577133178711,33.650604248046875,-11.29083251953125,-0.008122889325022697
11.5,-40.180747985839844,17.3055477142334,36.0647087097168,-11.018198013305664,-0.006701236590743065
11.510000228881836,-38.37749481201172,17.226078033447266,37.49894714355469,-10.740482330322266,-0.0038341365288943052
11.520000457763672,-36.56758117675781,17.53734588623047,40.065467834472656,-10.460577011108398,-0.0005458865780383348
11.529999732971191,-34.614051818847656,17.370628356933594,43.19227981567383,-10.175281524658203,0.0012971326941624284
11.539999961853027,-33.25880813598633,17.00478172302246,43.362483978271484,-9.889711380004883,0.002343922620639205
11.550000190734863,-31.97425651550293,17.044971466064453,44.1689567565918,-9.599686622619629,0.003516209777444601
11.5600004196167,-30.892444610595703,17.436744689941406,46.41650390625,-9.310840606689453,0.0049607884138822556
11.569999694824219,-30.41814422607422,17.757150650024414,49.347896575927734,-9.023003578186035,0.005756148602813482
11.579999923706055,-29.516515731811523,17.84050941467285,52.27928161621094,-8.733338356018066,0.006007795687764883
11.59000015258789,-28.373239517211914,17.923870086669922,53.48223114013672,-8.444679260253906,0.006802720949053764
11.600000381469727,-26.836875915527344,17.775495529174805,54.698551177978516,-8.156999588012695,0.00692876148968935
11.609999656677246,-25.403806686401367,17.544734954833984,56.683204650878906,-7.864450454711914,0.007578305900096893
11.619999885559082,-24.739736557006836,17.549726486206055,59.54438400268555,-7.5712571144104,0.008372579701244831
11.630000114440918,-23.086753845214844,17.633085250854492,61.303218841552734,-7.28767204284668,0.008372579701244831
11.640000343322754,-21.43377113342285,17.919462203979492,63.53800582885742,-7.001821041107178,0.0082461042329669
11.649999618530273,-19.95022201538086,17.970928192138672,66.21363830566406,-6.709451198577881,0.007849293760955334
11.65999984741211,-18.502897262573242,17.962112426757812,68.89823150634766,-6.404048442840576,0.008102678693830967
11.670000076293945,-16.84991455078125,18.267351150512695,70.99503326416016,-6.103041172027588,0.008895865641534328
11.680000305175781,-15.196930885314941,18.183992385864258,72.3630142211914,-5.799144744873047,0.00902277510613203
11.6899995803833,-13.174463272094727,17.963993072509766,73.41065216064453,-5.499941825866699,0.009292134083807468
11.699999809265137,-11.242438316345215,17.952131271362305,72.8240737915039,-5.201617240905762,0.008895865641534328
11.710000038146973,-9.585014343261719,18.145814895629883,72.45601654052734,-4.903682231903076,0.00902310200035572
11.720000267028809,-8.198569297790527,18.389602661132812,74.9228515625,-4.601545333862305,0.009291808120906353
11.729999542236328,-6.3953142166137695,18.556320190429688,76.48625946044922,-4.2941694259643555,0.008895865641534328
11.739999771118164,-4.343399524688721,18.792007446289062,77.24121856689453,-3.985849618911743,0.008768303319811821
11.75,-2.4137115478515625,18.70404624938965,77.1482162475586,-3.6719484329223633,0.008244909346103668
11.760000228881836,-0.660235583782196,18.619131088256836,77.27404022216797,-3.3589370250701904,0.007977073080837727
11.770000457763672,0.9427353143692017,19.008182525634766,78.69110870361328,-3.0515077114105225,0.008372579701244831
11.779999732971191,1.9946339130401611,19.091541290283203,78.49568176269531,-2.7376067638397217,0.008372579701244831
11.789999961853027,3.1720309257507324,19.105283737182617,77.97383880615234,-2.426987409591675,0.008244474418461323
11.800000190734863,4.8153157234191895,19.496797561645508,78.5348892211914,-2.1204864978790283,0.007592866197228432
11.8100004196167,6.666946887969971,19.76800537109375,78.64399719238281,-1.8054537773132324,0.006931043695658445
11.819999694824219,8.15587043762207,19.328523635864258,76.72560119628906,-1.4905908107757568,0.006940713617950678
11.829999923706055,8.005599975585938,19.495243072509766,79.07070922851562,-1.1774083375930786,0.005884688347578049
11.84000015258789,8.3619966506958,19.31063461303711,79.109619140625,-0.8633901476860046,0.006279435008764267
11.850000381469727,8.991593360900879,19.407670974731445,79.99754333496094,-0.5504810214042664,0.006279435008764267
11.859999656677246,9.638717651367188,19.712196350097656,81.07861328125,-0.2404169887304306,0.006021703593432903
11.869999885559082,10.05985164642334,19.863487243652344,80.8252944946289,0.07067016512155533,0.005232862196862698
11.880000114440918,10.210123062133789,19.113256454467773,80.04358673095703,0.3859545886516571,0.005232862196862698
11.890000343322754,9.976886749267578,19.49764060974121,80.75812530517578,0.7010287642478943,0.0051036705262959
11.899999618530273,9.857464790344238,19.428089141845703,81.49971008300781,1.0092638731002808,0.00483887642621994
11.90999984741211,9.16476821899414,19.105283737182617,82.22457885742188,1.317499041557312,0.005103453062474728
11.920000076293945,7.3072943687438965,19.105283737182617,82.97269439697266,1.6301416158676147,0.0045800586231052876
11.930000305175781,6.255395412445068,19.105283737182617,81.80014038085938,1.9348448514938354,0.004445542581379414
11.9399995803833,4.816484451293945,19.17684555053711,82.30526733398438,2.2486045360565186,0.004843657370656729
11.949999809265137,3.222043514251709,19.36197280883789,83.32555389404297,2.5516436100006104,0.003922691103070974
11.960000038146973,1.5690600872039795,19.370399475097656,83.50669860839844,2.8525867462158203,0.004449671600013971
11.970000267028809,-0.10110049694776535,18.98219108581543,81.85393524169922,3.1557888984680176,0.0036630036775022745
11.979999542236328,-1.9043550491333008,18.815473556518555,79.50882720947266,3.461108684539795,0.003402664326131344
11.989999771118164,-4.228301048278809,19.298643112182617,80.04161071777344,3.7704379558563232,0.0027467093896120787
12,-5.98236083984375,19.057640075683594,78.36088562011719,4.082150936126709,0.0035308783408254385
12.010000228881836,-7.501666069030762,18.615955352783203,75.68965911865234,4.391261100769043,0.004448585212230682
12.020000457763672,-9.341611862182617,18.658607482910156,74.62728118896484,4.699168682098389,0.003401795169338584
12.029999732971191,-11.445408821105957,18.408531188964844,77.16781616210938,5.003941535949707,0.002877857070416212
12.039999961853027,-13.680547714233398,18.44988441467285,74.75493621826172,5.290645122528076,0.0036630036775022745
12.050000190734863,-15.088025093078613,18.53324317932129,72.23977661132812,5.591776371002197,0.00392486434429884
12.0600004196167,-16.387182235717773,18.459089279174805,70.45935821533203,5.895244121551514,0.004316459875553846
12.069999694824219,-18.32119369506836,18.14730453491211,69.18529510498047,6.195257663726807,0.0032708649523556232
12.079999923706055,-20.124448776245117,17.980587005615234,67.23103332519531,6.493598461151123,0.0037942598573863506
12.09000015258789,-21.79519271850586,18.034387588500977,65.62142944335938,6.789430618286133,0.0044490196742117405
12.100000381469727,-23.543411254882812,17.959260940551758,64.55342864990234,7.080862998962402,0.005232862196862698
12.109999656677246,-25.17279052734375,17.888996124267578,63.16872787475586,7.368739128112793,0.005627608858048916
12.119999885559082,-26.442501068115234,17.926462173461914,60.9043083190918,7.653176307678223,0.006934411823749542
12.130000114440918,-27.193857192993164,17.67638397216797,59.145477294921875,7.935652256011963,0.007721405476331711
12.140000343322754,-29.014638900756836,17.500463485717773,56.69125747680664,8.221222877502441,0.008895865641534328
12.149999618530273,-30.48615074157715,17.49417495727539,54.9029426574707,8.50593376159668,0.009555949829518795
12.15999984741211,-31.86570167541504,17.51193618774414,53.9963264465332,8.785917282104492,0.012040798552334309
12.170000076293945,-33.322021484375,17.35584831237793,53.204139709472656,9.066954612731934,0.013605441898107529
12.180000305175781,-33.62256622314453,16.772336959838867,48.90476608276367,9.34911060333252,0.014664184302091599
12.1899995803833,-34.19280242919922,17.086454391479492,47.06053161621094,9.633329391479492,0.018321536481380463
12.199999809265137,-35.08660125732422,17.124374389648438,46.25846481323242,9.904745101928711,0.02041511796414852
12.210000038146973,-36.259090423583984,17.057998657226562,44.22093200683594,10.177498817443848,0.022641366347670555
12.220000267028809,-37.56549072265625,17.10304832458496,40.055442810058594,10.44876766204834,0.02459445409476757
12.229999542236328,-38.61738967895508,16.936330795288086,37.710330963134766,10.719770431518555,0.024993112310767174
12.239999771118164,-39.80530548095703,16.845064163208008,36.24964904785156,10.991188049316406,0.026297306641936302
12.25,-41.40243148803711,17.03557014465332,35.78053665161133,11.26294994354248,0.02615518495440483
12.260000228881836,-43.082759857177734,17.06214714050293,34.82133865356445,11.532380104064941,0.02419481799006462
12.270000457763672,-44.60966110229492,16.699024200439453,32.03583526611328,11.794153213500977,0.022357990965247154
12.279999732971191,-46.26264190673828,16.615665435791016,26.954763412475586,12.054667472839355,0.020007874816656113
12.289999961853027,-48.05281066894531,16.836702346801758,23.12253189086914,12.30833625793457,0.01857122965157032
12.300000190734863,-50.15578842163086,16.865093231201172,18.629863739013672,12.55990982055664,0.017257144674658775
12.3100004196167,-52.15932846069336,16.781734466552734,13.907121658325195,12.803605079650879,0.015698587521910667
12.319999694824219,-53.71088409423828,16.768705368041992,9.181492805480957,13.053438186645508,0.015296995639801025
12.329999923706055,-54.76278305053711,17.102140426635742,3.318716526031494,13.298251152038574,0.013994756154716015
12.34000015258789,-54.56950759887695,17.435577392578125,-6.142571449279785,13.545269966125488,0.013337279669940472
12.350000381469727,-54.26896667480469,17.43259620666504,-15.65096664428711,13.79344367980957,0.012022110633552074
12.359999656677246,-52.75620651245117,17.513620376586914,-25.446271896362305,14.035051345825195,0.010465724393725395
12.369999885559082,-49.25568389892578,17.90098762512207,-35.562374114990234,14.271894454956055,0.010331316851079464
12.380000114440918,-44.146461486816406,18.151063919067383,-44.551963806152344,14.50920581817627,0.009538890793919563
12.390000343322754,-36.80490493774414,18.86551284790039,-53.90444564819336,14.74455451965332,0.007968706078827381
12.399999618530273,-26.735212326049805,19.388872146606445,-63.01894760131836,14.97065544128418,0.005455389618873596
12.40999984741211,-14.555298805236816,19.877748489379883,-69.64276123046875,15.185585021972656,0.00008659874583827332
12.420000076293945,-0.5165082812309265,20.445898056030273,-72.00792694091797,15.404953956604004,-0.006480447947978973
12.430000305175781,16.464139938354492,20.94605255126953,-69.27196502685547,15.631592750549316,-0.014972983859479427
12.4399995803833,34.57030487060547,21.055986404418945,-58.85148239135742,15.838971138000488,-0.021624673157930374
12.449999809265137,49.75412368774414,21.48354148864746,-39.83833694458008,16.051549911499023,-0.02552356757223606
12.460000038146973,60.13990020751953,21.88361167907715,-15.620725631713867,16.25891876220703,-0.025875287130475044
12.470000267028809,64.39014434814453,21.970277786254883,10.941693305969238,16.46772003173828,-0.0221929419785738
12.479999542236328,61.23444747924805,21.72020149230957,39.0830192565918,16.668264389038086,-0.01682339236140251
12.489999771118164,50.98585510253906,21.39143180847168,58.73806381225586,16.86564064025879,-0.011201758868992329
12.5,38.224952697753906,20.825939178466797,71.22541046142578,17.05938720703125,-0.006239449605345726
12.510000228881836,24.61758041381836,20.233739852905273,79.05065155029297,17.2476806640625,-0.002867860719561577
12.520000457763672,11.513602256774902,19.73358726501465,82.8043212890625,17.433895111083984,-0.0012769227614626288
12.529999732971191,0.09299006313085556,19.23343276977539,78.89580535888672,17.61542510986328,0.0013188638258725405
12.539999961853027,-7.465909004211426,18.812620162963867,74.42927551269531,17.787673950195312,0.0023656536359339952
12.550000190734863,-13.665940284729004,18.3371639251709,70.07200622558594,17.960330963134766,0.0036851693876087666
12.5600004196167,-18.759971618652344,17.950963973999023,65.23832702636719,18.136999130249023,0.006051692180335522
12.569999694824219,-22.649845123291016,17.71819305419922,60.41559600830078,18.297916412353516,0.009192061610519886
12.579999923706055,-24.753643035888672,17.551475524902344,58.07048416137695,18.46407127380371,0.013152563944458961
12.59000015258789,-26.857439041137695,17.464746475219727,50.84975814819336,18.623022079467773,0.01943330280482769
12.600000381469727,-29.17507553100586,17.203454971313477,47.59498977661133,18.783119201660156,0.026124760508537292
12.609999656677246,-31.09191131591797,17.101816177368164,45.75986862182617,18.93254280090332,0.03329060971736908
12.619999885559082,-32.70329666137695,17.232624053955078,43.02086639404297,19.080495834350586,0.037427570670843124
12.630000114440918,-35.25790786743164,17.232624053955078,38.13521957397461,19.225427627563477,0.03751373291015625
12.640000343322754,-38.53933334350586,17.313261032104492,35.518096923828125,19.36481285095215,0.03393537178635597
12.649999618530273,-41.41294860839844,17.576496124267578,30.587923049926758,19.499895095825195,0.028066983446478844
12.65999984741211,-44.330265045166016,17.5564022064209,24.817235946655273,19.62830352783203,0.023906663060188293
12.670000076293945,-47.28474426269531,17.195417404174805,18.97542953491211,19.76129722595215,0.02073902077972889
12.680000305175781,-49.538814544677734,17.02869987487793,12.526375770568848,19.89582061767578,0.01657956838607788
12.6899995803833,-50.91368865966797,17.34969139099121,2.6471872329711914,20.027450561523438,0.014514131471514702
12.699999809265137,-51.28282165527344,17.804340362548828,-7.887879371643066,20.171369552612305,0.013852742500603199
12.710000038146973,-49.483306884765625,18.18470573425293,-20.134061813354492,20.303678512573242,0.012667851522564888
12.720000267028809,-44.789493560791016,18.45403480529785,-34.550899505615234,20.414934158325195,0.010821246542036533
12.729999542236328,-36.97539138793945,18.7874698638916,-50.77124786376953,20.520854949951172,0.007236040197312832
12.739999771118164,-23.991771697998047,19.448637008666992,-58.92412185668945,20.61927604675293,-0.000152118198457174
12.75,-7.495006084442139,20.1767635345459,-62.91561508178711,20.718549728393555,-0.011174160055816174
12.760000228881836,12.285174369812012,20.886415481567383,-60.50941467285156,20.818191528320312,-0.022903768345713615
12.770000457763672,33.220314025878906,21.47368812561035,-48.875648498535156,20.9156494140625,-0.0310760959982872
12.779999732971191,50.95232009887695,21.807125091552734,-24.447410583496094,21.00632095336914,-0.03314827010035515
12.789999961853027,56.32819747924805,21.8928165435791,5.78889274597168,21.084819793701172,-0.02708049677312374
12.800000190734863,51.209510803222656,21.604755401611328,34.91889953613281,21.163721084594727,-0.018706178292632103
12.8100004196167,39.74402618408203,21.394088745117188,56.59111404418945,21.24030876159668,-0.010749424807727337
12.819999694824219,25.208965301513672,21.188608169555664,68.49948120117188,21.312763214111328,-0.0049203685484826565
12.829999923706055,9.881301879882812,20.35502052307129,72.6034164428711,21.38188934326172,-0.002198214875534177
12.84000015258789,-1.8454618453979492,19.7711181640625,69.87809753417969,21.447824478149414,-0.00006997435411904007
12.850000381469727,-10.296523094177246,19.31270980834961,66.84884643554688,21.502885818481445,0.003174921963363886
12.859999656677246,-16.60300636291504,18.644670486450195,62.54400634765625,21.56227684020996,0.005827426910400391
12.869999885559082,-21.48039436340332,17.982078552246094,56.923004150390625,21.608612060546875,0.010154426097869873
12.880000114440918,-25.23063087463379,18.061288833618164,50.88911437988281,21.653093338012695,0.015704672783613205
12.890000343322754,-27.935514450073242,17.47777557373047,48.73943328857422,21.697715759277344,0.02397576905786991
12.899999618530273,-30.526464462280273,17.526260375976562,43.77461242675781,21.741647720336914,0.033256709575653076
12.90999984741211,-32.77445602416992,17.648771286010742,39.50685119628906,21.780784606933594,0.040611401200294495
12.920000076293945,-35.04301452636719,17.648771286010742,37.6414909362793,21.80747413635254,0.04178640618920326
12.930000305175781,-38.207122802734375,17.64177131652832,38.12382507324219,21.835805892944336,0.037318263202905655
12.9399995803833,-41.963905334472656,17.141616821289062,31.283918380737305,21.863130569458008,0.031240709125995636
12.949999809265137,-45.26028823852539,16.960702896118164,25.491804122924805,21.882043838500977,0.023992067202925682
12.960000038146973,-48.72727584838867,17.093196868896484,18.299341201782227,21.888843536376953,0.020227359607815742
12.970000267028809,-51.956939697265625,17.31416893005371,9.083324432373047,21.89885711669922,0.01761038601398468
12.979999542236328,-53.70457458496094,17.232624053955078,-1.3593475818634033,21.9100341796875,0.015275482088327408
12.989999771118164,-52.953216552734375,17.232624053955078,-15.625436782836914,21.91341209411621,0.013564152643084526
13,-48.71384048461914,17.61960220336914,-31.252365112304688,21.910594940185547,0.011329320259392262
13.010000228881836,-40.37367248535156,18.075937271118164,-46.35273742675781,21.897708892822266,0.008005540817975998
13.020000457763672,-27.459810256958008,18.585294723510742,-59.696556091308594,21.880781173706055,0.0012154235737398267
13.029999732971191,-9.678261756896973,19.340452194213867,-70.31702423095703,21.86542510986328,-0.01105007529258728
13.039999961853027,14.66567611694336,20.257400512695312,-70.31702423095703,21.847373962402344,-0.025760112330317497
13.050000190734863,39.12704849243164,20.91377067565918,-55.50279998779297,21.82229232788086,-0.03581305220723152
13.0600004196167,57.769561767578125,21.452816009521484,-28.31094741821289,21.79464340209961,-0.037685517221689224
13.069999694824219,65.97628784179688,21.786447525024414,6.362862586975098,21.768512725830078,-0.0310760959982872
13.079999923706055,60.47444152832031,21.703088760375977,41.2827033996582,21.733104705810547,-0.021609896793961525
13.09000015258789,44.84623718261719,21.61972999572754,64.53838348388672,21.690040588378906,-0.01175644714385271
13.100000381469727,27.557567596435547,20.944236755371094,75.45457458496094,21.64805793762207,-0.005521669052541256
13.109999656677246,11.370809555053711,20.110647201538086,79.48011016845703,21.604158401489258,-0.0015233539743348956
13.119999885559082,-1.8320238590240479,19.423681259155273,78.50936126708984,21.555505752563477,0.0005702255293726921
13.130000114440918,-10.863019943237305,19.094005584716797,72.75386810302734,21.496068954467773,0.0026638051494956017
13.140000343322754,-17.024141311645508,18.843929290771484,65.13225555419922,21.434017181396484,0.005471252836287022
13.149999618530273,-22.586395263671875,18.328088760375977,60.15862274169922,21.36977195739746,0.01061045378446579
13.15999984741211,-26.75870132446289,17.790340423583984,55.8592529296875,21.301362991333008,0.01760614849627018
13.170000076293945,-29.281293869018555,17.440698623657227,51.26583480834961,21.232372283935547,0.02650386095046997
13.180000305175781,-30.41265106201172,17.449514389038086,46.15467071533203,21.16189193725586,0.03540157526731491
13.1899995803833,-32.967262268066406,17.61623191833496,44.00498962402344,21.0839786529541,0.04243616759777069
13.199999809265137,-36.247520446777344,17.112058639526367,38.86692810058594,21.01032066345215,0.04295206442475319
13.210000038146973,-39.78742599487305,16.862890243530273,34.09221649169922,20.928682327270508,0.038427095860242844
13.220000267028809,-43.30115509033203,16.99771499633789,29.580400466918945,20.845956802368164,0.031766604632139206
13.229999542236328,-46.58889389038086,17.202287673950195,23.63465118408203,20.761058807373047,0.025629615411162376
13.239999771118164,-49.59431838989258,16.70213508605957,16.403892517089844,20.679046630859375,0.020447714254260063
13.25,-52.23341369628906,16.87935447692871,7.42630672454834,20.576765060424805,0.017215855419635773
13.260000228881836,-54.27901840209961,17.024551391601562,-2.3954391479492188,20.4771671295166,0.014978200197219849
13.270000457763672,-55.028385162353516,17.050933837890625,-14.103819847106934,20.3801326751709,0.012793784029781818
13.279999732971191,-53.5074462890625,17.157108306884766,-29.32546043395996,20.271547317504883,0.01160269882529974
13.289999961853027,-47.64686584472656,17.573904037475586,-46.913787841796875,20.152118682861328,0.010032514110207558
13.300000190734863,-37.2249870300293,18.127470016479492,-61.135353088378906,20.029571533203125,0.007306231651455164
13.3100004196167,-22.278257369995117,18.520151138305664,-73.05390167236328,19.911317825317383,0.00010267968173138797
13.319999694824219,-2.8936212062835693,18.87834930419922,-80.25365447998047,19.809167861938477,-0.011322801001369953
13.329999923706055,20.408466339111328,19.480918884277344,-78.71791076660156,19.707592010498047,-0.023304926231503487
13.34000015258789,45.65403366088867,20.31450653076172,-60.93415451049805,19.587003707885742,-0.0327581949532032
13.350000381469727,61.814964294433594,21.493263244628906,-30.850419998168945,19.47934913635254,-0.03637111186981201
13.359999656677246,68.33248138427734,22.356800079345703,3.5995469093322754,19.371694564819336,-0.0307895727455616
13.369999885559082,64.99298095703125,22.718887329101562,36.247825622558594,19.249019622802734,-0.022502830252051353
13.380000114440918,52.64199447631836,22.60052490234375,61.53070831298828,19.13162612915039,-0.014099391177296638
13.390000343322754,35.06026077270508,22.100370407104492,74.81966400146484,19.01034164428711,-0.008342047221958637
13.399999618530273,20.116455078125,21.66990089416504,81.57416534423828,18.881061553955078,-0.003021499840542674
13.40999984741211,7.015515327453613,21.05708885192871,81.99115753173828,18.755361557006836,0.00043712221668101847
13.420000076293945,-3.8798491954803467,20.39183807373047,78.13385772705078,18.632047653198242,0.002007307019084692
13.430000305175781,-12.088210105895996,19.884035110473633,72.83942413330078,18.502056121826172,0.003723416244611144
13.4399995803833,-18.249330520629883,19.300521850585938,67.36750030517578,18.367204666137695,0.0059630293399095535
13.449999809265137,-23.015825271606445,18.8576717376709,62.71997833251953,18.233606338500977,0.00858000386506319
13.460000038146973,-26.628877639770508,18.391223907470703,57.992374420166016,18.103004455566406,0.011343228630721569
13.470000267028809,-29.320907592773438,18.180816650390625,54.261505126953125,17.963428497314453,0.014922675676643848
13.479999542236328,-31.469573974609375,18.439579010009766,52.34796905517578,17.820642471313477,0.0199261661618948
13.489999771118164,-34.02418518066406,18.022785186767578,47.26689910888672,17.68116569519043,0.02612323872745037
13.5,-36.066986083984375,17.889902114868164,44.18263626098633,17.542789459228516,0.03227728605270386
13.510000228881836,-38.201866149902344,17.95744514465332,42.62591552734375,17.38714599609375,0.034830477088689804
13.520000457763672,-40.24232864379883,18.035295486450195,39.760780334472656,17.231470108032227,0.03514275699853897
13.529999732971191,-41.9920654296875,17.96088218688965,33.5986328125,17.07225799560547,0.03269050642848015
13.539999961853027,-44.54667282104492,17.96088218688965,31.448949813842773,16.91337776184082,0.027979949489235878
13.550000190734863,-47.10128402709961,17.674375534057617,26.10877799987793,16.749971389770508,0.02356385439634323
13.5600004196167,-49.56405258178711,17.44283676147461,20.365446090698242,16.573497772216797,0.020047426223754883
13.569999694824219,-51.804683685302734,17.276119232177734,14.556160926818848,16.392309188842773,0.017349394038319588
13.579999923706055,-53.70632553100586,17.157367706298828,8.318032264709473,16.216856002807617,0.01577921025454998
13.59000015258789,-55.20903778076172,17.407445907592773,0.6964235901832581,16.032094955444336,0.014061362482607365
13.600000381469727,-54.75740432739258,17.51297378540039,-9.127906799316406,15.834711074829102,0.012558870017528534
13.609999656677246,-53.16892623901367,17.64792823791504,-18.806198120117188,15.651129722595215,0.012115227989852428
13.619999885559082,-50.73069763183594,17.90740394592285,-28.766536712646484,15.456440925598145,0.010841021314263344
13.630000114440918,-47.20832061767578,18.324199676513672,-39.494293212890625,15.257458686828613,0.010317626409232616
13.640000343322754,-39.995304107666016,18.74099349975586,-48.6793098449707,15.063552856445312,0.009646025486290455
13.649999618530273,-31.204788208007812,19.303634643554688,-59.40296173095703,14.861781120300293,0.008005974814295769
13.65999984741211,-20.11650276184082,19.782657623291016,-66.91728210449219,14.652255058288574,0.003975063096731901
13.670000076293945,-6.997568130493164,20.325721740722656,-70.31702423095703,14.442910194396973,-0.0015630134148523211
13.680000305175781,7.762197494506836,21.04328155517578,-69.65324401855469,14.230598449707031,-0.00582134211435914
13.6899995803833,24.74284553527832,21.54343605041504,-64.57217407226562,14.008023262023926,-0.011429935693740845
13.699999809265137,39.99934768676758,21.97001838684082,-53.971763610839844,13.779783248901367,-0.01606845110654831
13.710000038146973,52.07059097290039,22.28102684020996,-35.07289505004883,13.553805351257324,-0.018612952902913094
13.720000267028809,60.29051971435547,22.49888801574707,-13.176687240600586,13.321763038635254,-0.019510667771100998
13.729999542236328,64.22561645507812,22.5848388671875,7.048220157623291,13.08547592163086,-0.018989769741892815
13.739999771118164,62.722900390625,22.168045043945312,30.30390167236328,12.856566429138184,-0.015401521697640419
13.75,57.607723236083984,21.825469970703125,47.8176155090332,12.623181343078613,-0.011139173060655594
13.760000228881836,49.924259185791016,21.813282012939453,60.60752487182617,12.388713836669922,-0.008447335101664066
13.770000457763672,40.228843688964844,21.74995231628418,70.31301879882812,12.149481773376465,-0.006278674583882093
13.779999732971191,29.456756591796875,21.284412384033203,77.54499053955078,11.912589073181152,-0.0030640929471701384
13.789999961853027,19.839399337768555,20.534183502197266,77.93584442138672,11.665725708007812,-0.0011203497415408492
13.800000190734863,11.166787147521973,20.308025360107422,81.13499450683594,11.418216705322266,0.000599779887124896
13.8100004196167,3.38283109664917,20.032928466796875,80.71436309814453,11.176799774169922,0.002243198687210679
13.819999694824219,-3.134686231613159,19.665979385375977,77.85955810546875,10.930756568908691,0.002766593359410763
13.829999923706055,-8.04712963104248,19.236351013183594,74.5674057006836,10.67833423614502,0.002989446511492133
13.84000015258789,-11.0525541305542,18.73619842529297,71.44059753417969,10.433284759521484,0.0030675700400024652
13.850000381469727,-14.466374397277832,18.84016990661621,72.03158569335938,10.18701457977295,0.004336778074502945
13.859999656677246,-17.3294734954834,18.56818389892578,68.2519302368164,9.938666343688965,0.004860172979533672
13.869999885559082,-19.760921478271484,18.272991180419922,64.16059875488281,9.688224792480469,0.0055342731066048145
13.880000114440918,-22.039295196533203,18.178613662719727,62.83577346801758,9.434404373168945,0.006279435008764267
13.890000343322754,-24.443635940551758,17.59510040283203,59.708961486816406,9.180563926696777,0.006581280846148729
13.899999618530273,-26.436073303222656,17.620899200439453,58.36772537231445,8.922027587890625,0.007477038539946079
13.90999984741211,-27.589399337768555,17.42682647705078,56.54476547241211,8.658294677734375,0.008000434376299381
13.920000076293945,-29.156496047973633,17.128198623657227,53.57903289794922,8.230049133300781,0.008372579701244831
13.930000305175781,-31.40285301208496,16.920515060424805,50.170780181884766,8.015595436096191,0.008675294928252697
13.9399995803833,-31.40285301208496,16.920515060424805,50.170780181884766,7.881379127502441,0.010025016963481903
13.949999809265137,-33.20295333862305,16.536455154418945,50.170780181884766,7.6177849769592285,0.011512297205626965
13.960000038146973,-33.94215393066406,16.62487030029297,47.801963806152344,7.358671188354492,0.01196734793484211
13.970000267028809,-34.15634536743164,16.781023025512695,44.45054626464844,7.089536666870117,0.013082155957818031
13.979999542236328,-34.53681564331055,16.78633689880371,41.704856872558594,6.816430568695068,0.013234056532382965
13.989999771118164,-35.288169860839844,17.2031307220459,40.72772979736328,6.547945499420166,0.013909460976719856
14,-35.8998908996582,16.92278289794922,42.11136245727539,6.268031120300293,0.014652014710009098
14.010000228881836,-36.39861297607422,16.873260498046875,40.87923812866211,5.979060649871826,0.014652014710009098
14.020000457763672,-36.84942626953125,16.956619262695312,38.931209564208984,5.704659938812256,0.014956685714423656
14.029999732971191,-37.27242660522461,17.05540657043457,38.26499938964844,5.423978805541992,0.015546143054962158
14.039999961853027,-37.57297134399414,17.222124099731445,39.82840347290039,5.142661094665527,0.014870194718241692
14.050000190734863,-38.295928955078125,16.920190811157227,36.99700927734375,4.860864162445068,0.0141287287697196
14.0600004196167,-39.25434875488281,17.103633880615234,35.62051773071289,4.57869291305542,0.014434268698096275
14.069999694824219,-39.842464447021484,17.263154983520508,35.29273223876953,4.287944316864014,0.01471666432917118
14.079999923706055,-39.987361907958984,17.12858772277832,35.14198303222656,3.9925992488861084,0.013299467973411083
14.09000015258789,-40.73871612548828,17.12858772277832,34.36028289794922,3.7013425827026367,0.012558870017528534
14.100000381469727,-41.63204574584961,17.04983139038086,33.578575134277344,3.407839298248291,0.012405664660036564
14.109999656677246,-42.11487579345703,16.734155654907227,33.069190979003906,3.1153197288513184,0.011882269755005836
14.119999885559082,-42.6176872253418,16.46696662902832,31.8015079498291,2.828511953353882,0.010898608714342117
14.130000114440918,-43.399192810058594,16.500673294067383,29.613224029541016,2.5519609451293945,0.009572682902216911
14.140000343322754,-44.30082321166992,17.00082778930664,28.049816131591797,2.269789934158325,0.009942438453435898
14.149999618530273,-44.916160583496094,16.54812240600586,28.161813735961914,1.986570119857788,0.009327447041869164
14.15999984741211,-45.8348503112793,16.341604232788086,29.183317184448242,1.7023110389709473,0.007849293760955334
14.170000076293945,-46.54378890991211,16.44849395751953,29.837675094604492,1.4092628955841064,0.007541363127529621
14.180000305175781,-46.844329833984375,16.677698135375977,29.2349853515625,1.1211659908294678,0.006956794764846563
14.1899995803833,-47.144874572753906,16.51097869873047,27.08530044555664,0.8387489914894104,0.007326007355004549
14.199999809265137,-46.868167877197266,16.50436782836914,27.938426971435547,0.5519137382507324,0.007017424795776606
14.210000038146973,-47.102806091308594,16.860620498657227,28.3587589263916,0.26197341084480286,0.006433834787458181
14.220000267028809,-47.344337463378906,17.089889526367188,28.73563003540039,-0.02629929780960083,0.00664821220561862
14.229999542236328,-47.21439743041992,17.060590744018555,29.19516944885254,-0.3187297582626343,0.005970200523734093
14.239999771118164,-46.61331558227539,17.22730827331543,29.19516944885254,-0.6124532222747803,0.004923410713672638
14.25,-46.303192138671875,17.15192222595215,29.19516944885254,-0.9268202185630798,0.004495958797633648
14.260000228881836,-45.56983184814453,17.24863624572754,28.773014068603516,-1.508331298828125,0.005232862196862698
14.270000457763672,-45.02284622192383,17.179277420043945,28.92467498779297,-1.508331298828125,0.0047677066177129745
14.279999732971191,-44.906227111816406,16.920515060424805,29.68297576904297,-1.7777425050735474,0.003818164113909006
14.289999961853027,-44.906227111816406,16.920515060424805,29.68297576904297,-2.0715267658233643,0.0037204825785011053
14.300000190734863,-44.46628189086914,17.164562225341797,29.301544189453125,-2.3609492778778076,0.002461053431034088
14.3100004196167,-43.90609359741211,17.050609588623047,31.470985412597656,-2.6472363471984863,0.001782172010280192
14.319999694824219,-43.44920349121094,17.160480499267578,32.72256088256836,-2.9389398097991943,0.0010465724626556039
14.329999923706055,-43.21830749511719,17.564050674438477,31.986143112182617,-3.2364723682403564,0.0008908687741495669
14.34000015258789,-43.21830749511719,17.647409439086914,31.399866104125977,-3.526752471923828,0.00036747384001500905
14.350000381469727,-42.479217529296875,17.40277862548828,33.12040328979492,-3.809924840927124,-0.00031184207182377577
14.359999656677246,-41.83840560913086,17.581941604614258,32.86662292480469,-4.097792148590088,-0.0010465724626556039
14.369999885559082,-41.383853912353516,17.54959487915039,32.842308044433594,-4.3759260177612305,-0.0010465724626556039
14.380000114440918,-41.1912841796875,17.332447052001953,34.14707565307617,-4.651891708374023,-0.0010465724626556039
14.390000343322754,-41.341552734375,17.749242782592773,36.4921875,-4.932754993438721,-0.0010465724626556039
14.399999618530273,-40.44892120361328,17.504871368408203,35.93098068237305,-5.205860137939453,-0.0008901081746444106
14.40999984741211,-40.1058464050293,17.316761016845703,36.21636962890625,-5.483222961425781,-0.00036671324050985277
14.420000076293945,-39.6578369140625,17.273914337158203,38.545066833496094,-5.766685485839844,0.00015668163541704416
14.430000305175781,-38.980796813964844,17.29543685913086,41.440895080566406,-6.042354106903076,0.0008368668495677412
14.4399995803833,-38.52998352050781,17.12871742248535,40.6591911315918,-6.318591594696045,0.0017267577350139618
14.449999809265137,-38.07917404174805,17.295177459716797,42.80659866333008,-6.59760856628418,0.0019361373269930482
14.460000038146973,-36.72532653808594,17.461894989013672,44.075496673583984,-6.873940467834473,0.0018840912962332368
14.470000267028809,-35.97957992553711,17.670551300048828,45.4459114074707,-7.147045612335205,0.00308810593560338
14.479999542236328,-35.5549430847168,17.793060302734375,47.204742431640625,-7.418519020080566,0.004343623295426369
14.489999771118164,-33.45956039428711,17.545318603515625,48.94169235229492,-7.684892177581787,0.0047095762565732
14.5,-32.55792999267578,17.628677368164062,47.57371139526367,-7.945091724395752,0.005024678073823452
14.510000228881836,-31.65630340576172,17.775300979614258,47.392269134521484,-8.205111503601074,0.006071467883884907
14.520000457763672,-30.908220291137695,17.81425666809082,48.386417388916016,-8.477789878845215,0.0064871846698224545
14.529999732971191,-30.070159912109375,17.81853485107422,50.967071533203125,-8.736163139343262,0.005914025940001011
14.539999961853027,-28.56966781616211,18.062456130981445,55.79497146606445,-8.99131965637207,0.006753391120582819
14.550000190734863,-27.217227935791016,17.895736694335938,56.77210235595703,-9.245314598083496,0.008165482431650162
14.5600004196167,-25.634353637695312,18.11249542236328,58.34857940673828,-9.49561595916748,0.008895865641534328
14.569999694824219,-23.825490951538086,18.316226959228516,61.323734283447266,-9.749670028686523,0.009054177440702915
14.579999923706055,-21.912630081176758,18.399585723876953,65.00460815429688,-10.006474494934082,0.009577572345733643
14.59000015258789,-20.078876495361328,18.481063842773438,67.58480834960938,-10.26009464263916,0.010418024845421314
14.600000381469727,-16.923179626464844,18.481063842773438,71.8841781616211,-10.507987022399902,0.011829572729766369
14.609999656677246,-13.185564041137695,18.803869247436523,75.42676544189453,-10.7556734085083,0.013670092448592186
14.619999885559082,-8.962078094482422,19.089014053344727,78.13172149658203,-11.004515647888184,0.01653958298265934
14.630000114440918,-4.244777202606201,19.325347900390625,80.4990234375,-11.245450973510742,0.018063262104988098
14.640000343322754,1.101302981376648,19.72697639465332,83.42448425292969,-11.493895530700684,0.02131652645766735
14.649999618530273,9.215949058532715,19.643617630004883,86.16044616699219,-11.743805885314941,0.025867898017168045
14.65999984741211,17.800806045532227,20.212350845336914,84.4630126953125,-11.979515075683594,0.02989576943218708
14.670000076293945,27.720691680908203,20.962581634521484,82.26241302490234,-12.211983680725098,0.032921940088272095
14.680000305175781,38.561485290527344,21.56968879699707,77.95879364013672,-12.440346717834473,0.03401360660791397
14.6899995803833,49.046119689941406,21.816587448120117,66.76738739013672,-12.662768363952637,0.03385399281978607
14.699999809265137,58.66347885131836,21.983304977416992,54.260135650634766,-12.889337539672852,0.032212525606155396
14.710000038146973,64.9566421508789,22.1500244140625,36.04024124145508,-13.110491752624512,0.027865536510944366
14.720000267028809,67.76014709472656,22.226383209228516,14.925281524658203,-13.320822715759277,0.02251521684229374
14.729999542236328,66.24107360839844,22.226383209228516,-8.157463073730469,-13.530076026916504,0.016031181439757347
14.739999771118164,59.37405014038086,22.222558975219727,-32.84023666381836,-13.74637222290039,0.010594155639410019
14.75,47.202083587646484,22.13920021057129,-50.62399673461914,-13.96027660369873,0.006845205556601286
14.760000228881836,31.912981033325195,21.789817810058594,-63.73029327392578,-14.160195350646973,0.005114644765853882
14.770000457763672,15.751344680786133,21.281368255615234,-69.8495864868164,-14.362763404846191,0.0033420345280319452
14.779999732971191,-0.024562468752264977,20.672704696655273,-70.45105743408203,-14.57064151763916,0.0022952447179704905
14.789999961853027,-14.597949028015137,20.010305404663086,-69.05830383300781,-14.764421463012695,0.0015698587521910667
14.800000190734863,-26.469377517700195,19.42679214477539,-63.78180694580078,-14.958202362060547,0.0014090480981394649
14.8100004196167,-35.79857635498047,18.91043472290039,-55.67148208618164,-15.141044616699219,0.0007247340399771929
14.819999694824219,-43.425132751464844,18.503232955932617,-45.242942810058594,-15.323260307312012,-0.0011271950788795948
14.829999923706055,-49.257198333740234,18.0924015045166,-33.759315490722656,-15.512162208557129,-0.00382414017803967
14.84000015258789,-52.86627960205078,17.549856185913086,-22.911510467529297,-15.694406509399414,-0.005153760779649019
14.850000381469727,-54.218719482421875,17.633214950561523,-13.53106689453125,-15.871808052062988,-0.008778192102909088
14.859999656677246,-53.98221206665039,17.3775634765625,-3.1968982219696045,-16.049198150634766,-0.013004357926547527
14.869999885559082,-53.12627410888672,17.18549919128418,6.69323205947876,-16.219072341918945,-0.01679101213812828
14.880000114440918,-52.16972732543945,17.1550350189209,14.709644317626953,-16.37873649597168,-0.020731523633003235
14.890000343322754,-51.2415771484375,17.198009490966797,19.804241180419922,-16.541763305664062,-0.021454736590385437
14.899999618530273,-47.93560791015625,16.697858810424805,25.08074188232422,-16.706993103027344,-0.020321456715464592
14.90999984741211,-45.24661636352539,16.813756942749023,31.320085525512695,-16.863094329833984,-0.015685657039284706
14.920000076293945,-42.95036697387695,17.01605987548828,34.185218811035156,-17.013813018798828,-0.00888152327388525
14.930000305175781,-40.65119171142578,17.074398040771484,35.778106689453125,-17.172203063964844,-0.0028885051142424345
14.9399995803833,-37.98101806640625,16.946184158325195,40.25785446166992,-17.322834014892578,0.001298653893172741
14.949999809265137,-35.72694778442383,17.279621124267578,44.55722427368164,-17.469694137573242,0.005323372781276703
14.960000038146973,-32.97462463378906,17.4748592376709,46.91267013549805,-17.60854721069336,0.008662039414048195
14.970000267028809,-30.468624114990234,17.641576766967773,48.41285705566406,-17.74453353881836,0.010628382675349712
14.979999542236328,-28.264568328857422,17.7528076171875,50.43094253540039,-17.875503540039062,0.011314543895423412
14.989999771118164,-26.0843505859375,17.788135528564453,54.2434196472168,-18.005088806152344,0.0128499586135149
15,-23.07892417907715,18.20492935180664,59.129066467285156,-18.13767433166504,0.014977982267737389
15.010000228881836,-18.564712524414062,18.691471099853516,64.01470947265625,-18.26715087890625,0.017166417092084885
15.020000457763672,-13.579119682312012,19.044418334960938,69.47554779052734,-18.389789581298828,0.02220337465405464
15.029999732971191,-7.4462785720825195,19.550016403198242,74.40647888183594,-18.51204490661621,0.028940575197339058
15.039999961853027,1.0160012245178223,20.511754989624023,77.22586822509766,-18.626564025878906,0.03751145303249359
15.050000190734863,12.887428283691406,21.09526824951172,77.03044128417969,-18.74215316772461,0.044381216168403625
15.0600004196167,27.043067932128906,21.60838508605957,72.70919036865234,-18.85774040222168,0.04663723334670067
15.069999694824219,42.0675048828125,22.108539581298828,62.499629974365234,-18.965248107910156,0.04169567674398422
15.079999923706055,55.51058578491211,22.43445587158203,44.87118148803711,-19.067188262939453,0.03214254975318909
15.09000015258789,64.2376480102539,22.44281768798828,19.22936248779297,-19.172157287597656,0.02131522074341774
15.100000381469727,62.28412628173828,22.52617645263672,-12.038779258728027,-19.274307250976562,0.011667675338685513
15.109999656677246,49.82890701293945,22.183277130126953,-39.143104553222656,-19.36894989013672,0.00545854028314352
15.119999885559082,30.92266273498535,21.615385055541992,-59.7398681640625,-19.461231231689453,0.0026772785931825638
15.130000114440918,9.35768985748291,20.918827056884766,-71.8833236694336,-19.551708221435547,0.0006876824190840125
15.140000343322754,-10.977768898010254,20.123546600341797,-74.30790710449219,-19.633163452148438,0.0005530578782781959
15.149999618530273,-26.75624656677246,18.95652198791504,-66.10002136230469,-19.706300735473633,-0.0010171267203986645
15.15999984741211,-38.52834701538086,18.578100204467773,-50.66502380371094,-19.777362823486328,-0.0034109223634004593
15.170000076293945,-47.0734748840332,18.12396812438965,-35.84776306152344,-19.846994400024414,-0.007762912195175886
15.180000305175781,-52.34535598754883,17.722471237182617,-22.452425003051758,-19.924053192138672,-0.01263840589672327
15.1899995803833,-54.418888092041016,17.668087005615234,-9.803386688232422,-20.00222396850586,-0.01787235401570797
15.199999809265137,-53.968074798583984,17.83480453491211,0.9450363516807556,-20.076343536376953,-0.022941147908568382
15.210000038146973,-51.95238494873047,17.856843948364258,11.015092849731445,-20.143531799316406,-0.026329578831791878
15.220000267028809,-49.3257942199707,17.495210647583008,18.801734924316406,-20.196802139282227,-0.025364603847265244
15.229999542236328,-46.19136428833008,17.252525329589844,24.30648422241211,-20.244056701660156,-0.02001906745135784
15.239999771118164,-42.640594482421875,17.555042266845703,28.50494956970215,-20.28923225402832,-0.012499325908720493
15.25,-39.484893798828125,17.638399124145508,34.758575439453125,-20.3328800201416,-0.005032392684370279
15.260000228881836,-36.329200744628906,18.013710021972656,38.44552993774414,-20.368200302124023,0.002041424857452512
15.270000457763672,-34.02219772338867,18.221263885498047,43.116756439208984,-20.393081665039062,0.0055136289447546005
15.279999732971191,-32.104896545410156,18.08319664001465,46.80887985229492,-20.419206619262695,0.008704631589353085
15.289999961853027,-29.941856384277344,17.725454330444336,48.18126678466797,-20.44065284729004,0.010249825194478035
15.300000190734863,-27.387245178222656,18.3089656829834,53.457763671875,-20.455625534057617,0.01270055677741766
15.3100004196167,-24.434404373168945,18.892478942871094,57.8711051940918,-20.473758697509766,0.01562589593231678
15.319999694824219,-20.283367156982422,18.999366760253906,64.15695190429688,-20.480693817138672,0.0203364510089159
15.329999923706055,-14.659997940063477,19.155454635620117,71.05339050292969,-20.479284286499023,0.026212988421320915
15.34000015258789,-7.391942501068115,19.787517547607422,76.73076629638672,-20.477018356323242,0.03525402024388313
15.350000381469727,2.0751442909240723,20.204313278198242,80.05300903320312,-20.48397445678711,0.04438762366771698
15.359999656677246,16.363061904907227,21.066810607910156,80.76298522949219,-20.47853660583496,0.04966698959469795
15.369999885559082,32.786094665527344,21.822940826416016,75.24714660644531,-20.466890335083008,0.04863226041197777
15.380000114440918,48.99879455566406,22.25931167602539,61.35792541503906,-20.457805633544922,0.03818641975522041
15.390000343322754,62.22792053222656,22.342670440673828,37.712608337402344,-20.44338607788086,0.025501184165477753
15.399999618530273,67.63768005371094,22.426029205322266,2.7313766479492188,-20.417741775512695,0.012665352784097195
15.40999984741211,58.4587516784668,21.984861373901367,-32.601200103759766,-20.38662338256836,0.005651621613651514
15.420000076293945,40.206058502197266,21.1591796875,-58.43373489379883,-20.351268768310547,0.001422956120222807
15.430000305175781,17.179039001464844,20.158872604370117,-72.6153335571289,-20.31926155090332,0.00016765586042311043
15.4399995803833,-6.1775031089782715,19.210163116455078,-75.50736236572266,-20.27053451538086,-0.00014777187607251108
15.449999809265137,-24.96140480041504,18.543291091918945,-69.64458465576172,-20.233081817626953,-0.001905605080537498
15.460000038146973,-39.52158737182617,18.10316276550293,-55.98543930053711,-20.189483642578125,-0.003792304079979658
15.470000267028809,-48.69841384887695,17.96088218688965,-41.13778305053711,-20.13870620727539,-0.007624158635735512
15.479999542236328,-53.767906188964844,17.72130584716797,-27.3737850189209,-20.081501007080078,-0.011811317875981331
15.489999771118164,-56.134620666503906,17.21907615661621,-15.103439331054688,-20.01956558227539,-0.017176631838083267
15.5,-55.98434829711914,17.135717391967773,-1.0327757596969604,-19.95281219482422,-0.023680223152041435
15.510000228881836,-53.635398864746094,17.12858772277832,9.463690757751465,-19.88425064086914,-0.026501361280679703
15.520000457763672,-50.2796516418457,17.23969078063965,18.58397102355957,-19.81107521057129,-0.026030447334051132
15.529999732971191,-46.71146774291992,17.406408309936523,25.95635986328125,-19.734390258789062,-0.021185487508773804
15.539999961853027,-43.45668411254883,17.5731258392334,31.3907470703125,-19.666112899780273,-0.013689106330275536
15.550000190734863,-40.45125961303711,17.739843368530273,35.69011688232422,-19.59848976135254,-0.005838183686137199
15.5600004196167,-37.86159133911133,18.06031608581543,38.187191009521484,-19.521526336669922,0.0011673977132886648
15.569999694824219,-35.712223052978516,18.39375114440918,41.71807861328125,-19.445606231689453,0.005555461626499891
15.579999923706055,-33.566593170166016,18.514057159423828,45.07253646850586,-19.371946334838867,0.00800315011292696
15.59000015258789,-31.269290924072266,18.37702751159668,47.87004470825195,-19.289953231811523,0.01009672973304987
15.600000381469727,-29.466035842895508,18.37702751159668,52.75569152832031,-19.21196746826172,0.012190309353172779
15.609999656677246,-25.845972061157227,18.53207778930664,57.64133834838867,-19.13490867614746,0.014114276506006718
15.619999885559082,-21.679277420043945,18.755643844604492,61.727352142333984,-19.05632972717285,0.01653306372463703
15.630000114440918,-16.66938018798828,19.150400161743164,66.7123794555664,-18.975671768188477,0.020890051499009132
15.640000343322754,-10.473670959472656,19.733911514282227,73.32054138183594,-18.894079208374023,0.02679016999900341
15.649999618530273,-2.8098387718200684,20.317424774169922,79.76959991455078,-18.80913543701172,0.03499444201588631
15.65999984741211,9.645379066467285,20.353723526000977,81.82020568847656,-18.720766067504883,0.042164746671915054
15.670000076293945,24.595027923583984,20.64120101928711,79.93964385986328,-18.635225296020508,0.04553839564323425
15.680000305175781,40.52377700805664,20.763452529907227,72.106201171875,-18.550378799438477,0.04226449131965637
15.6899995803833,55.57964324951172,20.67477798461914,56.20634078979492,-18.459814071655273,0.03477843478322029
15.699999809265137,67.00025939941406,21.258291244506836,29.432994842529297,-18.35898780822754,0.02519836276769638
15.710000038146973,67.76399993896484,21.368873596191406,-2.8840036392211914,-18.261531829833984,0.015231258235871792
15.720000267028809,58.27120590209961,21.510377883911133,-32.11233139038086,-18.157777786254883,0.008063562214374542
15.729999542236328,40.9493522644043,21.564697265625,-55.20753479003906,-18.044918060302734,0.0033317122142761946
15.739999771118164,19.160024642944336,21.4141845703125,-69.80596923828125,-17.938222885131836,0.0013988345162943006
15.75,-2.629302740097046,20.99738883972168,-73.32363891601562,-17.829355239868164,0.0007043067598715425
15.760000228881836,-18.115184783935547,20.421655654907227,-67.339599609375,-17.716278076171875,-0.00034248302108608186
15.770000457763672,-30.960920333862305,20.132102966308594,-55.92860794067383,-17.59950065612793,-0.0015606229426339269
15.779999732971191,-40.977210998535156,19.546127319335938,-43.248416900634766,-17.485382080078125,-0.0034737251698970795
15.789999961853027,-47.81688690185547,18.654264450073242,-31.400226593017578,-17.37300682067871,-0.00591913191601634
15.800000190734863,-50.97257995605469,18.487545013427734,-19.088396072387695,-17.246362686157227,-0.008184388279914856
15.8100004196167,-51.961849212646484,18.240711212158203,-8.46701431274414,-17.10697364807129,-0.010973147116601467
15.819999694824219,-51.89909744262695,18.347274780273438,1.3892277479171753,-16.97767448425293,-0.014285409823060036
15.829999923706055,-50.88926696777344,18.132200241088867,10.056350708007812,-16.847156524658203,-0.017605170607566833
15.84000015258789,-49.07327651977539,17.526649475097656,17.423572540283203,-16.704370498657227,-0.020050033926963806
15.850000381469727,-46.6689338684082,17.44329071044922,23.87262725830078,-16.558412551879883,-0.02042141929268837
15.859999656677246,-44.992584228515625,17.602230072021484,26.15604019165039,-16.403554916381836,-0.016764067113399506
15.869999885559082,-43.0146369934082,17.348329544067383,30.418785095214844,-16.249778747558594,-0.011881074868142605
15.880000114440918,-40.91083908081055,17.365053176879883,35.13028335571289,-16.09136199951172,-0.006647125817835331
15.890000343322754,-38.90835189819336,17.715341567993164,38.55129623413086,-15.929762840270996,-0.0017584851011633873
15.899999618530273,-37.255367279052734,17.54862403869629,38.9421501159668,-15.765946388244629,0.0022559112403541803
15.90999984741211,-36.04267883300781,17.544734954833984,43.91381072998047,-15.595547676086426,0.0054010613821446896
15.920000076293945,-33.9645881652832,17.726943969726562,46.431854248046875,-15.419568061828613,0.007494641002267599
15.930000305175781,-31.9935359954834,18.017080307006836,49.591796875,-15.244131088256836,0.008895865641534328
15.9399995803833,-30.351070404052734,18.11794090270996,53.25063705444336,-15.068350791931152,0.009415457025170326
15.949999809265137,-28.24727439880371,17.45107078552246,52.85978317260742,-14.89985179901123,0.010812336578965187
15.960000038146973,-26.291410446166992,18.42544937133789,57.85575866699219,-14.714956283569336,0.012032540515065193
15.970000267028809,-23.00998306274414,18.50498390197754,63.080745697021484,-14.522308349609375,0.013429203070700169
15.979999542236328,-19.253202438354492,18.29561424255371,66.06684112548828,-14.33392333984375,0.014302359893918037
15.989999771118164,-15.315886497497559,18.36924934387207,67.59225463867188,-14.137063980102539,0.01586819998919964
16,-10.807748794555664,19.202838897705078,72.08705139160156,-13.936995506286621,0.01883656531572342
16.010000228881836,-4.8085856437683105,20.036428451538086,73.0915298461914,-13.737199783325195,0.02127654105424881
16.020000457763672,2.32053279876709,20.621885299682617,75.52295684814453,-13.5343017578125,0.024941500276327133
16.030000686645508,10.281401634216309,21.03932762145996,76.22441864013672,-13.323224067687988,0.027558473870158195
16.040000915527344,19.255725860595703,21.31072998046875,73.25519561767578,-13.111305236816406,0.030001165345311165
16.049999237060547,29.92498207092285,21.394088745117188,66.0244369506836,-12.904241561889648,0.031222781166434288
16.059999465942383,38.490440368652344,21.977602005004883,59.77081298828125,-12.697305679321289,0.030524885281920433
16.06999969482422,47.3948860168457,21.996984481811523,46.610565185546875,-12.494902610778809,0.02860504575073719
16.079999923706055,54.139564514160156,22.208297729492188,30.581083297729492,-12.292152404785156,0.024591846391558647
16.09000015258789,57.84037399291992,22.55722427368164,13.419925689697266,-12.072545051574707,0.02023094706237316
16.100000381469727,59.14607238769531,22.22573471069336,-5.336400985717773,-11.860633850097656,0.016917051747441292
16.110000610351562,54.487667083740234,22.142375946044922,-23.511009216308594,-11.649795532226562,0.013949989341199398
16.1200008392334,46.2901725769043,21.80569839477539,-39.458580017089844,-11.436078071594238,0.010636531747877598
16.1299991607666,35.666255950927734,21.64481544494629,-53.2019157409668,-11.216586112976074,0.007844295352697372
16.139999389648438,23.794828414916992,21.57435417175293,-63.247047424316406,-11.001944541931152,0.005756148602813482
16.149999618530273,11.93274974822998,21.0806827545166,-66.9479751586914,-10.785842895507812,0.0055806697346270084
16.15999984741211,0.6624085307121277,20.997323989868164,-69.8793716430664,-10.5665283203125,0.005232862196862698
16.170000076293945,-8.993277549743652,20.530099868774414,-68.46109008789062,-10.343109130859375,0.0048814695328474045
16.18000030517578,-17.69148063659668,20.20638656616211,-63.5933723449707,-10.112414360046387,0.0041862898506224155
16.190000534057617,-25.752490997314453,20.05516242980957,-57.49596405029297,-9.877028465270996,0.0041862898506224155
16.200000762939453,-33.213470458984375,19.727558135986328,-53.314517974853516,-9.642910957336426,0.0041862898506224155
16.209999084472656,-38.47296142578125,19.64419937133789,-45.888336181640625,-9.409651756286621,0.0041862898506224155
16.219999313354492,-42.68394470214844,19.237712860107422,-40.4317626953125,-9.16928482055664,0.0041862898506224155
16.229999542236328,-46.11564254760742,18.781505584716797,-33.279415130615234,-8.925642967224121,0.0038335933350026608
16.239999771118164,-48.86936950683594,18.411252975463867,-25.349166870117188,-8.684163093566895,0.0031397175043821335
16.25,-50.93577575683594,18.155990600585938,-20.646787643432617,-8.44476318359375,0.002786586293950677
16.260000228881836,-51.83740234375,17.739194869995117,-15.565714836120605,-8.202973365783691,0.0020931449253112078
16.270000457763672,-52.73902893066406,17.51822280883789,-10.33161449432373,-7.955665588378906,0.0019163619726896286
16.280000686645508,-53.399471282958984,17.396102905273438,-5.7869744300842285,-7.705651760101318,0.0017467503203079104
16.290000915527344,-53.591575622558594,17.2888240814209,-1.6541578769683838,-7.459496974945068,0.0017391443252563477
16.299999237060547,-53.16413497924805,17.115623474121094,2.8233132362365723,-7.095123767852783,0.0010465724626556039
16.309999465942383,-53.31440734863281,16.782188415527344,2.041609764099121,-6.777042865753174,0.001223789993673563
16.31999969482422,-52.75164794921875,16.84428596496582,8.369091987609863,-6.699584007263184,0.0015698587521910667
16.329999923706055,-52.24497985839844,17.011003494262695,13.606992721557617,-6.43441104888916,0.0010375541169196367
16.34000015258789,-51.590145111083984,17.07945442199707,16.45814323425293,-6.167803764343262,0.00017754353757482022
16.350000381469727,-50.13650894165039,16.9166259765625,19.530250549316406,-5.891845226287842,-0.000009670362487668172
16.360000610351562,-49.68569564819336,16.833267211914062,21.48451042175293,-5.627805709838867,-0.000691050780005753
16.3700008392334,-49.23488235473633,16.749908447265625,22.658432006835938,-5.3670334815979,0
16.3799991607666,-48.37041473388672,16.804227828979492,22.882427215576172,-5.097434997558594,0
16.389999389648438,-47.35006332397461,16.970945358276367,24.205883026123047,-4.838316440582275,-0.00035617363755591214
16.399999618530273,-46.69990158081055,17.12858772277832,29.02496910095215,-4.574939250946045,-0.0008683769847266376
16.40999984741211,-45.19718933105469,17.12858772277832,25.898155212402344,-4.310061454772949,-0.00016667797171976417
16.420000076293945,-45.02740478515625,17.397462844848633,27.498945236206055,-4.0435404777526855,0.0007016989984549582
16.43000030517578,-44.42258071899414,17.6378173828125,30.344018936157227,-3.77654767036438,0.0010465724626556039
16.440000534057617,-43.500152587890625,17.649354934692383,32.48716735839844,-3.513105630874634,0.0010465724626556039
16.450000762939453,-43.1622200012207,17.357404708862305,33.07253646850586,-3.2511098384857178,0.001582788652740419
16.459999084472656,-42.260589599609375,17.690839767456055,36.5901985168457,-2.9861819744110107,0.002616431098431349
16.469999313354492,-42.09302520751953,17.684940338134766,36.13020324707031,-2.7228991985321045,0.002974343253299594
16.479999542236328,-41.58261489868164,17.31844711303711,35.75789260864258,-2.464813709259033,0.0038420683704316616
16.489999771118164,-40.919952392578125,16.920515060424805,35.90013122558594,-2.212106227874756,0.004007116425782442
16.5,-40.83277893066406,16.943849563598633,35.76913833618164,-1.944040298461914,0.004200849682092667
16.510000228881836,-41.58413314819336,17.277286529541016,39.09137725830078,-1.6844971179962158,0.005232862196862698
16.520000457763672,-41.71792984008789,17.40517807006836,38.879844665527344,-1.4143003225326538,0.005053362809121609
16.530000686645508,-41.37298583984375,17.632047653198242,37.67841720581055,-1.1452733278274536,0.005428008269518614
16.540000915527344,-41.35942840576172,17.748205184936523,36.88349151611328,-0.8792778849601746,0.006623004097491503
16.549999237060547,-42.44475173950195,17.453662872314453,37.16796875,-0.6084516644477844,0.0066390857100486755
16.559999465942383,-42.14420700073242,17.620380401611328,36.19083786010742,-0.33307987451553345,0.007505941204726696
16.56999969482422,-42.09302520751953,17.579608917236328,35.05156326293945,-0.055945657193660736,0.008029336109757423
16.579999923706055,-42.005619049072266,17.544734954833984,36.49340057373047,0.2229185700416565,0.00855273101478815
16.59000015258789,-42.0057373046875,17.46131134033203,37.72947692871094,0.5014479756355286,0.008715606294572353
16.600000381469727,-42.229156494140625,17.26827621459961,34.89838409423828,0.7854260802268982,0.008552948012948036
16.610000610351562,-41.62807083129883,17.685070037841797,33.139549255371094,1.0597301721572876,0.008895865641534328
16.6200008392334,-41.5303840637207,17.68299674987793,34.16303253173828,1.3351019620895386,0.008895865641534328
16.6299991607666,-41.88467788696289,17.697904586791992,34.113792419433594,1.612683653831482,0.008895865641534328
16.639999389648438,-42.331871032714844,17.78126335144043,34.07534408569336,1.8903218507766724,0.009076668880879879
16.649999618530273,-42.42605209350586,17.872400283813477,36.1520881652832,2.1615383625030518,0.009780975989997387
16.65999984741211,-41.97523880004883,18.039119720458984,37.52006912231445,2.4246554374694824,0.011008786037564278
16.670000076293945,-41.77846145629883,17.642160415649414,35.91471862792969,2.6823761463165283,0.011673325672745705
16.68000030517578,-41.98715591430664,17.54026222229004,35.1655387878418,2.9416635036468506,0.011351486667990685
16.690000534057617,-42.333038330078125,17.561458587646484,35.088035583496094,3.203979015350342,0.012035583145916462
16.700000762939453,-42.52888488769531,17.404075622558594,34.48200225830078,3.4646430015563965,0.012579948641359806
16.709999084472656,-43.129966735839844,18.070945739746094,33.70029830932617,3.722592830657959,0.013423877768218517
16.719999313354492,-43.47467803955078,17.81341552734375,32.41848373413086,3.982621431350708,0.013082155957818031
16.729999542236328,-43.59339904785156,17.547910690307617,32.46923828125,4.243725776672363,0.013445718213915825
16.739999771118164,-43.91520690917969,17.529956817626953,32.26059341430664,4.500452518463135,0.01449250802397728
16.75,-44.816837310791016,17.725584030151367,29.787830352783203,4.749760150909424,0.015175300650298595
16.760000228881836,-45.71846389770508,17.475507736206055,26.270164489746094,5.004631996154785,0.014628979377448559
16.770000457763672,-46.749446868896484,17.72772216796875,24.939414978027344,5.251453876495361,0.013787657953798771
16.780000686645508,-47.709266662597656,17.856843948364258,24.44127655029297,5.510315895080566,0.014311052858829498
16.790000915527344,-48.66569900512695,17.82644271850586,22.677885055541992,5.766268730163574,0.013922282494604588
16.799999237060547,-49.68254089355469,17.7528076171875,18.479419708251953,6.024535655975342,0.012741412036120892
16.809999465942383,-50.433895111083984,17.7528076171875,16.52515983581543,6.282599925994873,0.012716855853796005
16.81999969482422,-51.054725646972656,17.680402755737305,13.72218132019043,6.540907859802246,0.012035583145916462
16.829999923706055,-51.562564849853516,17.545318603515625,11.03332805633545,6.7983527183532715,0.01166984811425209
16.84000015258789,-52.34920883178711,17.502796173095703,7.546511173248291,7.05033540725708,0.010806034319102764
16.850000381469727,-53.51469039916992,17.628028869628906,2.6356375217437744,7.301044940948486,0.010648809373378754
16.860000610351562,-53.364418029785156,17.46131134033203,-1.0774539709091187,7.550693511962891,0.010805817320942879
16.8700008392334,-53.21414566040039,17.659854888916016,-4.448019027709961,7.790859222412109,0.010282422415912151
16.8799991607666,-53.06387710571289,17.7528076171875,-6.542388439178467,8.044699668884277,0.010125849395990372
16.889999389648438,-52.62790298461914,17.68941307067871,-11.105719566345215,8.287333488464355,0.010098685510456562
16.899999618530273,-51.686546325683594,17.621871948242188,-19.74032211303711,8.530868530273438,0.00960278045386076
16.90999984741211,-50.484375,18.20538330078125,-20.91287612915039,8.775444030761719,0.010126175358891487
16.920000076293945,-48.48504638671875,18.420392990112305,-27.268930435180664,9.016860961914062,0.010098033584654331
16.93000030517578,-45.712154388427734,18.640132904052734,-35.05010223388672,9.252629280090332,0.009787061251699924
16.940000534057617,-42.031681060791016,18.793174743652344,-42.27219772338867,9.488679885864258,0.010097598657011986
16.950000762939453,-37.35527420043945,18.839845657348633,-48.15837478637695,9.724422454833984,0.0094191525131464
16.959999084472656,-31.644969940185547,19.173280715942383,-55.38913345336914,9.955080032348633,0.009050591848790646
16.969999313354492,-25.26451873779297,19.72976303100586,-58.959529876708984,10.180981636047363,0.007635024376213551
16.979999542236328,-17.44831085205078,20.366947174072266,-62.33799743652344,10.40701961517334,0.006094937212765217
16.989999771118164,-8.347555160522461,20.80286407470703,-66.70651245117188,10.635269165039062,0.004463905468583107
17,1.947776198387146,20.88622283935547,-70.90132904052734,10.849205017089844,0.0009848559275269508
17.010000228881836,14.420287132263184,20.969581604003906,-66.60195922851562,11.073582649230957,-0.0030796306673437357
17.020000457763672,26.892799377441406,21.57792091369629,-58.43449401855469,11.290059089660645,-0.007727381773293018
17.030000686645508,39.26738739013672,21.755916595458984,-49.32637023925781,11.499259948730469,-0.010899478569626808
17.040000915527344,50.01283264160156,21.571632385253906,-37.343238830566406,11.704948425292969,-0.01471633929759264
17.049999237060547,57.750282287597656,21.354873657226562,-20.845102310180664,11.912602424621582,-0.017300933599472046
17.059999465942383,61.8076057434082,21.77166748046875,-0.7162354588508606,12.121868133544922,-0.018129652366042137
17.06999969482422,61.22848892211914,21.658945083618164,21.008710861206055,12.324915885925293,-0.01704983040690422
17.079999923706055,56.708431243896484,21.382291793823242,41.092288970947266,12.517569541931152,-0.014399498701095581
17.09000015258789,49.16075134277344,21.186016082763672,57.26963424682617,12.705022811889648,-0.011292812414467335
17.100000381469727,39.59854507446289,21.090730667114258,68.04176330566406,12.8965425491333,-0.008456027135252953
17.110000610351562,28.77901840209961,20.507217407226562,72.92741394042969,13.092008590698242,-0.0050125084817409515
17.1200008392334,18.64716339111328,20.228879928588867,76.7398910522461,13.281088829040527,-0.002546891337260604
17.1299991607666,9.180542945861816,19.367029190063477,77.97566223144531,13.479467391967773,-0.0001510315341874957
17.139999389648438,0.7697946429252625,18.863828659057617,76.82894134521484,13.6664457321167,0.0010819942690432072
17.149999618530273,-6.259299278259277,19.25210189819336,74.12641143798828,13.85229206085205,0.0022794895339757204
17.15999984741211,-11.669063568115234,19.502180099487305,71.58587646484375,14.041268348693848,0.002802884439006448
17.170000076293945,-16.246610641479492,18.982839584350586,67.4218978881836,14.227668762207031,0.0038859653286635876
17.18000030517578,-19.943328857421875,18.568119049072266,63.25443649291992,14.4049654006958,0.005606203805655241
17.190000534057617,-23.056840896606445,18.2702693939209,59.56763458251953,14.581764221191406,0.006466214079409838
17.200000762939453,-25.723861694335938,18.124553680419922,56.58062744140625,14.759011268615723,0.007924049161374569
17.209999084472656,-27.527116775512695,18.457988739013672,54.23551559448242,14.930628776550293,0.011251414194703102
17.219999313354492,-29.470243453979492,18.170705795288086,52.79991149902344,15.091931343078613,0.01528938952833414
17.229999542236328,-31.423768997192383,17.780357360839844,49.96426010131836,15.248366355895996,0.019999943673610687
17.239999771118164,-33.377296447753906,17.436031341552734,46.44659423828125,15.408990859985352,0.025085143744945526
17.25,-35.30277633666992,17.26373863220215,43.18423080444336,15.568178176879883,0.03028019517660141
17.260000228881836,-37.10602951049805,17.430456161499023,41.0345458984375,15.72456169128418,0.033342115581035614
17.270000457763672,-40.03760528564453,17.284221649169922,37.41749572753906,15.880878448486328,0.03363830968737602
17.280000686645508,-43.146793365478516,17.405305862426758,34.514068603515625,16.03046417236328,0.03221600502729416
17.290000915527344,-45.50462341308594,17.58161735534668,31.281789779663086,16.177946090698242,0.02974669076502323
17.299999237060547,-47.14919662475586,17.58395004272461,26.797935485839844,16.329092025756836,0.025666451081633568
17.309999465942383,-50.00434875488281,17.25051498413086,20.73973274230957,16.47835350036621,0.02103760652244091
17.31999969482422,-51.437416076660156,17.232624053955078,13.57188892364502,16.61757469177246,0.01860882341861725
17.329999923706055,-52.3701286315918,17.174415588378906,7.432841777801514,16.751075744628906,0.016703544184565544
17.34000015258789,-52.783199310302734,17.428836822509766,-0.08224065601825714,16.880172729492188,0.015133360400795937
17.350000381469727,-52.41862106323242,17.99458885192871,-10.051088333129883,17.00254249572754,0.013940210454165936
17.360000610351562,-50.61536407470703,18.161306381225586,-20.799510955810547,17.120397567749023,0.013228189200162888
17.3700008392334,-46.37470245361328,18.884765625,-32.85315704345703,17.236148834228516,0.012181400321424007
17.3799991607666,-40.21311569213867,19.04642677307129,-45.24552917480469,17.345657348632812,0.011134609580039978
17.389999389648438,-30.685266494750977,19.535755157470703,-56.499691009521484,17.453086853027344,0.009332009591162205
17.399999618530273,-17.683883666992188,20.562768936157227,-65.12213134765625,17.558420181274414,0.004111969377845526
17.40999984741211,-3.257847785949707,21.062923431396484,-69.42150115966797,17.660409927368164,-0.0044074044562876225
17.420000076293945,16.516372680664062,21.56307601928711,-64.50987243652344,17.74652099609375,-0.013204719871282578
17.43000030517578,36.82425308227539,22.063230514526367,-50.72368240356445,17.83826446533203,-0.023293843492865562
17.440000534057617,53.13148498535156,22.29159164428711,-28.246665954589844,17.933801651000977,-0.030062012374401093
17.450000762939453,62.24848556518555,22.26268196105957,0.6684619188308716,18.011472702026367,-0.030069945380091667
17.459999084472656,62.54902648925781,22.429399490356445,30.95947265625,18.090166091918945,-0.025647327303886414
17.469999313354492,52.79530334472656,21.94947052001953,55.18650817871094,18.179285049438477,-0.018940875306725502
17.479999542236328,39.69085693359375,21.509469985961914,70.19844055175781,18.262290954589844,-0.011706138961017132
17.489999771118164,25.130441665649414,21.013723373413086,79.22982025146484,18.33053970336914,-0.007042306941002607
17.5,10.931330680847168,20.33622169494629,83.58845520019531,18.394208908081055,-0.003378543071448803
17.510000228881836,-0.9400956630706787,19.335914611816406,81.43877410888672,18.454757690429688,-0.00028554737218655646
17.520000457763672,-9.433222770690918,19.639272689819336,77.18787384033203,18.512191772460938,0.0019983970560133457
17.530000686645508,-16.094701766967773,19.243091583251953,71.1780014038086,18.566368103027344,0.004424897953867912
17.540000915527344,-21.165246963500977,18.8972110748291,64.90978240966797,18.611698150634766,0.006518477573990822
17.549999237060547,-25.012235641479492,18.974994659423828,59.86761474609375,18.661293029785156,0.008802748285233974
17.559999465942383,-28.167932510375977,19.308429718017578,57.52250289916992,18.703372955322266,0.012564519420266151
17.56999969482422,-29.991168975830078,18.409955978393555,51.90423583984375,18.74856185913086,0.0181309562176466
17.579999923706055,-31.68364715576172,18.107505798339844,46.52500915527344,18.7879581451416,0.024128971621394157
17.59000015258789,-33.77762985229492,18.024147033691406,41.917606353759766,18.82698631286621,0.03145650029182434
17.600000381469727,-36.18734359741211,17.980976104736328,38.715721130371094,18.86359977722168,0.037254154682159424
17.610000610351562,-38.140869140625,18.064334869384766,37.73859405517578,18.893943786621094,0.03886377811431885
17.6200008392334,-40.98971176147461,17.65104103088379,34.43276596069336,18.919090270996094,0.03647683188319206
17.6299991607666,-43.84486389160156,17.482637405395508,29.072383880615234,18.941255569458008,0.031000036746263504
17.639999389648438,-46.550682067871094,17.482118606567383,24.664966583251953,18.964162826538086,0.02496257983148098
17.649999618530273,-49.0305061340332,17.503250122070312,20.275634765625,18.982269287109375,0.020827358588576317
17.65999984741211,-51.28480911254883,17.336727142333984,10.895800590515137,18.991369247436523,0.018262647092342377
17.670000076293945,-53.839420318603516,17.420085906982422,2.2970614433288574,19.001567840576172,0.01611647754907608
17.68000030517578,-54.244895935058594,17.50344467163086,-9.68500804901123,19.011768341064453,0.013936624862253666
17.690000534057617,-52.655128479003906,17.418529510498047,-23.468915939331055,19.023927688598633,0.013221018016338348
17.700000762939453,-48.64314270019531,17.446531295776367,-37.72983932495117,19.021316528320312,0.012366549111902714
17.709999084472656,-41.23101043701172,18.278696060180664,-51.419677734375,19.02165412902832,0.01126586552709341
17.719999313354492,-28.15741539001465,18.945566177368164,-66.27204895019531,19.02295684814453,0.008017057552933693
17.729999542236328,-12.22679615020752,19.549043655395508,-72.95026397705078,19.019323348999023,0.0014345822855830193
17.739999771118164,7.375769138336182,20.089839935302734,-73.34886169433594,19.012012481689453,-0.009005174040794373
17.75,29.377532958984375,20.722227096557617,-65.7269515991211,19.004079818725586,-0.020932860672473907
17.760000228881836,50.5786247253418,21.71300506591797,-45.457672119140625,18.9909610748291,-0.029333584010601044
17.770000457763672,63.501953125,22.12980079650879,-16.730064392089844,18.966510772705078,-0.03316011652350426
17.780000686645508,65.68848419189453,22.29042625427246,13.649087905883789,18.947284698486328,-0.030978849157691002
17.790000915527344,59.39894104003906,21.896770477294922,41.37479019165039,18.919832229614258,-0.023594820871949196
17.799999237060547,47.133724212646484,21.29005241394043,62.94944381713867,18.885835647583008,-0.015607316978275776
17.809999465942383,31.806058883666992,21.277996063232422,75.65441131591797,18.85400390625,-0.008860335685312748
17.81999969482422,16.478395462036133,20.777841567993164,80.54005432128906,18.82227325439453,-0.003683865536004305
17.829999923706055,3.832943916320801,20.34238052368164,79.96593475341797,18.78249168395996,-0.00027163943741470575
17.84000015258789,-5.7375569343566895,19.705520629882812,75.85575866699219,18.742164611816406,0.0014342563226819038
17.850000381469727,-12.91458511352539,19.08194923400879,70.64946746826172,18.69472312927246,0.003062897827476263
17.860000610351562,-19.13494873046875,18.982643127441406,67.13179779052734,18.645048141479492,0.00529175391420722
17.8700008392334,-22.5911865234375,18.399131774902344,63.6141357421875,18.596933364868164,0.007056106347590685
17.8799991607666,-26.04742431640625,17.880958557128906,57.18605422973633,18.541818618774414,0.01012106891721487
17.889999389648438,-28.537532806396484,17.693431854248047,52.782283782958984,18.47808265686035,0.014442851766943932
17.899999618530273,-30.276987075805664,17.8007755279541,49.92839813232422,18.416772842407227,0.019468072801828384
17.90999984741211,-32.236473083496094,17.95427131652832,44.92482376098633,18.347091674804688,0.026795601472258568
17.920000076293945,-34.34027099609375,17.787551879882812,41.798011779785156,18.28091049194336,0.032760150730609894
17.93000030517578,-36.681976318359375,17.620834350585938,39.599395751953125,18.204984664916992,0.03583945706486702
17.940000534057617,-39.16799545288086,17.40880584716797,36.90157699584961,18.133419036865234,0.03598375245928764
17.950000762939453,-41.94462203979492,17.25725555419922,33.463844299316406,18.048076629638672,0.032648343592882156
17.959999084472656,-45.186439514160156,17.320846557617188,29.602434158325195,17.958110809326172,0.02878943644464016
17.969999313354492,-47.13996505737305,16.987409591674805,22.762527465820312,17.86664581298828,0.024407023563981056
17.979999542236328,-49.814231872558594,16.853879928588867,15.610183715820312,17.779144287109375,0.02047792077064514
17.989999771118164,-52.08945083618164,16.816478729248047,8.594911575317383,17.690425872802734,0.017665473744273186
18,-53.66484451293945,16.917598724365234,0.15482287108898163,17.599163055419922,0.015503006987273693
18.010000228881836,-54.542518615722656,17.251033782958984,-12.004739761352539,17.504169464111328,0.014196855947375298
18.020000457763672,-52.438720703125,17.584468841552734,-24.902847290039062,17.402179718017578,0.012558870017528534
18.030000686645508,-48.03037643432617,18.119754791259766,-35.592613220214844,17.300928115844727,0.011971150524914265
18.040000915527344,-41.30708312988281,18.516845703125,-48.15852737426758,17.20005226135254,0.010596981272101402
18.049999237060547,-31.696733474731445,18.81877899169922,-60.370975494384766,17.085342407226562,0.008765696547925472
18.059999465942383,-18.60304069519043,19.235572814941406,-67.35554504394531,16.986753463745117,0.005232862196862698
18.06999969482422,-2.9748334884643555,19.652366638183594,-70.67779541015625,16.879377365112305,-0.0007213657954707742
18.079999923706055,15.592426300048828,20.61261558532715,-68.7445068359375,16.750633239746094,-0.009029730223119259
18.09000015258789,34.91232681274414,21.22374153137207,-57.97373962402344,16.632837295532227,-0.016357257962226868
18.100000381469727,51.75812911987305,21.52696990966797,-39.680294036865234,16.516748428344727,-0.022701451554894447
18.110000610351562,62.50883102416992,21.9378662109375,-17.44687843322754,16.390628814697266,-0.025641025975346565
18.1200008392334,64.46235656738281,22.271303176879883,9.326467514038086,16.26232147216797,-0.024262836202979088
18.1299991607666,59.49265670776367,22.193260192871094,34.652809143066406,16.139747619628906,-0.020402079448103905
18.139999389648438,49.663211822509766,22.02654266357422,54.5014533996582,16.01634407043457,-0.015623614192008972
18.149999618530273,37.046504974365234,21.642026901245117,67.52660369873047,15.885675430297852,-0.009866271167993546
18.15999984741211,23.928855895996094,20.867361068725586,74.16697692871094,15.756762504577637,-0.005095521919429302
18.170000076293945,12.057430267333984,20.78400230407715,78.46635437011719,15.635039329528809,-0.0021525798365473747
18.18000030517578,2.4323601722717285,20.285274505615234,77.40989685058594,15.504051208496094,-0.000720822426956147
18.190000534057617,-4.8087029457092285,19.79886245727539,73.7805404663086,15.38053035736084,-0.000058348115999251604
18.200000762939453,-10.317557334899902,19.46568489074707,69.61307525634766,15.252585411071777,0.0023608726914972067
18.209999084472656,-15.061383247375488,19.291770935058594,66.3344497680664,15.128581047058105,0.004256590269505978
18.219999313354492,-19.11870574951172,19.04169464111328,61.44879913330078,14.993121147155762,0.005232862196862698
18.229999542236328,-22.54619789123535,18.72174072265625,57.87369155883789,14.85486888885498,0.005827100481837988
18.239999771118164,-25.497404098510742,18.24070930480957,55.474178314208984,14.715154647827148,0.007397285662591457
18.25,-27.94521141052246,17.856843948364258,53.31415939331055,14.575909614562988,0.009760657325387001
18.260000228881836,-29.828041076660156,17.880373001098633,50.49309539794922,14.435483932495117,0.013424421660602093
18.270000457763672,-31.03021240234375,18.130451202392578,48.7342643737793,14.288652420043945,0.0184777844697237
18.280000686645508,-34.139400482177734,17.81633186340332,43.503353118896484,14.137802124023438,0.02302459441125393
18.290000915527344,-35.52888488769531,17.648771286010742,41.14638900756836,14.025410652160645,0.023620788007974625
18.299999237060547,-36.212467193603516,17.59043312072754,39.7103271484375,14.002201080322266,0.026384014636278152
18.309999465942383,-38.22722244262695,17.415224075317383,35.984622955322266,13.84552001953125,0.029304029420018196
18.31999969482422,-40.78183364868164,17.165145874023438,35.593772888183594,13.684602737426758,0.02890591509640217
18.329999923706055,-42.69492721557617,16.915069580078125,33.367496490478516,13.529255867004395,0.027460793033242226
18.34000015258789,-44.77126693725586,16.917469024658203,29.051259994506836,13.370944023132324,0.024769388139247894
18.350000381469727,-46.75657653808594,17.024551391601562,24.697792053222656,13.203956604003906,0.021703774109482765
18.360000610351562,-48.308712005615234,17.042831420898438,22.224119186401367,13.036772727966309,0.019011719152331352
18.3700008392334,-50.26224136352539,17.209548950195312,18.706453323364258,12.859848022460938,0.016345957294106483
18.3799991607666,-51.82735061645508,17.519908905029297,13.168272018432617,12.678044319152832,0.015099459327757359
18.389999389648438,-52.776885986328125,17.34191131591797,6.106498718261719,12.500036239624023,0.013729092665016651
18.399999618530273,-53.15829086303711,17.20734405517578,-0.782035768032074,12.321404457092285,0.012482375837862492
18.40999984741211,-53.1053581237793,17.668346405029297,-6.265053749084473,12.135599136352539,0.011712332256138325
18.420000076293945,-52.654544830322266,17.835063934326172,-13.300386428833008,11.94721508026123,0.012035583145916462
18.43000030517578,-52.073089599609375,18.074251174926758,-20.505613327026367,11.756911277770996,0.011635078117251396
18.440000534057617,-49.88480758666992,18.37611961364746,-28.586305618286133,11.559630393981934,0.010788650251924992
18.450000762939453,-46.560848236083984,18.553985595703125,-37.403873443603516,11.346585273742676,0.0106661943718791
18.459999084472656,-42.65332794189453,18.564552307128906,-46.5154914855957,11.148122787475586,0.010989011265337467
18.469999313354492,-36.642478942871094,19.23142433166504,-55.11423110961914,10.942614555358887,0.010587637312710285
18.479999542236328,-30.10439682006836,19.459592819213867,-63.19872283935547,10.734500885009766,0.009741642512381077
18.489999771118164,-22.169002532958984,19.573869705200195,-68.8753433227539,10.53187084197998,0.008615533821284771
18.5,-12.99521255493164,19.657228469848633,-73.10025024414062,10.326065063476562,0.006521954201161861
18.510000228881836,-2.917459011077881,19.796009063720703,-76.7364501953125,10.111677169799805,0.005232862196862698
18.520000457763672,8.202610969543457,20.29616355895996,-77.32272338867188,9.89855670928955,0.0040254793129861355
18.530000686645508,20.12054443359375,20.648786544799805,-74.2773666381836,9.691178321838379,0.00048243164201267064
18.540000915527344,32.429344177246094,20.76987075805664,-70.8841552734375,9.47896957397461,-0.0026974885258823633
18.549999237060547,43.61648941040039,21.15879249572754,-63.382904052734375,9.25908088684082,-0.004267673008143902
18.559999465942383,52.656131744384766,22.088703155517578,-49.31224060058594,9.044380187988281,-0.006039522588253021
18.56999969482422,60.92104721069336,22.588857650756836,-35.241573333740234,8.821137428283691,-0.007931328378617764
18.579999923706055,65.83232879638672,22.642528533935547,-22.91546058654785,8.597892761230469,-0.009703395888209343
18.59000015258789,68.79054260253906,22.80373764038086,-8.027534484863281,8.385946273803711,-0.010989011265337467
18.600000381469727,70.00042724609375,22.98769760131836,6.683202266693115,8.169890403747559,-0.010584811680018902
18.610000610351562,69.53768920898438,23.021533966064453,19.11888313293457,7.944967269897461,-0.009538020938634872
18.6200008392334,67.28362274169922,22.771455764770508,33.38497543334961,7.725958347320557,-0.008491231128573418
18.6299991607666,63.81172561645508,22.746564865112305,43.95560073852539,7.511023044586182,-0.007242016494274139
18.639999389648438,59.61698532104492,22.63779640197754,54.37274169921875,7.289576530456543,-0.006279435008764267
18.649999618530273,55.169612884521484,22.639612197875977,62.47607421875,7.068603038787842,-0.0052662198431789875
18.65999984741211,50.69430923461914,22.759401321411133,67.61231231689453,6.84950590133667,-0.003054748522117734
18.670000076293945,45.585086822509766,22.175888061523438,76.21105194091797,6.623990535736084,-0.0014845639234408736
18.68000030517578,40.339385986328125,21.89521598815918,80.90492248535156,6.395071029663086,-0.00032031722366809845
18.690000534057617,34.88147735595703,21.590105056762695,84.43018341064453,6.162569522857666,0.00020307765225879848
18.700000762939453,29.693031311035156,21.084896087646484,86.7515869140625,5.928930759429932,0.0009296588832512498
18.709999084472656,25.157901763916016,20.457759857177734,88.05240631103516,5.693221569061279,0.0019764485768973827
18.719999313354492,21.250850677490234,20.457759857177734,90.00666046142578,5.457512378692627,0.002616431098431349
18.729999542236328,17.481449127197266,20.152326583862305,90.70782470703125,5.219715595245361,0.0032269679941236973
18.739999771118164,13.925420761108398,19.76321029663086,88.81389617919922,4.990289688110352,0.0037790481001138687
18.75,10.658482551574707,19.41642189025879,87.49241638183594,4.753094673156738,0.003547176718711853
18.760000228881836,7.653058052062988,19.1806697845459,88.29553985595703,4.5037031173706055,0.0045939660631120205
18.770000457763672,4.6476335525512695,19.013952255249023,87.31841278076172,4.251200199127197,0.005232862196862698
18.780000686645508,2.336308002471924,19.00124740600586,87.78555297851562,4.0007758140563965,0.005640973336994648
18.790000915527344,0.28532785177230835,18.606945037841797,85.59864044189453,3.7500245571136475,0.006075270473957062
18.799999237060547,-1.9252716302871704,18.48689842224121,83.41825866699219,3.49692964553833,0.006164694204926491
18.809999465942383,-4.182962417602539,18.92715835571289,82.92208862304688,3.2457308769226074,0.006802720949053764
18.81999969482422,-5.084589958190918,19.093875885009766,81.94496154785156,2.9990925788879395,0.006598230917006731
18.829999923706055,-5.84622859954834,18.56170082092285,78.60114288330078,2.7407846450805664,0.006074836011976004
18.84000015258789,-7.111147880554199,18.604936599731445,79.49150085449219,2.5050508975982666,0.005551441106945276
18.850000381469727,-8.417549133300781,18.8294734954834,79.61459350585938,2.267075300216675,0.005847310647368431
18.860000610351562,-9.356802940368652,18.944076538085938,76.68289947509766,2.015427827835083,0.007007645908743143
18.8700008392334,-9.807616233825684,19.19415283203125,76.29204559326172,1.7722994089126587,0.007326007355004549
18.8799991607666,-10.258429527282715,18.974411010742188,76.45191192626953,1.5326522588729858,0.007326007355004549
18.889999389648438,-10.709243774414062,18.609085083007812,77.59300994873047,1.2835289239883423,0.007120756898075342
18.899999618530273,-11.226662635803223,18.561765670776367,78.55007934570312,1.0337477922439575,0.007008080370724201
18.90999984741211,-11.651768684387207,18.913480758666992,78.66921997070312,0.7872891426086426,0.007326007355004549
18.920000076293945,-11.351226806640625,18.99683952331543,78.47379302978516,0.5394248962402344,0.007531583774834871
18.93000030517578,-11.050683975219727,18.685441970825195,77.16781616210938,0.29096001386642456,0.007643608376383781
18.940000534057617,-10.855191230773926,18.643375396728516,75.11676025390625,0.045582156628370285,0.007737595587968826
18.950000762939453,-10.43382453918457,18.877117156982422,74.8869857788086,-0.20332838594913483,0.008166677318513393
18.959999084472656,-9.804461479187012,19.107810974121094,76.5578384399414,-0.4595435857772827,0.007437270600348711
18.969999313354492,-9.654190063476562,18.60765838623047,75.58070373535156,-0.7066654562950134,0.0072149611078202724
18.979999542236328,-9.503918647766113,18.90349769592285,77.58936309814453,-0.958239734172821,0.00826175045222044
18.989999771118164,-8.716339111328125,18.824481964111328,77.1144790649414,-1.216171383857727,0.008895865641534328
19,-7.940209865570068,18.803869247436523,76.71663665771484,-1.4668185710906982,0.008895865641534328
19.010000228881836,-7.267728805541992,19.07151222229004,77.77613067626953,-1.7204866409301758,0.008895865641534328
19.020000457763672,-5.765017032623291,19.404949188232422,79.14411163330078,-1.9754606485366821,0.00868920236825943
19.030000686645508,-5.2749409675598145,19.57788848876953,78.81890869140625,-2.2256431579589844,0.008786124177277088
19.040000915527344,-4.179807186126709,19.804176330566406,78.28840637207031,-2.471503257751465,0.00859163049608469
19.049999237060547,-2.6170334815979004,19.782007217407227,77.33740997314453,-2.71925950050354,0.007946974597871304
19.059999465942383,-0.8794493079185486,19.557859420776367,75.96942901611328,-2.9663994312286377,0.009102963842451572
19.06999969482422,0.6232629418373108,19.724576950073242,74.60144805908203,-3.2076737880706787,0.008797532878816128
19.079999923706055,2.709298610687256,20.133983612060547,76.45753479003906,-3.4549307823181152,0.008678554557263851
19.09000015258789,5.355871200561523,20.12925148010254,76.29417419433594,-3.7022526264190674,0.009735014289617538
19.100000381469727,8.068465232849121,20.27885627746582,76.61482238769531,-3.9425790309906006,0.01004175003618002
19.110000610351562,10.793095588684082,20.70355796813965,77.62188720703125,-4.186220645904541,0.011196652427315712
19.1200008392334,14.099061965942383,20.870277404785156,76.05847930908203,-4.4298624992370605,0.011512297205626965
19.1299991607666,17.405029296875,20.7923641204834,78.1273193359375,-4.666687965393066,0.01213587261736393
19.139999389648438,21.369338989257812,20.709003448486328,75.42539978027344,-4.901517391204834,0.013082155957818031
19.149999618530273,25.64937973022461,20.947153091430664,73.19182586669922,-5.133735179901123,0.013914458453655243
19.15999984741211,30.112762451171875,21.37457847595215,73.11280822753906,-5.366988182067871,0.015799853950738907
19.170000076293945,34.92144012451172,21.29121971130371,72.13568115234375,-5.608747482299805,0.016745159402489662
19.18000030517578,39.28561782836914,21.29005241394043,67.69011688232422,-5.85338830947876,0.017578765749931335
19.190000534057617,44.41972732543945,21.536109924316406,63.1953239440918,-6.090342044830322,0.019463835284113884
19.200000762939453,48.725242614746094,21.624526977539062,57.26446533203125,-6.323422431945801,0.020408162847161293
19.209999084472656,52.0989875793457,21.659399032592773,49.554718017578125,-6.5602803230285645,0.021243074908852577
19.219999313354492,56.156307220458984,22.326271057128906,40.95597839355469,-6.792071342468262,0.022501308470964432
19.229999542236328,58.86960220336914,22.4960994720459,30.99776840209961,-7.019991397857666,0.021874472498893738
19.239999771118164,60.56593704223633,22.476329803466797,20.30238151550293,-7.252301216125488,0.021140502765774727
19.25,61.095741271972656,22.39297103881836,8.872245788574219,-7.469555854797363,0.021036412566900253
19.260000228881836,60.382598876953125,22.309612274169922,-3.634098768234253,-7.685018539428711,0.01998962089419365
19.270000457763672,58.424163818359375,22.225994110107422,-17.8968448638916,-7.90831995010376,0.01852407120168209
19.280000686645508,53.31494140625,21.975915908813477,-30.01325035095215,-8.122714042663574,0.01643049158155918
19.290000915527344,46.733741760253906,22.22832679748535,-40.951629638671875,-8.336560249328613,0.013917718082666397
19.299999237060547,38.683597564697266,22.139522552490234,-51.307071685791016,-8.553611755371094,0.010987055487930775
19.309999465942383,29.12583351135254,21.7276554107666,-60.26201629638672,-8.768113136291504,0.009209337644279003
19.31999969482422,18.01698112487793,21.806346893310547,-65.72846984863281,-8.98056697845459,0.008056174032390118
19.329999923706055,8.099080085754395,21.389551162719727,-70.61412048339844,-9.193927764892578,0.006592689547687769
19.34000015258789,-1.4756267070770264,20.97275733947754,-69.54884338378906,-9.403133392333984,0.0060692946426570415
19.350000381469727,-10.248614311218262,20.384838104248047,-67.82101440429688,-9.614907264709473,0.005335650872439146
19.360000610351562,-18.482799530029297,19.74512481689453,-66.35380554199219,-9.825992584228516,0.004919933620840311
19.3700008392334,-27.012269973754883,19.41026496887207,-62.39847946166992,-10.044703483581543,0.004180531017482281
19.3799991607666,-33.47393035888672,18.99346923828125,-55.75400161743164,-10.255831718444824,0.003248155815526843
19.389999389648438,-39.58889389038086,18.57667350769043,-49.56039810180664,-10.458694458007812,0.0041862898506224155
19.399999618530273,-44.8951301574707,18.24673843383789,-43.502193450927734,-10.664885520935059,0.003975497558712959
19.40999984741211,-48.97932815551758,17.95115852355957,-36.91059875488281,-10.867452621459961,0.0034521028865128756
19.420000076293945,-51.53020095825195,17.53643798828125,-28.8543701171875,-11.06590747833252,0.002084669889882207
19.43000030517578,-53.93453598022461,17.203001022338867,-19.08307647705078,-11.262473106384277,0.00031216806382872164
19.440000534057617,-55.05479431152344,16.99907684326172,-10.98171615600586,-11.453313827514648,-0.0004224536824040115
19.450000762939453,-55.32939529418945,16.96459197998047,-5.426819324493408,-11.63888168334961,-0.001680578920058906
19.459999084472656,-55.17912673950195,17.024551391601562,-0.561687707901001,-11.822198867797852,-0.0032507635187357664
19.469999313354492,-54.97486877441406,17.01093864440918,7.140462398529053,-11.99671459197998,-0.005667159333825111
19.479999542236328,-53.17161560058594,16.594144821166992,11.43983268737793,-12.17123031616211,-0.008695939555764198
19.489999771118164,-51.604164123535156,16.76598358154297,19.879159927368164,-12.345383644104004,-0.011213059537112713
19.5,-49.4564323425293,16.78633689880371,24.946252822875977,-12.511966705322266,-0.013717791996896267
19.510000228881836,-47.1850700378418,16.680551528930664,26.908109664916992,-12.67309284210205,-0.015499964356422424
19.520000457763672,-45.934288024902344,16.920515060424805,30.729703903198242,-12.844982147216797,-0.016957255080342293
19.530000686645508,-43.52995300292969,16.920515060424805,32.4885368347168,-13.018363952636719,-0.015995217487215996
19.540000915527344,-42.19725799560547,16.9865665435791,35.17647933959961,-13.181218147277832,-0.013491788879036903
19.549999237060547,-40.327396392822266,16.93380355834961,38.746116638183594,-13.342732429504395,-0.010434649884700775
19.559999465942383,-38.12894821166992,16.841175079345703,42.618465423583984,-13.505293846130371,-0.0062633538618683815
19.56999969482422,-36.73303985595703,16.92453384399414,45.78053665161133,-13.660473823547363,-0.0025831826496869326
19.579999923706055,-34.47896957397461,17.007892608642578,45.78053665161133,-13.807791709899902,0.0013742782175540924
19.59000015258789,-33.186824798583984,17.35805320739746,48.438846588134766,-13.955110549926758,0.0032550012692809105
19.600000381469727,-31.13935089111328,17.268600463867188,50.790035247802734,-14.099462509155273,0.005251116584986448
19.610000610351562,-28.78677749633789,17.123273849487305,53.957725524902344,-14.233796119689941,0.007228869013488293
19.6200008392334,-27.517301559448242,17.748140335083008,60.6882209777832,-14.372405052185059,0.008488841354846954
19.6299991607666,-25.11296272277832,17.66478157043457,65.57386779785156,-14.517457962036133,0.009845735505223274
19.639999389648438,-21.130308151245117,18.254905700683594,70.14373016357422,-14.642725944519043,0.011532723903656006
19.649999618530273,-16.94070816040039,18.631771087646484,74.74794006347656,-14.773411750793457,0.013509172946214676
19.65999984741211,-12.133665084838867,18.76711654663086,79.56004333496094,-14.907599449157715,0.015196814201772213
19.670000076293945,-5.509111404418945,19.033138275146484,84.44173431396484,-15.028550148010254,0.018241239711642265
19.68000030517578,3.5071613788604736,19.533292770385742,86.39599609375,-15.149206161499023,0.022332673892378807
19.690000534057617,14.607250213623047,20.101442337036133,87.07496643066406,-15.272727012634277,0.02768505923449993
19.700000762939453,27.5429630279541,20.637636184692383,84.80340576171875,-15.395711898803711,0.034179847687482834
19.709999084472656,41.518184661865234,21.27099609375,77.8808364868164,-15.517213821411133,0.04034150019288063
19.719999313354492,55.213897705078125,22.14620018005371,64.81434631347656,-15.636637687683105,0.04343275725841522
19.729999542236328,65.28206634521484,22.47963523864746,44.49005889892578,-15.752450942993164,0.04236086830496788
19.739999771118164,70.40040588378906,22.60713768005371,15.636472702026367,-15.861401557922363,0.03759903088212013
19.75,67.88599395751953,22.642528533935547,-14.708028793334961,-15.970850944519043,0.0291043221950531
19.760000228881836,57.52183532714844,22.45150375366211,-42.11658477783203,-16.072839736938477,0.019468508660793304
19.770000457763672,40.62251663208008,21.88782501220703,-63.08976364135742,-16.164867401123047,0.011027691885828972
19.780000686645508,19.434274673461914,21.55438995361328,-73.44733428955078,-16.262737274169922,0.006251401733607054
19.790000915527344,0.11974892020225525,20.87449073791504,-74.70772552490234,-16.362245559692383,0.0038494570180773735
19.799999237060547,-16.448179244995117,20.172874450683594,-70.13239288330078,-16.4495849609375,0.0024012925568968058
19.809999465942383,-30.116315841674805,19.5339412689209,-61.06879425048828,-16.541091918945312,0.001877897884696722
19.81999969482422,-40.9809455871582,18.979467391967773,-48.7910041809082,-16.629758834838867,0.0009237914928235114
19.829999923706055,-47.59288024902344,18.72939109802246,-36.87002182006836,-16.71084976196289,-0.0004309288051445037
19.84000015258789,-51.809242248535156,18.26949119567871,-26.58873748779297,-16.79107666015625,-0.001477718586102128
19.850000381469727,-53.70106887817383,18.015655517578125,-14.427655220031738,-16.872310638427734,-0.003387235105037689
19.860000610351562,-53.88990020751953,17.81795310974121,-2.758329391479492,-16.949350357055664,-0.0065276045352220535
19.8700008392334,-53.21753692626953,17.424882888793945,4.947468280792236,-17.015247344970703,-0.010747469030320644
19.8799991607666,-51.86509704589844,17.258163452148438,11.591947555541992,-17.08157730102539,-0.015640782192349434
19.889999389648438,-50.00364685058594,17.30321502685547,18.732894897460938,-17.140506744384766,-0.01952066272497177
19.899999618530273,-47.87017059326172,17.186927795410156,25.846641540527344,-17.196088790893555,-0.02262669801712036
19.90999984741211,-45.510704040527344,17.199954986572266,31.785398483276367,-17.248552322387695,-0.022466212511062622
19.920000076293945,-42.956092834472656,17.62310218811035,35.55350112915039,-17.296972274780273,-0.01941635273396969
19.93000030517578,-40.40148162841797,17.37302589416504,38.09403991699219,-17.33873176574707,-0.014236732386052608
19.940000534057617,-37.84687042236328,17.621612548828125,41.636627197265625,-17.380613327026367,-0.006909203715622425
19.950000762939453,-35.83912658691406,17.651687622070312,44.75706100463867,-17.418508529663086,-0.0006655166507698596
19.959999084472656,-33.86293029785156,17.574617385864258,46.86252212524414,-17.45305633544922,0.0038281604647636414
19.969999313354492,-31.358097076416016,17.71320343017578,48.2712287902832,-17.488187789916992,0.0069303917698562145
19.979999542236328,-29.254301071166992,18.296714782714844,53.15687561035156,-17.519306182861328,0.008717671036720276
19.989999771118164,-26.243385314941406,18.37702751159668,56.52577209472656,-17.542240142822266,0.010594047605991364
20,-22.90306282043457,18.633068084716797,61.33330535888672,-17.565505981445312,0.012381543405354023
20.010000228881836,-18.731342315673828,19.141454696655273,66.3371810913086,-17.585323333740234,0.013605441898107529
20.020000457763672,-13.161725997924805,19.759061813354492,69.83174896240234,-17.597787857055664,0.015128144063055515
20.030000686645508,-6.399521350860596,20.009140014648438,73.15399169921875,-17.611373901367188,0.0190095454454422
20.040000915527344,2.0625247955322266,20.694419860839844,76.98637390136719,-17.619827270507812,0.023414451628923416
20.049999237060547,13.302250862121582,20.977943420410156,77.12618255615234,-17.621213912963867,0.029649987816810608
20.059999465942383,26.52495002746582,21.383264541625977,73.00293731689453,-17.62542152404785,0.0367165245115757
20.06999969482422,40.23515319824219,22.330419540405273,64.24736785888672,-17.62286376953125,0.040860116481781006
20.079999923706055,52.1065788269043,22.330419540405273,46.2681884765625,-17.616718292236328,0.04194982349872589
20.09000015258789,59.096763610839844,22.696331024169922,23.485116958618164,-17.60881233215332,0.03850185126066208
20.100000381469727,58.68801498413086,22.58808135986328,-4.397263526916504,-17.598146438598633,0.02995053119957447
20.110000610351562,50.658203125,22.10763168334961,-32.570655822753906,-17.586441040039062,0.020488785579800606
20.1200008392334,36.03982925415039,21.490673065185547,-55.27379608154297,-17.572860717773438,0.012942641973495483
20.1299991607666,17.25592613220215,20.657081604003906,-66.80391693115234,-17.55567741394043,0.006841511465609074
20.139999389648438,-1.661070466041565,20.192646026611328,-68.64116668701172,-17.537546157836914,0.004053078126162291
20.149999618530273,-17.720691680908203,19.56324005126953,-63.86919021606445,-17.5194149017334,0.002263951813802123
20.15999984741211,-30.800247192382812,18.74806022644043,-56.356689453125,-17.48997688293457,0.0006084723863750696
20.170000076293945,-41.195838928222656,17.86650276184082,-48.519290924072266,-17.463623046875,-0.00043831742368638515
20.18000030517578,-48.108314514160156,17.199630737304688,-35.81660842895508,-17.433786392211914,-0.0010465724626556039
20.190000534057617,-51.39570236206055,17.12858772277832,-21.542465209960938,-17.39639663696289,-0.002362828468903899
20.200000762939453,-53.28098678588867,17.236190795898438,-11.117116928100586,-17.349933624267578,-0.004625258967280388
20.209999084472656,-53.379493713378906,17.303539276123047,-1.5114635229110718,-17.304040908813477,-0.006770015694200993
20.219999313354492,-51.62110900878906,17.207733154296875,9.28042221069336,-17.264389038085938,-0.010873183608055115
20.229999542236328,-50.1183967590332,17.041015625,14.752346992492676,-17.222909927368164,-0.015583737753331661
20.239999771118164,-47.12594223022461,16.949424743652344,23.394546508789062,-17.16999626159668,-0.018974775448441505
20.25,-44.559181213378906,17.1383113861084,28.937589645385742,-17.111095428466797,-0.01922479271888733
20.260000228881836,-41.81807327270508,17.30289077758789,33.04655075073242,-17.04854965209961,-0.018315019086003304
20.270000457763672,-38.904727935791016,17.232624053955078,37.00004959106445,-16.945140838623047,-0.01699354685842991
20.280000686645508,-38.904727935791016,17.232624053955078,37.00004959106445,-16.944868087768555,-0.01186999212950468
20.290000915527344,-36.58253479003906,17.611499786376953,39.48709487915039,-16.887073516845703,-0.005341844167560339
20.299999237060547,-35.02116394042969,17.697710037231445,40.80219268798828,-16.82196617126465,-0.0008518612594343722
20.309999465942383,-33.59697723388672,17.579933166503906,42.03401184082031,-16.759092330932617,0.0026732580736279488
20.31999969482422,-31.7177677154541,17.481924057006836,44.05482864379883,-16.695051193237305,0.005290232598781586
20.329999923706055,-30.215055465698242,17.73200035095215,45.42280960083008,-16.62664031982422,0.007244515232741833
20.34000015258789,-28.161270141601562,17.982078552246094,48.94078063964844,-16.55571174621582,0.008733317255973816
20.350000381469727,-25.956981658935547,18.120664596557617,53.69938659667969,-16.480863571166992,0.009942438453435898
20.360000610351562,-23.63969612121582,18.379362106323242,58.564823150634766,-16.40604591369629,0.010384884662926197
20.3700008392334,-20.79435920715332,18.678054809570312,63.16781997680664,-16.333845138549805,0.011874338611960411
20.3799991607666,-15.835409164428711,18.01118278503418,69.22602081298828,-16.257919311523438,0.014189358800649643
20.389999389648438,-10.876458168029785,18.346237182617188,74.20011138916016,-16.180387496948242,0.017692530527710915
20.399999618530273,-4.392594337463379,18.98860740661621,79.35017395019531,-16.0958251953125,0.021959766745567322
20.40999984741211,4.172514915466309,19.453109741210938,82.53337097167969,-16.01531219482422,0.0262888316065073
20.420000076293945,14.89365291595459,19.581584930419922,82.53640747070312,-15.93032169342041,0.031522780656814575
20.43000030517578,27.215892791748047,19.91501808166504,80.77757263183594,-15.84322452545166,0.036090776324272156
20.440000534057617,40.09855270385742,20.714773178100586,72.45935821533203,-15.758843421936035,0.038644079118967056
20.450000762939453,51.787925720214844,21.43427848815918,56.4438591003418,-15.668930053710938,0.037691060453653336
20.459999084472656,60.61361312866211,21.81023597717285,36.244178771972656,-15.570197105407715,0.03291574865579605
20.469999313354492,64.8057861328125,21.904356002807617,14.170475006103516,-15.470239639282227,0.0257453341037035
20.479999542236328,61.800357818603516,22.404508590698242,-11.234889030456543,-15.369315147399902,0.01848365180194378
20.489999771118164,51.73125457763672,22.199352264404297,-34.06810760498047,-15.266192436218262,0.012503672391176224
20.5,37.364341735839844,21.949275970458984,-51.32758712768555,-15.162277221679688,0.006891166791319847
20.510000228881836,20.818265914916992,21.625173568725586,-61.92815017700195,-15.056585311889648,0.0041862898506224155
20.520000457763672,4.187939167022705,21.14303970336914,-66.43875122070312,-14.949645042419434,0.0035174048971384764
20.530000686645508,-10.3883695602417,20.392810821533203,-67.80673217773438,-14.839937210083008,0.0021702905651181936
20.540000915527344,-22.68560218811035,20.03765869140625,-64.35836029052734,-14.721892356872559,0.0015698587521910667
20.549999237060547,-32.22840881347656,19.412532806396484,-54.62748718261719,-14.593838691711426,0.0015698587521910667
20.559999465942383,-40.0325813293457,18.850605010986328,-43.72831726074219,-14.47426986694336,0.000899669888895005
20.56999969482422,-46.48302459716797,18.534151077270508,-34.5831184387207,-14.348514556884766,-0.0006705148261971772
20.579999923706055,-50.540348052978516,18.284074783325195,-25.593524932861328,-14.223340034484863,-0.0013462451752275229
20.59000015258789,-52.73073196411133,18.113662719726562,-15.109822273254395,-14.092452049255371,-0.0021651836577802896
20.600000381469727,-53.66484451293945,17.76998519897461,-7.1842851638793945,-13.959417343139648,-0.004110665526241064
20.610000610351562,-53.49412536621094,17.429807662963867,0.4639182984828949,-13.825056076049805,-0.006277153268456459
20.6200008392334,-52.6242790222168,17.162099838256836,8.483977317810059,-13.687078475952148,-0.00949282106012106
20.6299991607666,-51.8729248046875,16.828664779663086,14.34675407409668,-13.544134140014648,-0.01188563834875822
20.639999389648438,-50.10811233520508,16.896791458129883,18.514978408813477,-13.396195411682129,-0.013754952698946
20.649999618530273,-48.30485916137695,16.98015022277832,23.178150177001953,-13.246394157409668,-0.01510076317936182
20.65999984741211,-46.50160598754883,17.18037986755371,27.150493621826172,-13.095307350158691,-0.015249621123075485
20.670000076293945,-44.73130416870117,17.40414047241211,30.08188247680664,-12.941189765930176,-0.01420283131301403
20.68000030517578,-43.07831954956055,17.2374210357666,33.01327133178711,-12.78707218170166,-0.012032541446387768
20.690000534057617,-41.42533493041992,17.394546508789062,35.94465637207031,-12.628681182861328,-0.008593585342168808
20.700000762939453,-40.20703887939453,17.259849548339844,39.017372131347656,-12.480752944946289,-0.005903051234781742
20.709999084472656,-38.798160552978516,17.0889835357666,41.40138626098633,-12.32487678527832,-0.0031343933660537004
20.719999313354492,-37.097267150878906,17.13811683654785,43.05353927612305,-12.163865089416504,-0.000596302910707891
20.729999542236328,-35.74482727050781,17.63827133178711,45.00779724121094,-11.999041557312012,0.0018019474809989333
20.739999771118164,-34.68661880493164,17.811988830566406,47.53602600097656,-11.833658218383789,0.0041862898506224155
20.75,-32.97567367553711,17.613121032714844,50.790794372558594,-11.66984748840332,0.005313593428581953
20.760000228881836,-31.53010368347168,17.52120590209961,53.176025390625,-11.50501537322998,0.007028290536254644
20.770000457763672,-30.452030181884766,17.70749855041504,54.99108123779297,-11.33475399017334,0.007326007355004549
20.780000686645508,-28.799047470092773,17.957576751708984,58.899600982666016,-11.157747268676758,0.0075517939403653145
20.790000915527344,-26.84949493408203,17.878623962402344,60.4940071105957,-10.979962348937988,0.007849293760955334
20.799999237060547,-24.78495979309082,18.041582107543945,64.07853698730469,-10.803365707397461,0.00830130185931921
20.809999465942383,-22.312496185302734,18.168954849243164,66.93956756591797,-10.63224983215332,0.008443640545010567
20.81999969482422,-19.384428024291992,18.229625701904297,68.68685150146484,-10.456828117370605,0.008754178881645203
20.829999923706055,-16.228731155395508,18.47970199584961,71.61824035644531,-10.27233600616455,0.009942438453435898
20.84000015258789,-8.439985275268555,18.97849464416504,78.43687438964844,-9.930941581726074,0.010621754452586174
20.850000381469727,-6.459115505218506,19.105283737182617,80.17078399658203,-9.816307067871094,0.012191939167678356
20.860000610351562,-4.2120585441589355,19.146833419799805,82.50859832763672,-9.69919204711914,0.012855499982833862
20.8700008392334,0.44658321142196655,19.209320068359375,85.24151611328125,-9.507514953613281,0.013465928845107555
20.8799991607666,5.561062812805176,19.210681915283203,82.12610626220703,-9.314762115478516,0.01555950753390789
20.889999389648438,12.924352645874023,19.794193267822266,83.88494110107422,-9.125348091125488,0.017880069091916084
20.899999618530273,20.174297332763672,20.126203536987305,82.84307098388672,-8.936565399169922,0.020042862743139267
20.90999984741211,27.69159698486328,20.334083557128906,79.70166778564453,-8.73982048034668,0.021158648654818535
20.920000076293945,35.11775207519531,20.62992286682129,75.45275115966797,-8.539265632629395,0.021682044491171837
20.93000030517578,41.436737060546875,21.29342269897461,71.3330078125,-8.331202507019043,0.02220543846487999
20.940000534057617,48.49948501586914,21.626859664916992,65.66565704345703,-8.13402271270752,0.02272883430123329
20.950000762939453,53.72999954223633,22.087343215942383,56.573028564453125,-7.927083969116211,0.023252228274941444
20.959999084472656,57.84773254394531,22.41611099243164,46.10953903198242,-7.719705104827881,0.022864652797579765
20.969999313354492,61.094573974609375,22.449817657470703,34.373653411865234,-7.516809940338135,0.021294469013810158
20.979999542236328,63.31370544433594,22.128311157226562,19.961069107055664,-7.3134918212890625,0.020180203020572662
20.989999771118164,63.6142463684082,22.46174430847168,8.235515594482422,-7.103838920593262,0.019200671464204788
21,62.757957458496094,22.602664947509766,-0.4811469316482544,-6.888332366943359,0.01717413403093815
21.010000228881836,60.614898681640625,22.686023712158203,-10.439508438110352,-6.669189929962158,0.015242015942931175
21.020000457763672,57.40381622314453,22.67811393737793,-21.397642135620117,-6.449923992156982,0.013738436624407768
21.030000686645508,53.60847473144531,22.43231773376465,-29.755823135375977,-6.231809139251709,0.012558870017528534
21.040000915527344,48.34897994995117,22.34895896911621,-36.40030288696289,-6.0104193687438965,0.01187303476035595
21.049999237060547,42.6220817565918,22.460060119628906,-44.41246032714844,-5.7911224365234375,0.010531569831073284
21.059999465942383,36.84107971191406,22.58263397216797,-51.78089904785156,-5.567931175231934,0.009942438453435898
21.06999969482422,30.961572647094727,22.525203704833984,-57.84487533569336,-5.345820426940918,0.00902668759226799
21.079999923706055,24.690378189086914,22.105623245239258,-62.83446502685547,-5.1237101554870605,0.007620247080922127
21.09000015258789,19.581157684326172,21.60546875,-65.17958068847656,-4.912581920623779,0.007096852175891399
21.100000381469727,14.353915214538574,21.629064559936523,-66.6037826538086,-4.695699691772461,0.006802720949053764
21.110000610351562,8.771445274353027,21.75098991394043,-66.62125396728516,-4.473745346069336,0.007261465769261122
21.1200008392334,3.60636830329895,21.61733055114746,-65.58760070800781,-4.248350143432617,0.007160850800573826
21.1299991607666,0.11916486918926239,20.977943420410156,-64.56002044677734,-4.022953033447266,0.006509024649858475
21.139999389648438,-4.088428974151611,20.977943420410156,-66.9051284790039,-3.799105644226074,0.007032419089227915
21.149999618530273,-7.461702823638916,20.779592514038086,-67.85520935058594,-3.573683023452759,0.0070962002500891685
21.15999984741211,-10.207833290100098,20.529516220092773,-67.05663299560547,-3.3451151847839355,0.006572805345058441
21.170000076293945,-13.281733512878418,20.353723526000977,-65.56678009033203,-3.0674498081207275,0.006279435008764267
21.18000030517578,-17.711929321289062,20.353723526000977,-65.19507598876953,-2.6739754676818848,0.006279435008764267
21.190000534057617,-17.711929321289062,20.353723526000977,-65.19507598876953,-2.661785125732422,0.006279435008764267
21.200000762939453,-18.91550064086914,20.019899368286133,-62.22113800048828,-2.4340083599090576,0.006279435008764267
21.209999084472656,-20.833621978759766,19.879627227783203,-59.696556091308594,-2.210632085800171,0.006509893573820591
21.219999313354492,-22.721242904663086,19.683481216430664,-58.669281005859375,-1.981350302696228,0.006341585889458656
21.229999542236328,-23.79873275756836,18.90194320678711,-58.720489501953125,-1.7485696077346802,0.006217501126229763
21.239999771118164,-25.30144500732422,18.985301971435547,-56.37538146972656,-1.5143080949783325,0.006802720949053764
21.25,-26.075002670288086,19.068660736083984,-57.98133850097656,-1.2811819314956665,0.006571827456355095
21.260000228881836,-27.013086318969727,19.198755264282227,-58.111419677734375,-1.0476099252700806,0.006048433016985655
21.270000457763672,-27.93341064453125,19.3654727935791,-56.90239334106445,-0.8098093867301941,0.005756148602813482
21.280000686645508,-28.25335121154785,19.510671615600586,-56.801490783691406,-0.5706523656845093,0.006218587514013052
21.290000915527344,-28.854434967041016,19.343952178955078,-55.23807907104492,-0.3363426923751831,0.007034049369394779
21.299999237060547,-28.473966598510742,19.24529457092285,-54.951171875,-0.10337361693382263,0.0070945704355835915
21.309999465942383,-28.12913703918457,19.304088592529297,-54.840087890625,0.13492362201213837,0.006802720949053764
21.31999969482422,-27.834436416625977,19.337276458740234,-55.270755767822266,0.36809220910072327,0.006571067031472921
21.329999923706055,-27.20075035095215,19.123369216918945,-56.87412643432617,0.5970021486282349,0.006742960307747126
21.34000015258789,-26.148853302001953,19.373445510864258,-56.4832763671875,0.830344021320343,0.007326007355004549
21.350000381469727,-25.963993072509766,19.554813385009766,-56.414588928222656,1.062772512435913,0.007094027474522591
21.360000610351562,-25.01153564453125,19.62546730041504,-57.42803955078125,1.29140043258667,0.007266898639500141
21.3700008392334,-23.703731536865234,19.707529067993164,-58.54558181762695,1.524137020111084,0.00715270172804594
21.3799991607666,-23.030431747436523,19.950929641723633,-58.491024017333984,1.7513841390609741,0.006976353470236063
21.389999389648438,-21.527719497680664,20.11764907836914,-60.0544319152832,1.97846257686615,0.00808170810341835
21.399999618530273,-19.399850845336914,20.006935119628906,-58.691009521484375,2.2095963954925537,0.007907533086836338
21.40999984741211,-17.40904998779297,20.083616256713867,-58.22037887573242,2.4364874362945557,0.007558639161288738
21.420000076293945,-15.605794906616211,20.24968719482422,-59.397491455078125,2.653409481048584,0.0076165529899299145
21.43000030517578,-13.710110664367676,20.25701141357422,-61.69108963012695,2.8693583011627197,0.007326007355004549
21.440000534057617,-10.854957580566406,20.340370178222656,-63.449920654296875,3.0958900451660156,0.007093049120157957
21.450000762939453,-8.126004219055176,20.703754425048828,-62.090450286865234,3.3277409076690674,0.006802720949053764
21.459999084472656,-4.887577533721924,20.972562789916992,-63.14295196533203,3.553251028060913,0.006569545716047287
21.469999313354492,-1.0228264331817627,21.053329467773438,-65.39657592773438,3.782109022140503,0.0058128670789301395
21.479999542236328,3.306293487548828,20.99388885498047,-65.83332061767578,4.008975028991699,0.004766077268868685
21.489999771118164,7.363616466522217,21.160606384277344,-64.85619354248047,4.234689712524414,0.0037192872259765863
21.5,12.312518119812012,21.751249313354492,-61.22880935668945,4.459365367889404,0.0033733274322003126
21.510000228881836,17.7821102142334,22.018308639526367,-58.53084182739258,4.6785569190979,0.003429285017773509
21.520000457763672,23.492416381835938,21.93041229248047,-56.6346321105957,4.898883819580078,0.002204408636316657
21.530000686645508,29.171640396118164,21.775169372558594,-54.505157470703125,5.116595268249512,-0.0001231070200446993
21.540000915527344,34.58140182495117,22.442039489746094,-52.550899505615234,5.331263542175293,-0.0013358141295611858
21.549999237060547,39.734092712402344,22.68109703063965,-46.58478546142578,5.548511505126953,-0.0022173384204506874
21.559999465942383,45.48214340209961,22.594690322875977,-39.22820281982422,5.763505458831787,-0.0036630036775022745
21.56999969482422,51.04942321777344,22.584190368652344,-31.48137664794922,5.979658126831055,-0.0050692264921963215
21.579999923706055,55.4740104675293,22.982446670532227,-23.5772647857666,6.188676357269287,-0.006802720949053764
21.59000015258789,59.23078918457031,23.23252296447754,-13.415118217468262,6.403987407684326,-0.007037308998405933
21.600000381469727,62.07963180541992,22.90699577331543,-1.3974907398223877,6.621546268463135,-0.007560703903436661
21.610000610351562,63.305641174316406,22.59274673461914,8.870878219604492,6.828824043273926,-0.008318903855979443
21.6200008392334,63.05464553833008,22.618026733398438,19.079830169677734,7.032260894775391,-0.008895865641534328
21.6299991607666,61.637935638427734,22.989253997802734,31.391660690307617,7.241846561431885,-0.008895865641534328
21.639999389648438,58.632511138916016,22.40574073791504,43.7034912109375,7.444774150848389,-0.007720210589468479
21.649999618530273,54.97271728515625,22.25782012939453,54.653724670410156,7.637847900390625,-0.006279435008764267
21.65999984741211,49.25037384033203,21.966777801513672,62.48078918457031,7.832706451416016,-0.005102692637592554
21.670000076293945,42.67583465576172,21.737442016601562,68.53898620605469,8.03235149383545,-0.004133917856961489
21.68000030517578,36.53165817260742,21.746841430664062,74.22563934326172,8.229543685913086,-0.0032961817923933268
21.690000534057617,29.468910217285156,21.246688842773438,77.35245513916016,8.42641544342041,-0.0010985099943354726
21.700000762939453,22.142078399658203,21.039522171020508,81.16614532470703,8.62758731842041,-0.00005172013698029332
21.709999084472656,14.968321800231934,20.820234298706055,82.48656463623047,8.820141792297363,0.000995069625787437
21.719999313354492,8.595466613769531,20.50637435913086,82.96403503417969,9.011655807495117,0.0013338583521544933
21.729999542236328,3.275327682495117,20.10079574584961,84.18567657470703,9.206563949584961,0.0015187904937192798
21.739999771118164,-2.434978485107422,19.767358779907227,83.20854187011719,9.398364067077637,0.0020931449253112078
21.75,-7.0795979499816895,19.212238311767578,80.15254974365234,9.581380844116211,0.0030384501442313194
21.760000228881836,-10.820252418518066,18.841594696044922,76.08173370361328,9.769498825073242,0.004659159574657679
21.770000457763672,-14.243538856506348,18.656599044799805,72.80751037597656,9.956852912902832,0.004286687821149826
21.780000686645508,-17.700361251831055,18.585100173950195,71.4117202758789,10.13408374786377,0.004322979133576155
21.790000915527344,-20.254972457885742,18.585100173950195,69.84831237792969,10.312027931213379,0.005519387312233448
21.799999237060547,-23.078340530395508,18.137840270996094,65.66352081298828,10.495316505432129,0.006180340424180031
21.809999465942383,-25.545080184936523,17.58382225036621,61.926422119140625,10.67243480682373,0.007799963932484388
21.81999969482422,-27.55983543395996,17.365375518798828,59.30443572998047,10.843297958374023,0.008372579701244831
21.829999923706055,-29.190265655517578,17.61124038696289,57.59437942504883,11.019110679626465,0.009084166027605534
21.84000015258789,-30.692977905273438,17.361164093017578,55.0538444519043,11.190126419067383,0.011603567749261856
21.850000381469727,-32.33123779296875,17.33666229248047,51.10308074951172,11.36009693145752,0.01502991933375597
21.860000610351562,-33.394588470458984,17.173120498657227,49.29956817626953,11.527812957763672,0.017695246264338493
21.8700008392334,-34.450927734375,16.956878662109375,47.84071350097656,11.688207626342773,0.02002645656466484
21.8799991607666,-35.85875701904297,16.803319931030273,45.197296142578125,11.847039222717285,0.02311890944838524
21.889999389648438,-36.76038360595703,16.719961166381836,43.047611236572266,12.011697769165039,0.025831282138824463
21.899999618530273,-37.798728942871094,16.86412239074707,41.43132400512695,12.172164916992188,0.02811533585190773
21.90999984741211,-39.248390197753906,16.975677490234375,39.867916107177734,12.322975158691406,0.029351186007261276
21.920000076293945,-41.212196350097656,16.955583572387695,37.49605941772461,12.469160079956055,0.02758987434208393
21.93000030517578,-43.5169792175293,16.816478729248047,33.65470886230469,12.611479759216309,0.025687748566269875
21.940000534057617,-45.32023239135742,16.816478729248047,28.182785034179688,12.75015640258789,0.0239257849752903
21.950000762939453,-46.43406295776367,16.587013244628906,25.2213077545166,12.89328670501709,0.021308811381459236
21.959999084472656,-48.08961868286133,16.50436782836914,21.831140518188477,13.03899097442627,0.019169053062796593
21.969999313354492,-49.85314178466797,16.609766006469727,17.54149627685547,13.176918983459473,0.016882717609405518
21.979999542236328,-51.43402862548828,16.787569046020508,12.697639465332031,13.311715126037598,0.015175300650298595
21.989999771118164,-53.38755416870117,16.620851516723633,8.98454761505127,13.442034721374512,0.014697433449327946
22,-54.22865295410156,16.916950225830078,0.5696855187416077,13.562870979309082,0.013411601074039936
22.010000228881836,-54.06400680541992,16.968093872070312,-7.16559362411499,13.683952331542969,0.012798021547496319
22.020000457763672,-53.20491409301758,17.206762313842773,-16.577341079711914,13.811269760131836,0.011885855346918106
22.030000686645508,-51.485443115234375,17.76791000366211,-28.039386749267578,13.935050010681152,0.009986987337470055
22.040000915527344,-47.42811965942383,17.851268768310547,-35.66099548339844,14.050874710083008,0.0096586300060153
22.049999237060547,-41.68813705444336,18.401334762573242,-44.01203536987305,14.165987968444824,0.00874450895935297
22.059999465942383,-33.871578216552734,18.756420135498047,-53.084747314453125,14.282368659973145,0.007086312398314476
22.06999969482422,-23.97377586364746,19.26150131225586,-61.440345764160156,14.395631790161133,0.004404688253998756
22.079999923706055,-12.212423324584961,20.110841751098633,-67.73712921142578,14.503349304199219,-0.0008292609127238393
22.09000015258789,1.0114449262619019,21.027790069580078,-70.86394500732422,14.602568626403809,-0.006543251220136881
22.100000381469727,17.063119888305664,21.63100814819336,-66.63569641113281,14.703862190246582,-0.012823989614844322
22.110000610351562,33.39652633666992,21.81023597717285,-54.76927185058594,14.799074172973633,-0.01886449009180069
22.1200008392334,47.03568649291992,21.958545684814453,-37.54839324951172,14.895398139953613,-0.022939408197999
22.1299991607666,56.189842224121094,22.242782592773438,-16.69222640991211,14.991722106933594,-0.023109344765543938
22.139999389648438,60.99851989746094,22.326141357421875,7.931435585021973,15.08223819732666,-0.020294075831770897
22.149999618530273,57.82389450073242,22.172258377075195,28.847171783447266,15.1630220413208,-0.0163896381855011
22.15999984741211,50.21662139892578,21.538314819335938,47.7823600769043,15.24199390411377,-0.011961697600781918
22.170000076293945,39.743675231933594,20.93107795715332,63.03834533691406,15.321319580078125,-0.0077329231426119804
22.18000030517578,27.964445114135742,20.51240348815918,72.84550476074219,15.398866653442383,-0.004069159273058176
22.190000534057617,16.543832778930664,19.76217269897461,75.19061279296875,15.473793983459473,-0.0006465019541792572
22.200000762939453,6.273040771484375,19.570045471191406,75.85347747802734,15.54704761505127,0.0017702198820188642
22.209999084472656,-2.667980909347534,19.344276428222656,75.60912322998047,15.618950843811035,0.002375106792896986
22.219999313354492,-9.353764533996582,18.940704345703125,72.77377319335938,15.688121795654297,0.002817444270476699
22.229999542236328,-13.98027229309082,18.481063842773438,67.50927734375,15.752220153808594,0.004387628752738237
22.239999771118164,-18.4884090423584,18.481063842773438,63.01448440551758,15.812220573425293,0.0059578134678304195
22.25,-21.692480087280273,18.239933013916016,59.273433685302734,15.870014190673828,0.008011517114937305
22.260000228881836,-24.848175048828125,17.930156707763672,56.40009307861328,15.92780876159668,0.01111222617328167
22.270000457763672,-27.44111442565918,17.830852508544922,52.57880401611328,15.983651161193848,0.014534014277160168
22.280000686645508,-29.427709579467773,17.90584945678711,47.732364654541016,16.029478073120117,0.0186427254229784
22.290000915527344,-31.531505584716797,17.655771255493164,44.410125732421875,16.07569122314453,0.023876672610640526
22.299999237060547,-33.48923873901367,17.24364471435547,41.46779251098633,16.12051010131836,0.02886831946671009
22.309999465942383,-35.551551818847656,17.188934326171875,38.536407470703125,16.161170959472656,0.032609228044748306
22.31999969482422,-37.44081115722656,17.351634979248047,36.6280403137207,16.19716453552246,0.033286046236753464
22.329999923706055,-39.333457946777344,17.544734954833984,35.3565559387207,16.230440139770508,0.03147323429584503
22.34000015258789,-42.03833770751953,17.544734954833984,32.425167083740234,16.263160705566406,0.028651442378759384
22.350000381469727,-44.743221282958984,17.544734954833984,28.15345573425293,16.29172134399414,0.024501986801624298
22.360000610351562,-46.78835678100586,17.361745834350586,23.711088180541992,16.31652069091797,0.021006204187870026
22.3700008392334,-48.736976623535156,17.151987075805664,18.55463981628418,16.3402042388916,0.018426498398184776
22.3799991607666,-50.557525634765625,17.063833236694336,12.139323234558105,16.3606014251709,0.016501987352967262
22.389999389648438,-51.45915222167969,17.230548858642578,3.931436061859131,16.37884521484375,0.015005472116172314
22.399999618530273,-52.212379455566406,17.561912536621094,-3.8904623985290527,16.386157989501953,0.013605441898107529
22.40999984741211,-51.4079704284668,17.772058486938477,-12.863641738891602,16.3891544342041,0.013605441898107529
22.420000076293945,-49.46472930908203,18.020709991455078,-23.49262237548828,16.38823699951172,0.012631016783416271
22.43000030517578,-46.142051696777344,18.3338565826416,-35.46116638183594,16.387374877929688,0.011512297205626965
22.440000534057617,-40.43174362182617,18.583932876586914,-47.57756805419922,16.38189697265625,0.010049356147646904
22.450000762939453,-30.08476448059082,19.165889739990234,-56.77626419067383,16.374786376953125,0.00690898671746254
22.459999084472656,-17.245573043823242,19.624818801879883,-63.62467956542969,16.3709659576416,0.002060330705717206
22.469999313354492,-2.1455371379852295,19.875154495239258,-67.8292236328125,16.36414337158203,-0.006452849134802818
22.479999542236328,14.912700653076172,20.20975685119629,-66.98384857177734,16.350744247436523,-0.015455197542905807
22.489999771118164,33.53885269165039,21.291349411010742,-56.60317611694336,16.332489013671875,-0.0213165245950222
22.5,49.76814651489258,21.70814323425293,-38.819419860839844,16.305383682250977,-0.02550368383526802
22.510000228881836,59.87043762207031,21.87317657470703,-15.576048851013184,16.280452728271484,-0.026266666129231453
22.520000457763672,63.03290939331055,21.91427230834961,10.132028579711914,16.25009536743164,-0.02312629669904709
22.530000686645508,59.512168884277344,21.784761428833008,35.35063171386719,16.228422164916992,-0.018027516081929207
22.540000915527344,50.60199737548828,21.286422729492188,57.129825592041016,16.196353912353516,-0.012169447727501392
22.549999237060547,37.678672790527344,20.952987670898438,69.0508041381836,16.160419464111328,-0.0074922507628798485
22.559999465942383,24.755348205566406,20.492374420166016,76.35040283203125,16.124156951904297,-0.0034839389845728874
22.56999969482422,12.760293006896973,20.16386604309082,78.89337158203125,16.083580017089844,-0.0016026727389544249
22.579999923706055,2.2815043926239014,19.97491455078125,77.57736206054688,16.040950775146484,0.00018015128443948925
22.59000015258789,-6.372528553009033,19.71861457824707,74.26241302490234,15.997153282165527,0.002306218957528472
22.600000381469727,-11.782292366027832,19.135101318359375,71.33102416992188,15.947754859924316,0.004121965728700161
22.610000610351562,-17.076255798339844,18.680063247680664,66.14069366455078,15.898690223693848,0.005724203772842884
22.6200008392334,-21.707555770874023,18.393945693969727,61.80971145629883,15.854253768920898,0.006525214295834303
22.6299991607666,-25.22864532470703,18.08993911743164,58.663753509521484,15.793059349060059,0.008769825100898743
22.639999389648438,-27.340389251708984,17.445106506347656,54.9713249206543,15.731865882873535,0.012464991770684719
22.649999618530273,-29.744728088378906,17.61182403564453,52.039939880371094,15.677231788635254,0.015851465985178947
22.65999984741211,-31.798160552978516,17.454116821289062,48.34797286987305,15.616840362548828,0.02050008438527584
22.670000076293945,-34.070457458496094,17.425077438354492,45.37220764160156,15.552023887634277,0.02527213841676712
22.68000030517578,-36.11606216430664,17.591794967651367,42.891544342041016,15.484673500061035,0.0296751968562603
22.690000534057617,-36.92911911010742,17.747102737426758,39.60273742675781,15.418834686279297,0.033183369785547256
22.700000762939453,-39.48373031616211,17.580385208129883,37.257625579833984,15.350495338439941,0.03376695513725281
22.709999084472656,-41.80206298828125,17.21706771850586,35.680694580078125,15.279102325439453,0.032256532460451126
22.719999313354492,-43.8944091796875,16.97969627380371,31.683734893798828,15.206836700439453,0.02791149728000164
22.729999542236328,-46.10945129394531,16.968870162963867,26.33702850341797,15.134206771850586,0.02410050481557846
22.739999771118164,-48.9267463684082,17.118087768554688,23.021474838256836,15.05896282196045,0.02033579908311367
22.75,-50.88026809692383,16.868011474609375,15.39986515045166,14.954070091247559,0.016745159402489662
22.760000228881836,-54.26546096801758,17.01502227783203,4.830304145812988,14.783693313598633,0.01625055819749832
22.770000457763672,-56.135555267333984,17.21959686279297,-5.864324569702148,14.783693313598633,0.014956359751522541
22.780000686645508,-55.8990478515625,17.23735809326172,-15.851862907409668,14.69670581817627,0.01388121023774147
22.790000915527344,-54.30659103393555,16.937108993530273,-25.418004989624023,14.604159355163574,0.012614935636520386
22.799999237060547,-51.00062561035156,17.270545959472656,-34.79844665527344,14.509408950805664,0.01176003273576498
22.809999465942383,-45.40565490722656,18.13861846923828,-44.49224090576172,14.415038108825684,0.01153989601880312
22.81999969482422,-38.1629524230957,18.76970863342285,-55.778316497802734,14.319528579711914,0.010741058737039566
22.829999923706055,-29.221698760986328,19.128620147705078,-66.19530487060547,14.220044136047363,0.009721540845930576
22.84000015258789,-18.246524810791016,19.578990936279297,-71.68272399902344,14.12236213684082,0.008399526588618755
22.850000381469727,-4.722115516662598,20.57929801940918,-74.22325897216797,14.02677059173584,0.005614787805825472
22.860000610351562,10.626932144165039,21.03978157043457,-74.07449340820312,13.923188209533691,0.0006558463210240006
22.8700008392334,27.16471290588379,21.70081901550293,-69.45265197753906,13.812027931213379,-0.005075094290077686
22.8799991607666,43.40089797973633,22.40878677368164,-58.401519775390625,13.704535484313965,-0.011107228696346283
22.889999389648438,57.274227142333984,22.647974014282227,-39.68288040161133,13.59731674194336,-0.016615860164165497
22.899999618530273,65.38887023925781,22.731332778930664,-18.772310256958008,13.479462623596191,-0.02010805532336235
22.90999984741211,68.71388244628906,22.8828182220459,5.1728315353393555,13.369370460510254,-0.021180380135774612
22.920000076293945,66.77671813964844,23.049535751342773,27.349260330200195,13.257418632507324,-0.020707618445158005
22.93000030517578,60.41274642944336,23.002086639404297,46.104522705078125,13.138779640197754,-0.017891695722937584
22.940000534057617,51.25368118286133,22.520212173461914,61.214622497558594,13.023624420166016,-0.013704536482691765
22.950000762939453,40.28388214111328,22.2701358795166,72.1584701538086,12.90443229675293,-0.010016107000410557
22.959999084472656,29.438060760498047,22.08883285522461,77.94283294677734,12.780763626098633,-0.006626264192163944
22.969999313354492,19.225460052490234,21.681631088256836,80.3779067993164,12.663212776184082,-0.004210411570966244
22.979999542236328,9.90268611907959,21.207796096801758,82.12382507324219,12.549217224121094,-0.0019151667365804315
22.989999771118164,1.6333285570144653,20.950977325439453,84.9992904663086,12.425149917602539,0.0004995992640033364
23,-4.978605270385742,20.617542266845703,78.35480499267578,12.294683456420898,0.0020462055690586567
23.010000228881836,-9.58816909790039,19.936992645263672,74.639892578125,12.169963836669922,0.0031397175043821335
23.020000457763672,-13.620018005371094,19.23550796508789,72.08446502685547,12.038433074951172,0.003639968577772379
23.030000686645508,-17.274085998535156,18.90544319152832,69.47417449951172,11.90584659576416,0.004686758387833834
23.040000915527344,-20.42978286743164,19.209320068359375,66.00848388671875,11.778844833374023,0.0057335481978952885
23.049999237060547,-23.585477828979492,19.209320068359375,63.07709503173828,11.641693115234375,0.005778531543910503
23.059999465942383,-26.614856719970703,18.578683853149414,60.638526916503906,11.500652313232422,0.005984542891383171
23.06999969482422,-28.28466796875,18.174205780029297,57.598636627197266,11.359000205993652,0.007304058875888586
23.079999923706055,-29.294849395751953,18.179779052734375,54.55221176147461,11.210672378540039,0.008852403610944748
23.09000015258789,-30.783071517944336,18.44891357421875,52.30830764770508,11.065949440002441,0.009942438453435898
23.100000381469727,-32.13551330566406,18.115478515625,49.181495666503906,10.926009178161621,0.010695422999560833
23.110000610351562,-33.615440368652344,17.782041549682617,47.0494384765625,10.780425071716309,0.01276781503111124
23.1200008392334,-34.8475227355957,17.79889488220215,46.385658264160156,10.627440452575684,0.014631153084337711
23.1299991607666,-35.84648895263672,17.96088218688965,44.79125213623047,10.473637580871582,0.016934547573328018
23.139999389648438,-36.74811553955078,17.926137924194336,40.49613571166992,10.316536903381348,0.0188383050262928
23.149999618530273,-37.649742126464844,17.592702865600586,41.27783966064453,10.155620574951172,0.02009599469602108
23.15999984741211,-38.42271423339844,17.47336769104004,39.047916412353516,9.99470329284668,0.02220967598259449
23.170000076293945,-38.89993667602539,17.339319229125977,35.836612701416016,9.832661628723145,0.022772839292883873
23.18000030517578,-39.95791244506836,17.232624053955078,32.7411003112793,9.658239364624023,0.022753171622753143
23.190000534057617,-42.294944763183594,17.2606258392334,30.789880752563477,9.48540210723877,0.022520650178194046
23.200000762939453,-44.098201751708984,17.510704040527344,31.962434768676758,9.32496166229248,0.021978022530674934
23.209999084472656,-44.862876892089844,17.544734954833984,27.901195526123047,9.15583324432373,0.020969262346625328
23.219999313354492,-46.01924133300781,17.28804588317871,25.54301643371582,8.981496810913086,0.018623383715748787
23.229999542236328,-47.46668243408203,16.9938907623291,24.47379493713379,8.806427955627441,0.01726844534277916
23.239999771118164,-48.819122314453125,16.900550842285156,22.746570587158203,8.627772331237793,0.016763413324952126
23.25,-50.171566009521484,16.73383331298828,19.815183639526367,8.445333480834961,0.01571662351489067
23.260000228881836,-51.00004196166992,16.49445152282715,16.03203582763672,8.262022972106934,0.014922567643225193
23.270000457763672,-52.03254318237305,16.504304885864258,12.123518943786621,8.081478118896484,0.013640646822750568
23.280000686645508,-53.17827606201172,16.733638763427734,8.875589370727539,7.894390106201172,0.012052968144416809
23.290000915527344,-54.057701110839844,17.0139217376709,6.3022284507751465,7.7187418937683105,0.011259238235652447
23.299999237060547,-53.75715637207031,16.93056297302246,0.8303036093711853,7.551021575927734,0.010482675395905972
23.309999465942383,-54.77820587158203,16.920515060424805,-1.547935128211975,7.368760585784912,0.010195714421570301
23.31999969482422,-55.03153991699219,17.34158706665039,-6.4636712074279785,7.180453777313232,0.009452182799577713
23.329999923706055,-54.78860855102539,17.688894271850586,-12.65864086151123,6.992057800292969,0.008626073598861694
23.34000015258789,-54.53667449951172,17.533456802368164,-17.813264846801758,6.804701328277588,0.009149468503892422
23.350000381469727,-53.635047912597656,17.450098037719727,-20.940078735351562,6.615065097808838,0.008911729790270329
23.360000610351562,-53.26673126220703,17.514657974243164,-25.454021453857422,6.424691200256348,0.008372579701244831
23.3700008392334,-52.2938232421875,17.65129852294922,-28.895097732543945,6.235920429229736,0.008626507595181465
23.3799991607666,-50.70627975463867,17.7528076171875,-32.08968734741211,6.046658515930176,0.009149902500212193
23.389999389648438,-48.73125076293945,17.788589477539062,-35.91432189941406,5.854279041290283,0.009673298336565495
23.399999618530273,-46.6274528503418,18.038665771484375,-39.2365608215332,5.659365653991699,0.009433929808437824
23.40999984741211,-44.65815353393555,18.437957763671875,-44.30790710449219,5.464249610900879,0.009404592216014862
23.420000076293945,-42.4129638671875,18.6390323638916,-47.687896728515625,5.267136573791504,0.00841560773551464
23.43000030517578,-39.888736724853516,18.888654708862305,-49.33138656616211,5.080155372619629,0.008075623773038387
23.440000534057617,-37.16118621826172,19.2630558013916,-50.62520980834961,4.882706165313721,0.0094191525131464
23.450000762939453,-34.3060302734375,18.92962074279785,-55.901710510253906,4.687252521514893,0.00890955701470375
23.459999084472656,-31.31521224975586,19.12298011779785,-60.47248840332031,4.488042831420898,0.008627486415207386
23.469999313354492,-28.211400985717773,19.263898849487305,-62.15229797363281,4.282104969024658,0.007620790507644415
23.479999542236328,-25.48349952697754,19.48286247253418,-62.8245849609375,4.076951503753662,0.007555053569376469
23.489999771118164,-23.165163040161133,19.78064727783203,-64.37857055664062,3.871793508529663,0.008385401219129562
23.5,-19.70892333984375,19.44721221923828,-66.91910552978516,3.6629624366760254,0.00835997611284256
23.510000228881836,-16.526351928710938,19.64510726928711,-69.28170013427734,3.4564783573150635,0.008640415966510773
23.520000457763672,-14.067560195922852,19.67427635192871,-70.84996795654297,3.2549023628234863,0.007605904713273048
23.530000686645508,-12.088326454162598,19.590917587280273,-71.86052703857422,3.0429069995880127,0.007314055226743221
23.540000915527344,-10.110028266906738,19.535303115844727,-72.67475128173828,2.8272924423217773,0.007849293760955334
23.549999237060547,-7.254875183105469,19.618661880493164,-73.6518783569336,2.630143165588379,0.008105178363621235
23.559999465942383,-5.365734577178955,19.855125427246094,-74.98795318603516,2.435229778289795,0.008372579701244831
23.56999969482422,-4.771193504333496,19.937576293945312,-75.43898010253906,2.0262060165405273,0.007604274898767471
23.579999923706055,-4.327040195465088,20.043169021606445,-75.43898010253906,1.9616073369979858,0.006802720949053764
23.59000015258789,-3.0395689010620117,20.26420783996582,-75.4730224609375,1.8011794090270996,0.007059040013700724
23.600000381469727,-0.6352294087409973,20.347564697265625,-75.66844940185547,1.5892139673233032,0.007069579791277647
23.610000610351562,0.9340882897377014,20.122121810913086,-74.2349624633789,1.376169204711914,0.007828866131603718
23.6200008392334,2.1311166286468506,20.324230194091797,-74.65924835205078,1.1672253608703613,0.007099350914359093
23.6299991607666,3.1830151081085205,20.597640991210938,-74.68265533447266,0.9571922421455383,0.006259876769036055
23.639999389648438,4.0708537101745605,20.696168899536133,-73.35054016113281,0.7459255456924438,0.0075828698463737965
23.649999618530273,4.22112512588501,20.86288833618164,-73.93681335449219,0.5414721369743347,0.007592322770506144
23.65999984741211,4.932751655578613,20.8739070892334,-76.53068542480469,0.3278745710849762,0.007583086844533682
23.670000076293945,4.653476238250732,20.988250732421875,-74.84358215332031,0.10865168273448944,0.006820540875196457
23.68000030517578,3.967907667160034,21.118473052978516,-72.84160614013672,-0.09544339776039124,0.006270742509514093
23.690000534057617,3.3097991943359375,21.122751235961914,-73.33366394042969,-0.305088609457016,0.007060126401484013
23.700000762939453,2.4081716537475586,20.789316177368164,-75.09249877929688,-0.5179217457771301,0.007583521772176027
23.709999084472656,2.355588436126709,21.005361557006836,-72.43464660644531,-0.7241845726966858,0.008364539593458176
23.719999313354492,1.6259667873382568,20.85070037841797,-71.8076400756836,-0.9380477070808411,0.007864939980208874
23.729999542236328,0.30624428391456604,20.702974319458008,-72.98217010498047,-1.1552735567092896,0.007318401243537664
23.739999771118164,-1.1686571836471558,20.687549591064453,-74.82306671142578,-1.3666635751724243,0.007333396002650261
23.75,-1.9200133085250854,20.270753860473633,-75.40934753417969,-1.5770111083984375,0.007060778792947531
23.760000228881836,-4.098127841949463,20.328832626342773,-74.51123809814453,-1.7895560264587402,0.007326007355004549
23.770000457763672,-5.8251953125,20.00291633605957,-74.76775360107422,-1.999842882156372,0.007067732512950897
23.780000686645508,-7.600405216217041,19.729503631591797,-75.01788330078125,-2.206284523010254,0.006802720949053764
23.790000915527344,-9.827597618103027,19.763729095458984,-74.78750610351562,-2.410919427871704,0.006802720949053764
23.799999237060547,-12.532479286193848,19.93044662475586,-75.17835998535156,-2.618173599243164,0.006544120144098997
23.809999465942383,-14.66198444366455,19.8577823638916,-75.00800323486328,-2.824605703353882,0.006538144312798977
23.81999969482422,-17.618330001831055,19.892656326293945,-72.45652770996094,-3.0376503467559814,0.005508630536496639
23.829999923706055,-20.5085391998291,19.668506622314453,-68.57840728759766,-3.246413230895996,0.005480923689901829
23.84000015258789,-23.00893211364746,19.120515823364258,-65.31999206542969,-3.4529716968536377,0.006543685682117939
23.850000381469727,-25.864084243774414,18.70372200012207,-65.90626525878906,-3.659217119216919,0.006538578774780035
23.860000610351562,-29.29928970336914,19.091346740722656,-61.96644592285156,-3.8630950450897217,0.006802720949053764
23.8700008392334,-32.32457733154297,19.030027389526367,-59.96416473388672,-4.068722724914551,0.005765275564044714
23.8799991607666,-35.0388069152832,18.740863800048828,-57.50872802734375,-4.272491455078125,0.0052285161800682545
23.889999389648438,-37.6597900390625,18.554698944091797,-53.85915756225586,-4.474086761474609,0.006275305990129709
23.899999618530273,-40.51494598388672,18.88813591003418,-51.12319564819336,-4.674448013305664,0.006283346097916365
23.90999984741211,-43.80863952636719,18.735031127929688,-47.05648422241211,-4.870494842529297,0.005236556753516197
23.920000076293945,-45.69883346557617,18.447486877441406,-43.235801696777344,-5.067221164703369,0.004449671600013971
23.93000030517578,-47.409423828125,18.233257293701172,-40.17478942871094,-5.2656049728393555,0.004706316627562046
23.940000534057617,-49.272743225097656,18.168954849243164,-36.846771240234375,-5.456258773803711,0.005492984317243099
23.950000762939453,-50.32463836669922,18.168954849243164,-30.202293395996094,-5.654572010040283,0.004975456744432449
23.959999084472656,-52.70269012451172,18.25069236755371,-29.114990234375,-5.847492694854736,0.0041862898506224155
23.969999313354492,-53.676063537597656,17.72344398498535,-25.274856567382812,-6.037185192108154,0.0034049460664391518
23.979999542236328,-54.56366729736328,17.29627799987793,-20.578556060791016,-6.230887413024902,0.0028769876807928085
23.989999771118164,-55.73849105834961,17.252328872680664,-16.2685489654541,-6.422612190246582,0.0031397175043821335
24,-56.339576721191406,17.335689544677734,-12.555458068847656,-6.610179424285889,0.0028789436910301447
24.010000228881836,-56.19807052612305,17.00711441040039,-7.876633644104004,-6.797855854034424,0.002616431098431349
24.020000457763672,-55.714073181152344,16.79709815979004,-3.765091896057129,-6.982460975646973,0.0007894927985034883
24.030000686645508,-55.55678939819336,16.671411514282227,0.1434258073568344,-7.1631975173950195,-0.0007854726281948388
24.040000915527344,-55.49041748046875,16.547344207763672,3.9087932109832764,-7.345793724060059,-0.0005232862313278019
24.049999237060547,-54.288246154785156,16.29726791381836,7.2310333251953125,-7.524099826812744,-0.0015685547841712832
24.059999465942383,-52.786705017089844,16.960573196411133,11.721269607543945,-7.695919036865234,-0.0031392828095704317
24.06999969482422,-51.62122344970703,17.003873825073242,15.485116958618164,-7.8730292320251465,-0.004447606857866049
24.079999923706055,-50.94500732421875,16.670438766479492,18.514219284057617,-8.057744026184082,-0.005494505632668734
24.09000015258789,-50.30372619628906,16.38030242919922,21.202465057373047,-8.23376750946045,-0.006541403941810131
24.100000381469727,-48.65190887451172,16.712766647338867,24.3277587890625,-8.40544605255127,-0.00758786778897047
24.110000610351562,-47.299468994140625,16.796125411987305,27.063722610473633,-8.584650993347168,-0.008373231627047062
24.1200008392334,-45.71986770629883,17.005495071411133,32.31074142456055,-8.758721351623535,-0.008895865641534328
24.1299991607666,-44.448402404785156,17.001605987548828,35.391963958740234,-8.930547714233398,-0.008633678779006004
24.139999389648438,-43.31260681152344,16.8381290435791,35.58738708496094,-9.102178573608398,-0.007585694547742605
24.149999618530273,-41.512855529785156,16.920515060424805,35.80332946777344,-9.26962947845459,-0.006277913693338633
24.15999984741211,-40.0101432800293,16.920515060424805,37.757591247558594,-9.431093215942383,-0.004443586803972721
24.170000076293945,-38.85167694091797,17.047821044921875,39.26416015625,-9.592096328735352,-0.0034023383632302284
24.18000030517578,-38.10966873168945,17.04263687133789,41.43815994262695,-9.756012916564941,-0.0018238959601148963
24.190000534057617,-37.21669006347656,16.920515060424805,43.533138275146484,-9.911467552185059,0.0010513532906770706
24.200000762939453,-35.14210510253906,16.930238723754883,43.37950134277344,-10.075072288513184,0.00314493291079998
24.209999084472656,-34.541019439697266,17.430391311645508,45.333763122558594,-10.224658012390137,0.004449345637112856
24.219999313354492,-33.128517150878906,17.287527084350586,46.98652267456055,-10.373147964477539,0.004972740542143583
24.229999542236328,-31.711458206176758,17.041339874267578,49.26583480834961,-10.518597602844238,0.006812499836087227
24.239999771118164,-30.302459716796875,16.966407775878906,52.304813385009766,-10.660022735595703,0.008635961450636387
24.25,-28.3775634765625,17.144468307495117,55.568546295166016,-10.805419921875,0.008895865641534328
24.260000228881836,-27.475936889648438,17.727981567382812,56.74110412597656,-10.948423385620117,0.009423064067959785
24.270000457763672,-25.16928482055664,17.726943969726562,58.97953414916992,-11.087065696716309,0.010206146165728569
24.280000686645508,-22.70383071899414,17.82586097717285,62.557987213134766,-11.224716186523438,0.010729541070759296
24.290000915527344,-20.06695556640625,18.088512420654297,66.1124267578125,-11.365158081054688,0.011252935975790024
24.299999237060547,-16.444671630859375,18.174789428710938,67.40807342529297,-11.50460433959961,0.012832464650273323
24.309999465942383,-12.387350082397461,18.341506958007812,72.09829711914062,-11.63228988647461,0.014392870478332043
24.31999969482422,-8.684788703918457,18.705018997192383,73.71276092529297,-11.755772590637207,0.015180516988039017
24.329999923706055,-3.6206722259521484,19.211654663085938,76.91661834716797,-11.885653495788574,0.016756026074290276
24.34000015258789,3.127744197845459,19.62546730041504,80.77225494384766,-12.008041381835938,0.019643008708953857
24.350000381469727,10.999689102172852,19.661117553710938,81.03773498535156,-12.123815536499023,0.0227776188403368
24.360000610351562,20.16623306274414,20.494707107543945,78.49720001220703,-12.24444580078125,0.02565927803516388
24.3700008392334,29.810466766357422,20.66583251953125,75.02481842041016,-12.365699768066406,0.029064442962408066
24.3799991607666,39.82453536987305,21.03038215637207,69.17510986328125,-12.472180366516113,0.032198403030633926
24.389999389648438,49.5045280456543,21.59769058227539,58.86920928955078,-12.578125,0.033755332231521606
24.399999618530273,57.6994514465332,21.91427230834961,42.307395935058594,-12.688814163208008,0.03268800675868988
24.40999984741211,61.756771087646484,21.91427230834961,26.67332649230957,-12.793989181518555,0.03007103130221367
24.420000076293945,62.43754959106445,22.11495590209961,5.863963603973389,-12.89545726776123,0.02533135749399662
24.43000030517578,58.78804016113281,22.133949279785156,-15.569058418273926,-13.003816604614258,0.02011989988386631
24.440000534057617,50.53083801269531,21.839534759521484,-36.65924835205078,-13.10960865020752,0.015925025567412376
24.450000762939453,38.103431701660156,21.260883331298828,-57.34688949584961,-13.202220916748047,0.010683144442737103
24.459999084472656,23.977933883666992,20.76072883605957,-64.96849822998047,-13.299677848815918,0.007051977328956127
24.469999313354492,8.391326904296875,20.463205337524414,-70.37325286865234,-13.397134780883789,0.004418270196765661
24.479999542236328,-5.678780555725098,20.30685806274414,-70.64435577392578,-13.481270790100098,0.0034143992234021425
24.489999771118164,-17.78227424621582,19.88306427001953,-66.89236450195312,-13.577323913574219,0.003920191898941994
24.5,-28.593154907226562,18.782155990600586,-61.80171585083008,-13.663711547851562,0.0033967969939112663
24.510000228881836,-37.15861511230469,18.615436553955078,-51.05329513549805,-13.750055313110352,0.002873402088880539
24.520000457763672,-44.003082275390625,18.2441463470459,-43.66206359863281,-13.829963684082031,0.0018171592382714152
24.530000686645508,-48.58039474487305,17.922378540039062,-33.8986701965332,-13.908453941345215,0.00024697461049072444
24.540000915527344,-51.34907913208008,17.618629455566406,-22.977615356445312,-13.98508071899414,-0.0007899274933151901
24.549999237060547,-53.21379470825195,17.23878288269043,-14.718667030334473,-14.058060646057129,-0.00211357232183218
24.559999465942383,-53.965152740478516,17.322141647338867,-8.269613265991211,-14.12992000579834,-0.003940293099731207
24.56999969482422,-53.59964370727539,16.854787826538086,1.2457735538482666,-14.198179244995117,-0.006578346714377403
24.579999923706055,-52.130348205566406,16.704729080200195,10.165916442871094,-14.265583038330078,-0.010242111049592495
24.59000015258789,-50.2247314453125,16.87144660949707,16.631990432739258,-14.323376655578613,-0.01310432143509388
24.600000381469727,-48.70975112915039,17.038164138793945,20.241443634033203,-14.381171226501465,-0.01546519435942173
24.610000610351562,-47.056766510009766,17.20488166809082,27.081348419189453,-14.432257652282715,-0.016745159402489662
24.6200008392334,-44.276397705078125,17.302112579345703,29.034088134765625,-14.487349510192871,-0.016745159402489662
24.6299991607666,-42.23885726928711,17.239042282104492,31.155508041381836,-14.539155960083008,-0.014604206196963787
24.639999389648438,-40.68355941772461,17.156719207763672,34.21879959106445,-14.585967063903809,-0.010417046956717968
24.649999618530273,-38.79722595214844,17.269895553588867,37.45365905761719,-14.63426685333252,-0.005694214720278978
24.65999984741211,-37.595054626464844,17.686691284179688,39.798770904541016,-14.675691604614258,-0.0012641014764085412
24.670000076293945,-35.507850646972656,17.7528076171875,42.30830764770508,-14.713597297668457,0.0013274475932121277
24.68000030517578,-33.69956970214844,17.85172462463379,44.03720474243164,-14.750240325927734,0.003970282152295113
24.690000534057617,-32.19685745239258,17.93210220336914,46.62667465209961,-14.780468940734863,0.006560961715877056
24.700000762939453,-30.69414710998535,17.864946365356445,51.65623092651367,-14.809932708740234,0.008399526588618755
24.709999084472656,-29.191434860229492,17.948307037353516,54.39219284057617,-14.8379545211792,0.009956128895282745
24.719999313354492,-27.30591583251953,18.314800262451172,57.6259880065918,-14.858525276184082,0.010734321549534798
24.729999542236328,-24.17814826965332,18.38085174560547,61.653038024902344,-14.881189346313477,0.01179512869566679
24.739999771118164,-20.430248260498047,18.47899055480957,66.35481262207031,-14.904979705810547,0.01309649832546711
24.75,-16.768936157226562,19.009998321533203,71.35382080078125,-14.925682067871094,0.014143288135528564
24.760000228881836,-11.359171867370605,19.09335708618164,75.65319061279297,-14.932004928588867,0.016804268583655357
24.770000457763672,-5.048015117645264,19.676738739013672,77.10566711425781,-14.937093734741211,0.020184006541967392
24.780000686645508,3.1520493030548096,20.242101669311523,78.2017822265625,-14.945762634277344,0.02414722554385662
24.790000915527344,13.28215217590332,20.832487106323242,79.23331451416016,-14.953333854675293,0.029650531709194183
24.799999237060547,25.022470474243164,21.516923904418945,79.24380493164062,-14.955620765686035,0.03486894443631172
24.809999465942383,38.096065521240234,21.68364143371582,73.18560028076172,-14.954957008361816,0.03877077251672745
24.81999969482422,50.000213623046875,21.99452018737793,60.3680305480957,-14.954957008361816,0.03894462436437607
24.829999923706055,59.77543640136719,22.430761337280273,43.23908615112305,-14.953547477722168,0.036867234855890274
24.84000015258789,65.73767852783203,22.531490325927734,21.422203063964844,-14.94806957244873,0.03286793828010559
24.850000381469727,66.18988800048828,22.048450469970703,-4.98384428024292,-14.942500114440918,0.025777172297239304
24.860000610351562,58.976871490478516,22.29852867126465,-31.561763763427734,-14.925504684448242,0.019006721675395966
24.8700008392334,44.68404769897461,21.8940486907959,-52.854068756103516,-14.914172172546387,0.011898241937160492
24.8799991607666,28.042736053466797,21.393896102905273,-65.93013000488281,-14.897640228271484,0.00703828688710928
24.889999389648438,10.724386215209961,20.925113677978516,-72.83720397949219,-14.88064193725586,0.0054681021720170975
24.899999618530273,-6.02092170715332,20.454843521118164,-75.9131088256836,-14.858529090881348,0.00416847039014101
24.90999984741211,-20.14641571044922,19.621253967285156,-72.00458526611328,-14.83321475982666,0.0031216805800795555
24.920000076293945,-31.49411392211914,18.71428871154785,-63.96751022338867,-14.806485176086426,0.0018041206058114767
24.93000030517578,-40.56390380859375,18.008134841918945,-54.0097541809082,-14.77186393737793,0.0013174513587728143
24.940000534057617,-47.373783111572266,17.616750717163086,-44.31231689453125,-14.7332763671875,0.001027883728966117
24.950000762939453,-52.087345123291016,17.45398712158203,-36.08710479736328,-14.698512077331543,-0.00029000226641073823
24.959999084472656,-55.2430419921875,16.7871150970459,-26.51123809814453,-14.66080093383789,-0.0013177773216739297
24.969999313354492,-56.39706802368164,16.56439208984375,-15.54702377319336,-14.619263648986816,-0.0031977395992726088
24.979999542236328,-55.75999450683594,16.50436782836914,-3.907482624053955,-14.57857894897461,-0.006066686939448118
24.989999771118164,-54.61064147949219,16.50436782836914,5.945568561553955,-14.527534484863281,-0.009226723574101925
25,-53.83661651611328,16.516359329223633,12.16834831237793,-14.46973991394043,-0.012618848122656345
25.010000228881836,-52.03335952758789,16.599720001220703,15.881440162658691,-14.419281005859375,-0.015215720981359482
25.020000457763672,-49.82626724243164,16.53373146057129,22.92072296142578,-14.369420051574707,-0.01812487095594406
25.030000686645508,-47.76687240600586,16.396377563476562,27.941770553588867,-14.304932594299316,-0.01906898058950901
25.040000915527344,-45.63316345214844,16.4295654296875,31.967300415039062,-14.242705345153809,-0.016682574525475502
25.049999237060547,-43.22882080078125,16.725082397460938,35.78053665161133,-14.18445110321045,-0.012725655920803547
25.059999465942383,-40.824485778808594,16.808441162109375,35.78053665161133,-14.128973007202148,-0.008015101775527
25.06999969482422,-38.28436279296875,17.042442321777344,37.19319534301758,-14.067462921142578,-0.0046665482223033905
25.079999923706055,-37.01033020019531,17.073944091796875,42.215457916259766,-13.997285842895508,-0.000665408035274595
25.09000015258789,-35.67448425292969,17.22834587097168,46.90537643432617,-13.930665969848633,0.0029109970200806856
25.100000381469727,-33.48573303222656,17.622194290161133,48.37532424926758,-13.861132621765137,0.004753907676786184
25.110000610351562,-32.433834075927734,17.455476760864258,49.35245132446289,-13.790069580078125,0.007120321970432997
25.1200008392334,-29.875484466552734,17.592636108398438,53.17921447753906,-13.722108840942383,0.008372579701244831
25.1299991607666,-27.76865005493164,17.648771286010742,57.54240798950195,-13.65638256072998,0.009464787319302559
25.139999389648438,-25.7781982421875,17.717998504638672,61.06341552734375,-13.586433410644531,0.010465724393725395
25.149999618530273,-23.42363739013672,17.884716033935547,63.866546630859375,-13.513287544250488,0.011558801867067814
25.15999984741211,-20.568483352661133,18.051435470581055,69.92475128173828,-13.441365242004395,0.012832247652113438
25.170000076293945,-15.917789459228516,18.601242065429688,73.46825408935547,-13.366100311279297,0.013355642557144165
25.18000030517578,-11.109109878540039,18.793174743652344,78.3642349243164,-13.288360595703125,0.014973418787121773
25.190000534057617,-5.474055767059326,19.00474739074707,82.37821197509766,-13.209582328796387,0.01731668971478939
25.200000762939453,1.6299397945404053,19.431978225708008,84.27381134033203,-13.130256652832031,0.0199578944593668
25.209999084472656,10.345670700073242,19.515336990356445,86.8143539428711,-13.046937942504883,0.023098263889551163
25.219999313354492,19.479263305664062,20.44862174987793,83.92064666748047,-12.957503318786621,0.02541654370725155
25.229999542236328,29.971956253051758,21.052810668945312,77.94511413574219,-12.870319366455078,0.028631558641791344
25.239999771118164,40.768348693847656,21.4696044921875,69.9566650390625,-12.77888298034668,0.03224512189626694
25.25,50.67023849487305,21.87116813659668,60.03857421875,-12.690394401550293,0.033490318804979324
25.260000228881836,58.484344482421875,22.20460319519043,45.9679069519043,-12.597472190856934,0.032666925340890884
25.270000457763672,62.36568832397461,22.304296493530273,25.32145118713379,-12.514120101928711,0.029723873361945152
25.280000686645508,62.67043685913086,22.559364318847656,5.691484451293945,-12.422666549682617,0.025811396539211273
25.290000915527344,59.35932922363281,22.563772201538086,-13.264825820922852,-12.321858406066895,0.021598052233457565
25.299999237060547,52.28921890258789,22.178739547729492,-31.550973892211914,-12.22029972076416,0.017162397503852844
25.309999465942383,40.71833419799805,21.92866325378418,-46.989620208740234,-12.117378234863281,0.013525254093110561
25.31999969482422,28.01445770263672,21.91427230834961,-59.113014221191406,-12.007174491882324,0.009559535421431065
25.329999923706055,15.345752716064453,21.393312454223633,-64.11309051513672,-11.893589973449707,0.006775557063519955
25.34000015258789,3.1254069805145264,20.71749496459961,-66.06735229492188,-11.784163475036621,0.0057287672534585
25.350000381469727,-8.178587913513184,20.1505126953125,-67.3240966796875,-11.674820899963379,0.004957419820129871
25.360000610351562,-17.79594612121582,19.650358200073242,-65.76068878173828,-11.557659149169922,0.0047095762565732
25.3700008392334,-26.98492431640625,18.991785049438477,-58.440574645996094,-11.439175605773926,0.00415825704112649
25.3799991607666,-34.146644592285156,18.500511169433594,-50.544517517089844,-11.324302673339844,0.002835698425769806
25.389999389648438,-39.63914108276367,18.159425735473633,-44.04075622558594,-11.19511604309082,0.002920776139944792
25.399999618530273,-44.023414611816406,17.96088218688965,-38.30350112915039,-11.077715873718262,0.003387018106877804
25.40999984741211,-47.93046569824219,17.96088218688965,-28.532207489013672,-10.950239181518555,0.0028636232018470764
25.420000076293945,-50.1099853515625,17.641447067260742,-24.190288543701172,-10.820168495178223,0.0017878221115097404
25.43000030517578,-51.25361251831055,17.30801010131836,-15.230330467224121,-10.689058303833008,0.0010465724626556039
25.440000534057617,-51.93555450439453,17.12858772277832,-8.077682495117188,-10.55690860748291,0.0007701521972194314
25.450000762939453,-52.21529769897461,17.092937469482422,-4.505917072296143,-10.424322128295898,-0.0005828296416439116
25.459999084472656,-51.31367111206055,16.926219940185547,2.1385626792907715,-10.289191246032715,-0.0018464963650330901
25.469999313354492,-51.28282165527344,17.242542266845703,5.008254051208496,-10.153014183044434,-0.0023698911536484957
25.479999542236328,-50.41999053955078,17.39649200439453,8.86631965637207,-10.016250610351562,-0.002893286058679223
25.489999771118164,-49.5001335144043,17.362394332885742,13.991765975952148,-9.868022918701172,-0.0034166809637099504
25.5,-48.56602478027344,17.214149475097656,19.790109634399414,-9.717642784118652,-0.005048364866524935
25.510000228881836,-46.46222686767578,17.13079071044922,24.675756454467773,-9.578296661376953,-0.005725073162466288
25.520000457763672,-45.38251876831055,16.966278076171875,24.8049259185791,-9.440044403076172,-0.0066193100064992905
25.530000686645508,-44.221595764160156,17.101945877075195,26.364534378051758,-9.293156623840332,-0.007294496987015009
25.540000915527344,-42.80418395996094,17.312223434448242,28.88744354248047,-9.141895294189453,-0.0073577347211539745
25.549999237060547,-41.116729736328125,17.36421012878418,31.594682693481445,-8.994503021240234,-0.006461216136813164
25.559999465942383,-39.3134765625,17.03077507019043,33.54894256591797,-8.848318099975586,-0.0049551380798220634
25.56999969482422,-38.6899528503418,17.106353759765625,35.88676071166992,-8.69649887084961,-0.004153910558670759
25.579999923706055,-37.86848831176758,17.250839233398438,36.798851013183594,-8.541858673095703,-0.0031071207486093044
25.59000015258789,-36.89394760131836,17.05352783203125,37.56900405883789,-8.385157585144043,-0.0015042306622490287
25.600000381469727,-35.913326263427734,16.746797561645508,38.83425521850586,-8.225373268127441,-0.00024512744857929647
25.610000610351562,-35.16196823120117,17.330310821533203,40.39766311645508,-8.066576957702637,0.0011130698258057237
25.6200008392334,-34.707881927490234,17.419113159179688,41.38117218017578,-7.9099578857421875,0.0020931449253112078
25.6299991607666,-33.70027160644531,17.193603515625,42.647945404052734,-7.751873970031738,0.003207084024325013
25.639999389648438,-32.57218551635742,17.188936233520508,43.14881896972656,-7.590015888214111,0.0041862898506224155
25.649999618530273,-31.741138458251953,17.481534957885742,43.95468521118164,-7.432498455047607,0.004743693862110376
25.65999984741211,-31.590866088867188,17.648252487182617,48.44948196411133,-7.272806644439697,0.005511673167347908
25.670000076293945,-30.541772842407227,17.31637191772461,50.21682357788086,-7.106067657470703,0.006035068072378635
25.68000030517578,-29.82745933532715,17.60715675354004,51.09761047363281,-6.927554130554199,0.006558462977409363
25.690000534057617,-29.301626205444336,17.648122787475586,50.705238342285156,-6.755105495452881,0.00708185788244009
25.700000762939453,-28.774858474731445,17.33666229248047,50.8682975769043,-6.58625602722168,0.007326007355004549
25.709999084472656,-28.023502349853516,17.337051391601562,55.533897399902344,-6.413077354431152,0.00760536128655076
25.719999313354492,-27.272146224975586,17.42041015625,54.9476203918457,-6.235771179199219,0.007849293760955334
25.729999542236328,-26.520790100097656,17.503768920898438,57.02284240722656,-6.058717727661133,0.007849293760955334
25.739999771118164,-25.769433975219727,17.502342224121094,60.05361557006836,-5.880709171295166,0.008408653549849987
25.75,-25.057222366333008,17.440698623657227,62.31499481201172,-5.698101043701172,0.008616077713668346
25.760000228881836,-24.443052291870117,17.440698623657227,62.13172912597656,-5.51920223236084,0.008652476593852043
25.770000457763672,-22.790069580078125,17.440698623657227,62.913429260253906,-5.341008186340332,0.008335853926837444
25.780000686645508,-21.1370849609375,17.440698623657227,66.38398742675781,-5.1574273109436035,0.007849293760955334
25.790000915527344,-19.87204933166504,17.61286163330078,68.96798706054688,-4.982607841491699,0.007849293760955334
25.799999237060547,-18.68822479248047,17.901569366455078,69.68297576904297,-4.804086685180664,0.007849293760955334
25.809999465942383,-16.743812561035156,18.064918518066406,69.7264404296875,-4.61959171295166,0.007568852975964546
25.81999969482422,-15.241101264953613,18.064918518066406,71.8761215209961,-4.43862771987915,0.007606556639075279
25.829999923706055,-14.318556785583496,18.19365119934082,73.27130126953125,-4.255258560180664,0.007849293760955334
25.84000015258789,-13.252168655395508,18.360368728637695,74.6487045288086,-4.070037364959717,0.007568527013063431
25.850000381469727,-11.858245849609375,18.481063842773438,75.34896087646484,-3.882660150527954,0.007606882601976395
25.860000610351562,-10.363946914672852,18.495065689086914,73.9059066772461,-3.6940348148345947,0.00728732580319047
25.8700008392334,-9.16177749633789,18.99521827697754,76.6418685913086,-3.5092222690582275,0.007364906370639801
25.8799991607666,-8.076809883117676,19.105283737182617,76.9391098022461,-3.3252665996551514,0.008130494505167007
25.889999389648438,-7.104837894439697,19.149620056152344,78.41924285888672,-3.135546922683716,0.008653889410197735
25.899999618530273,-6.075257778167725,19.138341903686523,81.0468521118164,-2.942772626876831,0.008895865641534328
25.90999984741211,-4.717441558837891,18.912118911743164,82.40784454345703,-2.747859239578247,0.00861433893442154
25.920000076293945,-3.2147295475006104,19.328914642333984,83.58039855957031,-2.5573582649230957,0.008090944029390812
25.93000030517578,-2.185500144958496,19.351730346679688,82.75173950195312,-2.3780810832977295,0.0075675491243600845
25.940000534057617,-1.0405877828598022,19.313356399536133,83.38755798339844,-2.191925525665283,0.008171566762030125
25.950000762939453,0.26803386211395264,19.36197280883789,85.16280364990234,-2.0029895305633545,0.008895865641534328
25.959999084472656,1.4702036380767822,19.525060653686523,85.46855926513672,-1.8086458444595337,0.009177936241030693
25.969999313354492,2.6723732948303223,19.60841941833496,83.9051513671875,-1.6108318567276,0.008854794315993786
25.979999542236328,3.39638614654541,19.62546730041504,84.67362976074219,-1.4152213335037231,0.008090292103588581
25.989999771118164,3.9974710941314697,19.62546730041504,85.07876586914062,-1.2212342023849487,0.008131690323352814
26,4.463592052459717,19.750246047973633,84.04434204101562,-1.0244816541671753,0.008090075105428696
26.010000228881836,4.652424335479736,20.12425994873047,81.75454711914062,-0.8272051811218262,0.007849293760955334
26.020000457763672,5.554051876068115,19.70746421813965,84.09966278076172,-0.6334249973297119,0.007283848710358143
26.030000686645508,5.610724925994873,19.826345443725586,84.71800231933594,-0.43950164318084717,0.0070855519734323025
26.040000915527344,5.627317905426025,19.983858108520508,84.80492401123047,-0.24345503747463226,0.007326007355004549
26.049999237060547,5.7314324378967285,20.041614532470703,85.58525848388672,-0.05296367034316063,0.00760905584320426
26.059999465942383,5.7225518226623535,20.031761169433594,87.82552337646484,0.14148594439029694,0.0067166658118367195
26.06999969482422,5.572280406951904,19.86504364013672,85.28498077392578,0.4933933913707733,0.005756148602813482
26.079999923706055,4.812628269195557,19.833539962768555,84.32942962646484,0.5971902012825012,0.0063228970393538475
26.09000015258789,4.418604373931885,19.833539962768555,84.0732192993164,0.7208283543586731,0.007086203899234533
26.100000381469727,4.418604373931885,19.754783630371094,83.88858032226562,0.9105667471885681,0.007042415905743837
26.110000610351562,4.3784074783325195,19.53257942199707,83.4460678100586,1.1052979230880737,0.006802720949053764
26.1200008392334,3.77732253074646,19.699296951293945,85.00946807861328,1.3049681186676025,0.00651891203597188
26.1299991607666,3.0531928539276123,19.524736404418945,84.3326187133789,1.5000336170196533,0.005995517130941153
26.139999389648438,2.130298614501953,19.322237014770508,84.49856567382812,1.6878806352615356,0.006324200890958309
26.149999618530273,1.1268935203552246,19.209320068359375,83.9052963256836,1.875381350517273,0.006234451197087765
26.15999984741211,0.1691773682832718,19.209320068359375,80.08735656738281,2.0658414363861084,0.006324635352939367
26.170000076293945,-1.4838061332702637,19.209320068359375,82.2370376586914,2.257355213165283,0.006518368609249592
26.18000030517578,-2.143083095550537,19.347129821777344,83.74057006835938,2.4477500915527344,0.006279435008764267
26.190000534057617,-3.463273048400879,19.320941925048828,82.73426818847656,2.628903865814209,0.005994865670800209
26.200000762939453,-5.1684889793396,19.12667465209961,80.70873260498047,2.8137423992156982,0.00604082690551877
26.209999084472656,-6.370658874511719,18.910953521728516,80.07413482666016,2.9987523555755615,0.006564221810549498
26.219999313354492,-7.57282829284668,19.07767105102539,78.90158081054688,3.184210777282715,0.006517825648188591
26.229999542236328,-8.649616241455078,19.105283737182617,77.89208221435547,3.368758201599121,0.006279435008764267
26.239999771118164,-9.789621353149414,19.105283737182617,76.685791015625,3.5567898750305176,0.006279435008764267
26.25,-11.296773910522461,19.048891067504883,75.7805404663086,3.74989914894104,0.006279435008764267
26.260000228881836,-13.332797050476074,18.8972110748291,75.7805404663086,3.9381484985351562,0.005708774551749229
26.270000457763672,-14.685237884521484,18.8972110748291,75.7805404663086,4.115755081176758,0.0058037396520376205
26.280000686645508,-15.278376579284668,18.54620933532715,74.62849426269531,4.296118259429932,0.006279435008764267
26.290000915527344,-16.443387985229492,18.327505111694336,71.6351089477539,4.477519989013672,0.006279435008764267
26.299999237060547,-18.200368881225586,18.2441463470459,69.28939056396484,4.659968376159668,0.006565199699252844
26.309999465942383,-20.080278396606445,18.152620315551758,69.9410171508789,4.850304126739502,0.006516847759485245
26.31999969482422,-21.282447814941406,17.985902786254883,67.59590148925781,5.023122310638428,0.005707470700144768
26.329999923706055,-22.22917938232422,17.96088218688965,65.58297729492188,5.185784339904785,0.0060911341570317745
26.34000015258789,-23.130807876586914,17.65985679626465,63.98158264160156,5.361075401306152,0.007088920567184687
26.350000381469727,-24.191938400268555,17.36615562438965,61.991310119628906,5.539753437042236,0.007612315472215414
26.360000610351562,-25.496702194213867,17.467145919799805,59.463844299316406,5.714378356933594,0.008135709911584854
26.3700008392334,-26.39832878112793,17.717222213745117,62.00437927246094,5.8871917724609375,0.00808605458587408
26.3799991607666,-26.784408569335938,17.538318634033203,58.51072311401367,6.061044692993164,0.008135927841067314
26.389999389648438,-28.001068115234375,17.339059829711914,56.51786422729492,6.234430313110352,0.008946064859628677
26.399999618530273,-29.260961532592773,17.232624053955078,56.19767761230469,6.40328311920166,0.0094191525131464
26.40999984741211,-29.57856559753418,17.223159790039062,55.55851745605469,6.566089630126953,0.009132192470133305
26.420000076293945,-30.02937889099121,17.139801025390625,51.45457458496094,6.733530521392822,0.009757070802152157
26.43000030517578,-31.000415802001953,17.272878646850586,50.56421661376953,6.910301685333252,0.011327255517244339
26.440000534057617,-31.58841323852539,17.233726501464844,50.29402542114258,7.079150676727295,0.012610155157744884
26.450000762939453,-32.1109733581543,17.06700897216797,48.87148666381836,7.237590312957764,0.013369549997150898
26.459999084472656,-32.86677169799805,16.900291442871094,45.82794952392578,7.400790691375732,0.014180448837578297
26.469999313354492,-32.566226959228516,16.73357391357422,46.21879959106445,7.5599870681762695,0.015227238647639751
26.479999542236328,-33.44670486450195,17.07640838623047,43.8791618347168,7.71598482131958,0.01656174845993519
26.489999771118164,-34.592552185058594,16.919931411743164,43.708961486816406,7.873898983001709,0.018131934106349945
26.5,-35.9080696105957,16.576967239379883,43.30807876586914,8.030821800231934,0.01999005489051342
26.510000228881836,-37.35258483886719,16.51512908935547,40.313777923583984,8.18493938446045,0.02093144878745079
26.520000457763672,-38.404483795166016,16.598487854003906,39.532073974609375,8.337518692016602,0.020643293857574463
26.530000686645508,-39.19159698486328,16.461523056030273,35.99556350708008,8.48797607421875,0.02127295546233654
26.540000915527344,-40.418540954589844,16.558622360229492,34.06623077392578,8.640172958374023,0.021978022530674934
26.549999237060547,-41.80556869506836,16.808700561523438,33.66063690185547,8.78841781616211,0.02053561620414257
26.559999465942383,-42.946041107177734,16.990325927734375,33.26765441894531,8.934565544128418,0.0193615909665823
26.56999969482422,-43.6973991394043,16.740249633789062,29.163713455200195,9.076216697692871,0.018206797540187836
26.579999923706055,-45.38368606567383,16.49017333984375,26.62302589416504,9.221015930175781,0.01726844534277916
26.59000015258789,-46.99436569213867,16.186683654785156,24.403133392333984,9.362247467041016,0.016979530453681946
26.600000381469727,-48.49707794189453,16.082387924194336,22.253448486328125,9.505350112915039,0.016167111694812775
26.610000610351562,-49.89112091064453,16.356578826904297,19.340599060058594,9.646199226379395,0.014831188134849072
26.6200008392334,-50.642478942871094,16.773372650146484,11.91441535949707,9.779520988464355,0.013550245203077793
26.6299991607666,-51.528560638427734,16.816478729248047,9.394243240356445,9.91160774230957,0.012503455393016338
26.639999389648438,-52.52764129638672,16.762418746948242,5.412174224853516,10.046460151672363,0.012614501640200615
26.649999618530273,-53.21847152709961,16.779207229614258,0.17457832396030426,10.178565979003906,0.012503020465373993
26.65999984741211,-53.30003356933594,16.93321990966797,-5.595195770263672,10.305187225341797,0.012325259856879711
26.670000076293945,-52.999488830566406,17.016578674316406,-13.021379470825195,10.429949760437012,0.011689514853060246
26.68000030517578,-51.611759185791016,17.175323486328125,-19.563892364501953,10.550293922424316,0.010409223847091198
26.690000534057617,-49.81317901611328,17.506166458129883,-27.423782348632812,10.672646522521973,0.009942438453435898
26.700000762939453,-47.55291748046875,17.854900360107422,-34.905582427978516,10.792767524719238,0.010232549160718918
26.709999084472656,-44.53510665893555,18.078271865844727,-40.76836013793945,10.911831855773926,0.010755944065749645
26.719999313354492,-39.87670135498047,18.161630630493164,-46.631134033203125,11.02889347076416,0.010408353991806507
26.729999542236328,-33.573490142822266,18.701194763183594,-55.52423095703125,11.136922836303711,0.009071127511560917
26.739999771118164,-25.415374755859375,19.118637084960938,-61.33503723144531,11.247739791870117,0.007500943262130022
26.75,-16.39910125732422,19.62546730041504,-65.03247833251953,11.361743927001953,0.004477487411350012
26.760000228881836,-7.004228591918945,20.27768898010254,-67.66692352294922,11.470907211303711,0.0002903281420003623
26.770000457763672,4.266112804412842,20.444406509399414,-67.86235046386719,11.574174880981445,-0.004478573799133301
26.780000686645508,17.195281982421875,21.071218490600586,-63.9229850769043,11.67536449432373,-0.009130562655627728
26.790000915527344,30.57175636291504,21.626081466674805,-57.128971099853516,11.7738618850708,-0.012153366580605507
26.799999237060547,42.69511413574219,21.984926223754883,-45.72087097167969,11.869477272033691,-0.014829341322183609
26.809999465942383,52.09489440917969,22.15164566040039,-29.249479293823242,11.96645736694336,-0.017095791175961494
26.81999969482422,57.65492630004883,22.318363189697266,-10.684019088745117,12.05948257446289,-0.017208902165293694
26.829999923706055,59.869266510009766,22.175758361816406,8.244027137756348,12.156938552856445,-0.015287542715668678
26.84000015258789,58.8610725402832,21.839082717895508,26.137802124023438,12.245879173278809,-0.012087303213775158
26.850000381469727,54.1868896484375,21.746063232421875,43.36202621459961,12.326501846313477,-0.008715280331671238
26.860000610351562,46.330020904541016,21.89592742919922,59.32403564453125,12.40933609008789,-0.006450459361076355
26.8700008392334,37.614288330078125,21.22905731201172,70.65874481201172,12.488493919372559,-0.004588316194713116
26.8799991607666,27.49283218383789,20.79612159729004,76.69186401367188,12.56279468536377,-0.0019106032559648156
26.889999389648438,17.894168853759766,20.20742416381836,79.40381622314453,12.635319709777832,0.0000610645511187613
26.899999618530273,8.90746021270752,19.833539962768555,80.25664520263672,12.703829765319824,0.0016924224328249693
26.90999984741211,0.6869469881057739,19.705974578857422,79.92869567871094,12.769740104675293,0.002616431098431349
26.920000076293945,-6.075258255004883,19.03910255432129,77.3881607055664,12.839370727539062,0.0037864367477595806
26.93000030517578,-11.420052528381348,18.686738967895508,74.29463195800781,12.905598640441895,0.005002186167985201
26.940000534057617,-15.530426025390625,18.643051147460938,70.89611053466797,12.964398384094238,0.005525581073015928
26.950000762939453,-19.00255584716797,18.614595413208008,67.4658203125,13.022357940673828,0.006048975978046656
26.959999084472656,-22.278608322143555,18.398094177246094,64.10467529296875,13.08581829071045,0.007744114845991135
26.969999313354492,-25.43430519104004,17.981300354003906,60.587013244628906,13.141770362854004,0.00948195531964302
26.979999542236328,-27.875452041625977,18.277982711791992,55.95423126220703,13.19827651977539,0.01199451182037592
26.989999771118164,-29.540353775024414,18.142637252807617,53.324642181396484,13.246973037719727,0.015365013852715492
27,-30.82443618774414,17.885042190551758,51.29911422729492,13.295808792114258,0.01879875361919403
27.010000228881836,-32.150936126708984,17.666597366333008,49.398651123046875,13.33939266204834,0.022169038653373718
27.020000457763672,-33.95418930053711,17.249801635742188,49.203224182128906,13.377848625183105,0.025309408083558083
27.030000686645508,-36.04560470581055,16.992855072021484,43.01190185546875,13.412694931030273,0.027862384915351868
27.040000915527344,-37.615386962890625,16.861268997192383,41.42417907714844,13.446921348571777,0.029955964535474777
27.049999237060547,-39.17640686035156,16.85504722595215,40.73000717163086,13.485450744628906,0.030873887240886688
27.059999465942383,-41.076416015625,16.866844177246094,38.44021224975586,13.521923065185547,0.029991820454597473
27.06999969482422,-43.330482482910156,16.61676788330078,34.92254638671875,13.550118446350098,0.027245111763477325
27.079999923706055,-45.1488151550293,16.769548416137695,31.027097702026367,13.577028274536133,0.02416982688009739
27.09000015258789,-47.16801071166992,16.93626594543457,27.399410247802734,13.596293449401855,0.021552851423621178
27.100000381469727,-49.4131965637207,16.94611930847168,23.422054290771484,13.619879722595215,0.018935875967144966
27.110000610351562,-51.68385696411133,16.779401779174805,18.709949493408203,13.644664764404297,0.016613468527793884
27.1200008392334,-53.48711395263672,16.61268424987793,13.23802375793457,13.660665512084961,0.014814564026892185
27.1299991607666,-54.558292388916016,16.933284759521484,6.623632431030273,13.675064086914062,0.0141287287697196
27.139999389648438,-55.610191345214844,17.32726287841797,-0.7305200099945068,13.685563087463379,0.0141287287697196
27.149999618530273,-55.79972457885742,17.46500587463379,-9.380167007446289,13.69288444519043,0.013243727385997772
27.15999984741211,-54.70248794555664,17.43259620666504,-18.836591720581055,13.700718879699707,0.013149087317287922
27.170000076293945,-52.44841766357422,17.849390029907227,-27.239904403686523,13.708088874816895,0.012129353359341621
27.18000030517578,-49.01367950439453,18.184316635131836,-37.17866134643555,13.712291717529297,0.010989011265337467
27.190000534057617,-43.79251480102539,18.51775360107422,-46.85847473144531,13.714981079101562,0.010398141108453274
27.200000762939453,-36.69038772583008,18.85118865966797,-55.769500732421875,13.713554382324219,0.009351350367069244
27.209999084472656,-27.631582260131836,19.1647891998291,-64.16339111328125,13.70232105255127,0.007121951784938574
27.219999313354492,-16.511512756347656,19.414867401123047,-73.15298461914062,13.693254470825195,0.0019112550653517246
27.229999542236328,-3.6064157485961914,19.99500846862793,-74.79145812988281,13.682012557983398,-0.004597008693963289
27.239999771118164,11.880866050720215,20.764036178588867,-71.13581085205078,13.670680046081543,-0.009989812038838863
27.25,28.186229705810547,21.35066032409668,-65.27789306640625,13.659347534179688,-0.014996453188359737
27.260000228881836,43.75086975097656,21.806995391845703,-55.374698638916016,13.639945030212402,-0.018749423325061798
27.270000457763672,57.27527618408203,22.640583038330078,-34.26870346069336,13.62441349029541,-0.02018118090927601
27.280000686645508,65.25262451171875,22.642528533935547,-12.187856674194336,13.603789329528809,-0.01951892487704754
27.290000915527344,67.69739532470703,22.517555236816406,10.334749221801758,13.577035903930664,-0.016466131433844566
27.299999237060547,64.9068603515625,22.18360137939453,31.82794952392578,13.55167293548584,-0.012278972193598747
27.309999465942383,57.90768051147461,21.704578399658203,50.81465530395508,13.523241996765137,-0.008388551883399487
27.31999969482422,48.43241500854492,21.287784576416016,65.82840728759766,13.49144458770752,-0.004724788013845682
27.329999923706055,37.462615966796875,20.870990753173828,74.62257385253906,13.465086936950684,-0.0013579799560829997
27.34000015258789,26.037561416625977,20.327926635742188,80.9005126953125,13.42225170135498,0.001485324464738369
27.350000381469727,15.155517578125,19.744413375854492,84.18263244628906,13.383722305297852,0.002913604723289609
27.360000610351562,5.526007652282715,19.18267822265625,84.58928680419922,13.337518692016602,0.003734281752258539
27.3700008392334,-2.4204888343811035,18.68803596496582,82.7813720703125,13.295066833496094,0.004483680706471205
27.3799991607666,-9.032422065734863,18.60467529296875,77.3094482421875,13.249503135681152,0.005899574141949415
27.389999389648438,-13.804643630981445,18.457534790039062,72.8842544555664,13.200596809387207,0.00650511309504509
27.399999618530273,-17.85682487487793,18.290817260742188,68.37608337402344,13.152898788452148,0.007172585465013981
27.40999984741211,-21.521291732788086,18.034387588500977,64.1739730834961,13.100162506103516,0.008444944396615028
27.420000076293945,-24.498321533203125,17.542984008789062,61.79603576660156,13.04396915435791,0.009491734206676483
27.43000030517578,-26.151304244995117,17.459625244140625,57.88751983642578,12.98693561553955,0.011730695143342018
27.440000534057617,-27.804288864135742,17.376266479492188,53.82794952392578,12.925050735473633,0.013976610265672207
27.450000762939453,-29.536148071289062,17.249155044555664,50.85234069824219,12.862347602844238,0.01673983596265316
27.459999084472656,-31.29780387878418,17.151662826538086,48.573482513427734,12.801177024841309,0.020105231553316116
27.469999313354492,-32.929168701171875,17.2374210357666,45.48040771484375,12.733442306518555,0.022350167855620384
27.479999542236328,-33.83079528808594,17.40414047241211,43.52614974975586,12.66998291015625,0.025413282215595245
27.489999771118164,-35.201698303222656,17.18037986755371,41.114173889160156,12.607626914978027,0.02840566448867321
27.5,-36.864498138427734,16.935747146606445,38.99001693725586,12.530143737792969,0.029005225747823715
27.510000228881836,-38.539451599121094,16.84020233154297,37.45365905761719,12.458150863647461,0.029079655185341835
27.520000457763672,-39.89738464355469,16.923561096191406,36.412254333496094,12.382131576538086,0.026911864057183266
27.530000686645508,-41.40009307861328,17.006919860839844,33.67628860473633,12.300294876098633,0.02481861039996147
27.540000915527344,-43.1397819519043,16.958824157714844,31.248510360717773,12.217072486877441,0.023397501558065414
27.549999237060547,-45.02425003051758,16.69526481628418,28.0584774017334,12.132722854614258,0.021303921937942505
27.559999465942383,-46.84596633911133,16.522193908691406,24.035682678222656,12.046150207519531,0.019210342317819595
27.56999969482422,-48.36199951171875,16.931598663330078,19.73631477355957,11.957830429077148,0.017416326329112053
27.579999923706055,-50.165252685546875,17.18167495727539,15.436944961547852,11.867433547973633,0.015546469017863274
27.59000015258789,-51.968509674072266,17.166248321533203,10.67074203491211,11.777409553527832,0.014652014710009098
27.600000381469727,-53.11272048950195,17.082889556884766,4.928016662597656,11.68455982208252,0.014352125115692616
27.610000610351562,-53.62359619140625,17.07459259033203,-1.3450629711151123,11.592767715454102,0.013528731651604176
27.6200008392334,-53.877166748046875,17.25433921813965,-7.238384246826172,11.507650375366211,0.012782049365341663
27.6299991607666,-53.27607727050781,17.671133041381836,-13.687438011169434,11.412476539611816,0.012859085574746132
27.639999389648438,-51.708396911621094,17.886856079101562,-21.07927703857422,11.311530113220215,0.012481506913900375
27.649999618530273,-49.06965255737305,17.96088218688965,-29.244159698486328,11.21535587310791,0.011735149659216404
27.65999984741211,-45.532318115234375,18.11489486694336,-38.08361053466797,11.12203598022461,0.011512297205626965
27.670000076293945,-41.37602233886719,18.605064392089844,-47.31193542480469,11.026538848876953,0.011211646720767021
27.68000030517578,-35.665714263916016,18.938501358032227,-54.15184020996094,10.929081916809082,0.009785974398255348
27.690000534057617,-28.3695011138916,19.47495460510254,-58.13603591918945,10.8302583694458,0.008294130675494671
27.700000762939453,-20.197364807128906,19.8234920501709,-62.780364990234375,10.729040145874023,0.006645387504249811
27.709999084472656,-11.394695281982422,20.042844772338867,-67.33716583251953,10.626782417297363,0.003949637524783611
27.719999313354492,-1.9558866024017334,20.37628173828125,-69.1298828125,10.52348518371582,0.0008092682110145688
27.729999542236328,9.164183616638184,20.709716796875,-66.00306701660156,10.418988227844238,-0.0020297986920922995
27.739999771118164,20.900062561035156,21.179792404174805,-60.9542121887207,10.311332702636719,-0.004345362074673176
27.75,31.912630081176758,21.44173240661621,-54.365352630615234,10.210396766662598,-0.007645020727068186
27.760000228881836,41.649410247802734,21.632953643798828,-44.410484313964844,10.109540939331055,-0.01002240926027298
27.770000457763672,49.883243560791016,22.062320709228516,-29.255708694458008,9.9974946975708,-0.010767461732029915
27.780000686645508,55.89409255981445,22.64583396911621,-15.18504524230957,9.889748573303223,-0.011592702008783817
27.790000915527344,58.54802703857422,22.608627319335938,-0.46762123703956604,9.780634880065918,-0.011129720136523247
27.799999237060547,58.76046371459961,22.635074615478516,15.290451049804688,9.668277740478516,-0.009559535421431065
27.809999465942383,56.76276779174805,22.663724899291992,30.799911499023438,9.551612854003906,-0.007687178906053305
27.81999969482422,52.76819610595703,22.427520751953125,44.30086135864258,9.434736251831055,-0.005895880050957203
27.829999923706055,47.809242248535156,22.344161987304688,55.830989837646484,9.31995964050293,-0.004325695335865021
27.84000015258789,41.46980667114258,22.12156867980957,63.28087615966797,9.200942039489746,-0.0024530128575861454
27.850000381469727,34.85787582397461,21.67573356628418,69.58116149902344,9.083714485168457,-0.0003594333247747272
27.860000610351562,27.9912052154541,21.148744583129883,74.4467544555664,8.957396507263184,0.0014314312720671296
27.8700008392334,20.696271896362305,20.739534378051758,77.182861328125,8.824810981750488,0.0014874975895509124
27.8799991607666,14.084338188171387,20.406099319458008,81.87307739257812,8.703502655029297,0.002561233937740326
27.889999389648438,8.359075546264648,20.283458709716797,79.80941009521484,8.577077865600586,0.0042690858244895935
27.899999618530273,2.977823495864868,19.85298728942871,79.8584976196289,8.438873291015625,0.005012725479900837
27.90999984741211,-1.6562790870666504,19.417394638061523,80.71253967285156,8.304280281066895,0.005232862196862698
27.920000076293945,-5.142197608947754,19.400930404663086,78.87407684326172,8.174704551696777,0.004929495509713888
27.93000030517578,-8.898977279663086,19.234210968017578,78.09236907958984,8.039402961730957,0.005923478398472071
27.940000534057617,-11.888744354248047,19.422061920166016,76.14692687988281,7.9028401374816895,0.0061955526471138
27.950000762939453,-14.834457397460938,19.169780731201172,72.81951904296875,7.766953468322754,0.006363534368574619
27.959999084472656,-17.46689224243164,18.76361656188965,70.37866973876953,7.631343841552734,0.006802720949053764
27.969999313354492,-19.42041778564453,18.706899642944336,70.65265655517578,7.502434253692627,0.006802720949053764
27.979999542236328,-21.373943328857422,18.87361717224121,68.30754852294922,7.363231658935547,0.0074107591062784195
27.989999771118164,-23.456472396850586,18.46784019470215,64.62029266357422,7.219120025634766,0.007849293760955334
28,-24.826440811157227,18.12034034729004,62.85902786254883,7.072932243347168,0.007849293760955334
28.010000228881836,-25.673616409301758,17.900468826293945,61.47676086425781,6.925614356994629,0.007849293760955334
28.020000457763672,-26.54521369934082,17.7528076171875,58.729705810546875,6.773086071014404,0.008153746835887432
28.030000686645508,-28.348466873168945,17.7528076171875,58.92512893676758,6.625790596008301,0.00867714174091816
28.040000915527344,-29.110340118408203,17.7528076171875,56.9198112487793,6.4778971672058105,0.009809877723455429
28.049999237060547,-30.26880645751953,17.289018630981445,56.02444076538086,6.3286848068237305,0.010160945355892181
28.059999465942383,-31.382169723510742,17.032459259033203,54.86708068847656,6.1757659912109375,0.010552214458584785
28.06999969482422,-31.88802146911621,17.483675003051758,52.16971969604492,6.021661281585693,0.01037901733070612
28.079999923706055,-32.789649963378906,16.9835205078125,52.560569763183594,5.869635581970215,0.011162860319018364
28.09000015258789,-33.82261657714844,17.06623077392578,50.901729583740234,5.720074653625488,0.011730369180440903
28.100000381469727,-34.310123443603516,16.867687225341797,49.926116943359375,5.570130348205566,0.012428265064954758
28.110000610351562,-35.028289794921875,16.797422409057617,49.165992736816406,5.412018775939941,0.013082155957818031
28.1200008392334,-36.544673919677734,17.18932342529297,47.442718505859375,5.2529778480529785,0.013082155957818031
28.1299991607666,-37.14575958251953,16.85589027404785,43.338775634765625,5.112396717071533,0.013387804850935936
28.139999389648438,-37.879356384277344,16.669466018676758,44.4046516418457,4.965078353881836,0.013911199755966663
28.149999618530273,-38.440242767333984,16.66123390197754,42.94336700439453,4.809360504150391,0.01443459466099739
28.15999984741211,-38.833099365234375,16.64813995361328,40.751739501953125,4.648195743560791,0.014957989566028118
28.170000076293945,-39.17500686645508,16.550260543823242,40.898841857910156,4.490457534790039,0.015175300650298595
28.18000030517578,-39.776092529296875,16.883697509765625,44.416507720947266,4.324851036071777,0.014562916941940784
28.190000534057617,-39.842464447021484,16.772207260131836,42.89261245727539,4.1595916748046875,0.013822427950799465
28.200000762939453,-40.22807312011719,16.71244239807129,40.2414436340332,3.9992847442626953,0.014218260534107685
28.209999084472656,-40.829158782958984,16.614044189453125,37.84831237792969,3.838198184967041,0.014958532527089119
28.219999313354492,-41.45209503173828,16.42457389831543,36.65433120727539,3.6719143390655518,0.014868673868477345
28.229999542236328,-42.20344924926758,16.591293334960938,37.6314582824707,3.501931667327881,0.014345279894769192
28.239999771118164,-42.81996154785156,16.60840606689453,36.6795539855957,3.332566976547241,0.01382188405841589
28.25,-43.81132888793945,16.60840606689453,35.760780334472656,3.165199041366577,0.013605441898107529
28.260000228881836,-44.289955139160156,16.64185333251953,35.763214111328125,2.9907569885253906,0.013298381119966507
28.270000457763672,-43.73490905761719,16.72521209716797,36.57652282714844,2.820774555206299,0.013082155957818031
28.280000686645508,-43.434364318847656,16.808570861816406,35.403968811035156,2.6603119373321533,0.012467598542571068
28.290000915527344,-44.35795974731445,16.665576934814453,33.523868560791016,2.506312131881714,0.012035583145916462
28.299999237060547,-44.71868133544922,16.717952728271484,31.441200256347656,2.3394041061401367,0.011420591734349728
28.309999465942383,-44.78014373779297,16.78238296508789,30.250713348388672,2.168288469314575,0.010989011265337467
28.31999969482422,-44.930416107177734,16.672189712524414,30.38322639465332,1.9971725940704346,0.01068129763007164
28.329999923706055,-45.0806884765625,16.42211151123047,30.18779945373535,1.8301790952682495,0.010157902725040913
28.34000015258789,-45.642513275146484,16.32423210144043,29.635562896728516,1.6615493297576904,0.009942438453435898
28.350000381469727,-46.54331970214844,16.407136917114258,31.777799606323242,1.4863020181655884,0.00901832152158022
28.360000610351562,-46.968894958496094,16.50436782836914,31.711544036865234,1.3127092123031616,0.008680727332830429
28.3700008392334,-46.67021942138672,16.50436782836914,27.718687057495117,1.1415935754776,0.009204122237861156
28.3799991607666,-47.121036529541016,16.50436782836914,29.086668014526367,0.9709577560424805,0.009110786952078342
28.389999389648438,-46.88008499145508,16.42761993408203,29.37509536743164,0.8043223023414612,0.009204340167343616
28.399999618530273,-46.57954406738281,16.344261169433594,29.43907356262207,0.6354728937149048,0.008801987394690514
28.40999984741211,-46.21520233154297,16.154727935791016,28.443403244018555,0.46022936701774597,0.007755197584629059
28.420000076293945,-45.843963623046875,15.939005851745605,27.16766357421875,0.2894402742385864,0.007634807378053665
28.43000030517578,-45.843963623046875,16.272441864013672,30.880756378173828,0.11945764720439911,0.008467109873890877
28.440000534057617,-45.704444885253906,16.52848243713379,28.7876033782959,-0.05679984390735626,0.008277831599116325
28.450000762939453,-45.65641784667969,16.381534576416016,29.17237663269043,-0.23239527642726898,0.007540167775005102
28.459999084472656,-45.72138595581055,16.192258834838867,29.663827896118164,-0.40518075227737427,0.007326007355004549
28.469999313354492,-45.78857421875,16.20762062072754,28.52728843688965,-0.5784358382225037,0.006088635418564081
28.479999542236328,-45.488033294677734,16.290979385375977,27.550159454345703,-0.7537697553634644,0.005542314145714045
28.489999771118164,-45.60955810546875,16.452381134033203,28.402677536010742,-0.928027868270874,0.006375269033014774
28.5,-44.93252182006836,16.389636993408203,27.631458282470703,-1.0984045267105103,0.006493052002042532
28.510000228881836,-44.5420036315918,16.369670867919922,28.47637939453125,-1.2781842947006226,0.006279435008764267
28.520000457763672,-44.81964111328125,16.50436782836914,31.29637908935547,-1.4460711479187012,0.006279435008764267
28.530000686645508,-44.36882781982422,16.50436782836914,29.537546157836914,-1.6194534301757812,0.005969440098851919
28.540000915527344,-43.3505859375,16.34698486328125,29.99252700805664,-1.7949827909469604,0.005135941319167614
28.549999237060547,-42.71701431274414,16.412322998046875,31.25884246826172,-1.9657323360443115,0.0047095762565732
28.559999465942383,-42.19889450073242,16.616376876831055,31.771873474121094,-2.136601209640503,0.0047095762565732
28.56999969482422,-41.808021545410156,16.766502380371094,31.732210159301758,-2.303755760192871,0.0047095762565732
28.579999923706055,-42.25883483886719,16.51642417907715,34.66360092163086,-2.4657130241394043,0.004088499583303928
28.59000015258789,-41.13636016845703,16.742389678955078,31.456851959228516,-2.6297295093536377,0.0036630036775022745
28.600000381469727,-40.67444610595703,16.875141143798828,32.34006881713867,-2.8000004291534424,0.0039737592451274395
28.610000610351562,-40.79807662963867,16.996484756469727,34.808876037597656,-2.971296787261963,0.003875425783917308
28.6200008392334,-41.092891693115234,17.12858772277832,36.5933952331543,-3.13804292678833,0.0036630036775022745
28.6299991607666,-40.79235076904297,17.12858772277832,36.98424530029297,-3.3035075664520264,0.003351922146975994
28.639999389648438,-39.194053649902344,16.968610763549805,37.750144958496094,-3.4725394248962402,0.0034509075339883566
28.649999618530273,-38.71718215942383,16.861204147338867,39.64422607421875,-3.6348416805267334,0.004285601433366537
28.65999984741211,-38.22967529296875,16.700578689575195,39.634498596191406,-3.8036909103393555,0.004398168530315161
28.670000076293945,-37.404354095458984,16.486412048339844,37.992984771728516,-3.9768662452697754,0.0041862898506224155
28.68000030517578,-37.404354095458984,16.403053283691406,40.33809280395508,-4.134445667266846,0.00449791457504034
28.690000534057617,-36.67753601074219,16.642242431640625,42.11607360839844,-4.295953750610352,0.0047095762565732
28.700000762939453,-35.926177978515625,16.5925235748291,41.063568115234375,-4.45993709564209,0.004397734068334103
28.709999084472656,-35.17482376098633,16.582929611206055,39.466426849365234,-4.620721817016602,0.004810191225260496
28.719999313354492,-34.45700454711914,16.768253326416016,39.49241256713867,-4.779984474182129,0.004296684172004461
28.729999542236328,-33.855918884277344,17.018327713012695,43.01007843017578,-4.933542251586914,0.003975171595811844
28.739999771118164,-33.69443130493164,16.943267822265625,42.71648406982422,-5.08015251159668,0.004498566500842571
28.75,-32.670108795166016,16.859909057617188,44.45692825317383,-5.229126930236816,0.005646732170134783
28.760000228881836,-32.32539749145508,16.896337509155273,46.529415130615234,-5.384011268615723,0.006279435008764267
28.770000457763672,-32.69499969482422,17.005300521850586,47.235286712646484,-5.5434746742248535,0.006279435008764267
28.780000686645508,-31.793371200561523,16.92194175720215,45.085601806640625,-5.685676097869873,0.006904857698827982
28.790000915527344,-30.44864273071289,17.084381103515625,46.77757263183594,-5.839793682098389,0.00795164704322815
28.799999237060547,-29.979598999023438,17.2510986328125,49.39804458618164,-5.993911266326904,0.008059651590883732
28.809999465942383,-29.609880447387695,17.25550651550293,50.33171081542969,-6.146037578582764,0.007849293760955334
28.81999969482422,-28.937049865722656,17.12858772277832,49.99890899658203,-6.296987056732178,0.008475585840642452
28.829999923706055,-28.03542137145996,17.12858772277832,52.34402084350586,-6.438816070556641,0.009209120646119118
28.84000015258789,-27.1337947845459,17.293750762939453,53.52751922607422,-6.583497047424316,0.008792425505816936
28.850000381469727,-26.343761444091797,16.965242385864258,56.29645538330078,-6.731328010559082,0.009312995709478855
28.860000610351562,-25.443769454956055,16.918569564819336,58.45890426635742,-6.874959468841553,0.009628858417272568
28.8700008392334,-24.391870498657227,17.294267654418945,59.48420715332031,-7.014345169067383,0.01004653051495552
28.8799991607666,-23.33997344970703,17.54434585571289,60.656761169433594,-7.1533918380737305,0.00983812939375639
28.889999389648438,-21.687923431396484,17.461505889892578,63.39029312133789,-7.292380332946777,0.009733058512210846
28.899999618530273,-19.922178268432617,17.628353118896484,64.65979766845703,-7.431151390075684,0.010570469312369823
28.90999984741211,-18.11892318725586,17.83655548095703,65.73601531982422,-7.551851272583008,0.011303135193884373
28.920000076293945,-16.239248275756836,18.066864013671875,67.40214538574219,-7.683304309844971,0.011826529167592525
28.93000030517578,-14.128907203674316,18.482101440429688,69.94876098632812,-7.816952228546143,0.012349925003945827
28.940000534057617,-10.973211288452148,18.648818969726562,73.4664306640625,-7.947661399841309,0.013187769800424576
28.950000762939453,-7.58965539932251,18.752338409423828,75.35427856445312,-8.069793701171875,0.01392000075429678
28.959999084472656,-3.826798439025879,18.9632625579834,78.0182113647461,-8.198890686035156,0.0141287287697196
28.969999313354492,0.23052455484867096,19.31854248046875,81.00491333007812,-8.322811126708984,0.015387832187116146
28.979999542236328,4.31519079208374,19.73417091369629,81.38482666015625,-8.446825981140137,0.01748141087591648
28.989999771118164,10.32603931427002,20.067607879638672,80.99397277832031,-8.622461318969727,0.018315019086003304
29,22.32202911376953,20.081802368164062,80.60311889648438,-8.76231861114502,0.020520731806755066
29.010000228881836,28.987247467041016,20.041614532470703,80.41468048095703,-8.799455642700195,0.02229323238134384
29.020000457763672,30.852434158325195,20.26654052734375,78.93820190429688,-8.91944408416748,0.024393223226070404
29.030000686645508,37.79435729980469,21.081979751586914,73.41947174072266,-9.034712791442871,0.026902735233306885
29.040000915527344,46.05927658081055,21.081979751586914,65.79785919189453,-9.148100852966309,0.02868077903985977
29.049999237060547,53.6265869140625,21.468957901000977,59.83949661254883,-9.262555122375488,0.02867273986339569
29.059999465942383,60.19995880126953,21.92529296875,49.436641693115234,-9.37148380279541,0.02794170193374157
29.06999969482422,65.51822662353516,22.295804977416992,34.150264739990234,-9.474205017089844,0.028050033375620842
29.079999923706055,69.32315063476562,22.52617645263672,17.803787231445312,-9.578947067260742,0.026677602902054787
29.09000015258789,69.77396392822266,22.1093807220459,3.7331230640411377,-9.68598461151123,0.02342846803367138
29.100000381469727,67.52375030517578,21.888019561767578,-13.544744491577148,-9.78925895690918,0.01944851502776146
29.110000610351562,62.113521575927734,21.765769958496094,-30.1556396484375,-9.892661094665527,0.016526544466614723
29.1200008392334,53.9138069152832,21.682411193847656,-44.6738395690918,-9.996965408325195,0.013800153508782387
29.1299991607666,43.917381286621094,21.58038330078125,-57.31087112426758,-10.09874153137207,0.010659784078598022
29.139999389648438,31.89568519592285,20.996871948242188,-68.25472259521484,-10.195980072021484,0.00846928358078003
29.149999618530273,18.806547164916992,20.8739070892334,-74.26277923583984,-10.287248611450195,0.007215830497443676
29.15999984741211,6.245697021484375,20.422758102416992,-76.30882263183594,-10.37643814086914,0.006485880818217993
29.170000076293945,-5.141145706176758,19.784666061401367,-76.28526306152344,-10.463622093200684,0.005645536817610264
29.18000030517578,-15.291814804077148,19.60666847229004,-76.35881805419922,-10.5497465133667,0.004915805067867041
29.190000534057617,-24.007545471191406,19.18987464904785,-69.71434020996094,-10.635870933532715,0.005343908444046974
29.200000762939453,-32.6035041809082,19.038843154907227,-62.44680404663086,-10.719956398010254,0.005121598951518536
29.209999084472656,-39.68401336669922,18.589380264282227,-55.23519515991211,-10.8001127243042,0.004074809141457081
29.219999313354492,-45.04715347290039,18.014747619628906,-48.37629318237305,-10.88276481628418,0.0039804959669709206
29.229999542236328,-49.23090744018555,17.83480453491211,-41.741233825683594,-10.96219539642334,0.0032334872521460056
29.239999771118164,-52.98768997192383,17.418010711669922,-31.77451515197754,-11.035388946533203,0.0022987215779721737
29.25,-54.56752395629883,17.26957130432129,-23.695188522338867,-11.10619831085205,0.0014575086534023285
29.260000228881836,-55.7867546081543,17.232624053955078,-16.508804321289062,-11.173937797546387,-0.00022513477597385645
29.270000457763672,-56.86085510253906,17.181156158447266,-9.186260223388672,-11.240619659423828,-0.002318714279681444
29.280000686645508,-57.23875427246094,17.01443862915039,-1.0792776346206665,-11.31439208984375,-0.0037760057020932436
29.290000915527344,-56.487396240234375,16.847721099853516,2.4383883476257324,-11.379673957824707,-0.005459301173686981
29.299999237060547,-55.12548828125,16.816478729248047,7.702881813049316,-11.436253547668457,-0.008507965132594109
29.309999465942383,-53.45310974121094,16.91059684753418,12.377298355102539,-11.491781234741211,-0.01026090793311596
29.31999969482422,-51.602294921875,16.9981689453125,16.533214569091797,-11.550671577453613,-0.012377196922898293
29.329999923706055,-49.669334411621094,16.89769744873047,21.183317184448242,-11.605489730834961,-0.013924130238592625
29.34000015258789,-48.016353607177734,16.56426239013672,25.287260055541992,-11.657084465026855,-0.013172340579330921
29.350000381469727,-45.993534088134766,16.709524154663086,30.513458251953125,-11.706399917602539,-0.011602155864238739
29.360000610351562,-44.5777587890625,17.007308959960938,34.64323425292969,-11.753636360168457,-0.00971295777708292
29.3700008392334,-43.18885803222656,17.286684036254883,36.24919509887695,-11.799446105957031,-0.006342889741063118
29.3799991607666,-40.81887435913086,17.427993774414062,35.058101654052734,-11.844775199890137,-0.0031134227756410837
29.389999389648438,-38.86534881591797,17.261274337768555,38.38033676147461,-11.888245582580566,0.00014223044854588807
29.399999618530273,-37.28516387939453,17.439725875854492,41.54073715209961,-11.92978286743164,0.0028476507868617773
29.40999984741211,-35.78245544433594,17.448022842407227,43.98735809326172,-11.96979808807373,0.004941230174154043
29.420000076293945,-34.22984313964844,17.44737434387207,45.16295623779297,-12.001311302185059,0.00703481025993824
29.43000030517578,-32.62733840942383,17.745807647705078,45.100345611572266,-12.0366792678833,0.008488841354846954
29.440000534057617,-31.575443267822266,17.66244888305664,48.618011474609375,-12.061610221862793,0.008895865641534328
29.450000762939453,-30.39792823791504,17.997180938720703,52.78912353515625,-12.091055870056152,0.009535848163068295
29.459999084472656,-28.665719985961914,17.972938537597656,56.169410705566406,-12.115345001220703,0.01058263797312975
29.469999313354492,-26.5108585357666,17.7244815826416,59.5030517578125,-12.140083312988281,0.011629427783191204
29.479999542236328,-24.24300193786621,17.679367065429688,63.854393005371094,-12.16331958770752,0.012035583145916462
29.489999771118164,-21.83866310119629,18.012802124023438,66.78578186035156,-12.184475898742676,0.012996860779821873
29.5,-17.912914276123047,18.557228088378906,69.88204956054688,-12.203554153442383,0.014567045494914055
29.510000228881836,-13.794828414916992,18.892478942871094,72.77605438232422,-12.219420433044434,0.015816587954759598
29.520000457763672,-9.215178489685059,19.030221939086914,76.12336730957031,-12.233963966369629,0.01750488206744194
29.530000686645508,-3.4906163215637207,19.14676856994629,80.3263931274414,-12.246420860290527,0.0195984598249197
29.540000915527344,3.7224018573760986,19.56356430053711,81.88980102539062,-12.253227233886719,0.02233397774398327
29.549999237060547,12.086994171142578,20.335248947143555,81.622802734375,-12.26227855682373,0.025474347174167633
29.559999465942383,21.46854591369629,20.71613311767578,78.44219207763672,-12.265872955322266,0.028935903683304787
29.56999969482422,31.493247985839844,20.858739852905273,72.65372467041016,-12.27152156829834,0.03227837011218071
29.579999923706055,41.598812103271484,21.090925216674805,64.99685668945312,-12.27152156829834,0.033490318804979324
29.59000015258789,50.765357971191406,21.174283981323242,55.420989990234375,-12.26943588256836,0.03252578154206276
29.600000381469727,57.220359802246094,21.472522735595703,41.98295211791992,-12.264321327209473,0.029347490519285202
29.610000610351562,61.210609436035156,21.755008697509766,22.656761169433594,-12.256089210510254,0.026125522330403328
29.6200008392334,62.114688873291016,21.974815368652344,1.5486377477645874,-12.24321460723877,0.021255679428577423
29.6299991607666,59.134273529052734,22.11275291442871,-16.84388542175293,-12.230486869812012,0.016906622797250748
29.639999389648438,50.56881332397461,22.02939224243164,-35.40934371948242,-12.21858024597168,0.013766253367066383
29.649999618530273,39.267269134521484,21.58466148376465,-50.07768249511719,-12.201791763305664,0.009659389965236187
29.65999984741211,26.243921279907227,21.136104583740234,-60.76136779785156,-12.179901123046875,0.007527020759880543
29.670000076293945,12.53044605255127,20.62655258178711,-66.9680404663086,-12.158624649047852,0.00603648042306304
29.68000030517578,-0.6062501668930054,19.980165481567383,-68.68553924560547,-12.133831977844238,0.005232862196862698
29.690000534057617,-10.974964141845703,19.480010986328125,-67.31755828857422,-12.104578018188477,0.0042650653049349785
29.700000762939453,-21.08076286315918,18.979856491088867,-62.5303840637207,-12.077301025390625,0.003985711373388767
29.709999084472656,-30.39547348022461,18.53194808959961,-57.49885177612305,-12.042171478271484,0.0041862898506224155
29.719999313354492,-38.009525299072266,18.367692947387695,-51.13307189941406,-12.012296676635742,0.0032175148371607065
29.729999542236328,-43.39288330078125,18.530651092529297,-42.492088317871094,-11.9761323928833,0.0029394649900496006
29.739999771118164,-47.6004753112793,18.11385726928711,-34.870479583740234,-11.939599990844727,0.002816575113683939
29.75,-50.87968444824219,17.5499210357666,-28.28374671936035,-11.902566909790039,0.0016466783126816154
29.760000228881836,-52.700469970703125,17.019302368164062,-18.982629776000977,-11.861791610717773,0.0007232128991745412
29.770000457763672,-53.52006530761719,16.680227279663086,-9.851408004760742,-11.81756591796875,-0.0014175232499837875
29.780000686645508,-53.88768005371094,16.59686851501465,-3.4895808696746826,-11.771260261535645,-0.002292854245752096
29.790000915527344,-53.73740768432617,16.513507843017578,3.5457510948181152,-11.72524356842041,-0.0033878872636705637
29.799999237060547,-52.65057373046875,16.578588485717773,8.319096565246582,-11.68157958984375,-0.0051576728001236916
29.809999465942383,-51.158843994140625,16.71548843383789,13.441503524780273,-11.633768081665039,-0.006727857515215874
29.81999969482422,-49.446617126464844,16.783615112304688,18.68229103088379,-11.575180053710938,-0.008298042230308056
29.829999923706055,-47.66532897949219,16.785560607910156,23.53936767578125,-11.519594192504883,-0.00954410620033741
29.84000015258789,-46.01234817504883,17.28571319580078,28.229589462280273,-11.46066665649414,-0.010266667231917381
29.850000381469727,-43.954471588134766,16.812589645385742,29.76047706604004,-11.408092498779297,-0.009817049838602543
29.860000610351562,-42.143741607666016,16.50002670288086,30.933032989501953,-11.354034423828125,-0.008770260028541088
29.8700008392334,-40.30952072143555,16.467355728149414,32.96980667114258,-11.297026634216309,-0.006749805528670549
29.8799991607666,-38.390811920166016,16.621240615844727,36.261959075927734,-11.237677574157715,-0.004457494709640741
29.889999389648438,-37.48918914794922,16.704599380493164,39.38877487182617,-11.176933288574219,-0.0017143709119409323
29.899999618530273,-36.17916488647461,16.636926651000977,40.037052154541016,-11.115739822387695,-0.0001984054542845115
29.90999984741211,-34.530155181884766,16.389053344726562,39.913658142089844,-11.057522773742676,0.0006499788723886013
29.920000076293945,-33.03480529785156,16.397220611572266,40.724082946777344,-10.997897148132324,0.003972455393522978
29.93000030517578,-32.12873458862305,16.910856246948242,43.16979217529297,-10.93216609954834,0.006081355269998312
29.940000534057617,-31.97846221923828,17.494369506835938,45.12405014038086,-10.874000549316406,0.006279435008764267
29.950000762939453,-30.729785919189453,17.468570709228516,47.435428619384766,-10.809165954589844,0.006604858674108982
29.959999084472656,-29.37734603881836,17.55167007446289,50.56102752685547,-10.74236011505127,0.008104851469397545
29.969999313354492,-28.08765411376953,17.718387603759766,53.26264190673828,-10.677766799926758,0.009547148831188679
29.979999542236328,-26.630746841430664,17.88510513305664,55.55487060546875,-10.612106323242188,0.009616688825190067
29.989999771118164,-23.925867080688477,18.05182456970215,61.41764450073242,-10.54443359375,0.009093292988836765
30,-22.467206954956055,17.75766944885254,62.418331146240234,-10.473803520202637,0.00954780075699091
30.010000228881836,-20.709991455078125,17.929443359375,63.53101348876953,-10.400839805603027,0.01092066615819931
30.020000457763672,-18.30904197692871,18.133499145507812,65.81336212158203,-10.326489448547363,0.012164666317403316
30.030000686645508,-15.19704818725586,18.153593063354492,69.36567687988281,-10.251099586486816,0.012558870017528534
30.040000915527344,-11.59053897857666,18.653745651245117,73.07876586914062,-10.172149658203125,0.013538075610995293
30.049999237060547,-7.844391822814941,18.844058990478516,76.06546783447266,-10.089424133300781,0.014455239288508892
30.059999465942383,-3.1663529872894287,18.8972110748291,77.3994140625,-10.00606632232666,0.014978633262217045
30.06999969482422,2.463559627532959,19.041629791259766,78.9167709350586,-9.920185089111328,0.01713566854596138
30.079999923706055,8.719328880310059,19.42134666442871,81.14639282226562,-9.830789566040039,0.018968692049384117
30.09000015258789,14.730177879333496,20.00486183166504,81.14639282226562,-9.742398262023926,0.020342426374554634
30.100000381469727,21.867477416992188,20.510263442993164,77.48405456542969,-9.654007911682129,0.02223966456949711
30.110000610351562,29.39108657836914,20.78069496154785,75.05657958984375,-9.563467025756836,0.024006083607673645
30.1200008392334,36.65739059448242,21.167932510375977,71.7468032836914,-9.469866752624512,0.025248995050787926
30.1299991607666,43.44857406616211,21.706199645996094,65.1889419555664,-9.377584457397461,0.025968406349420547
30.139999389648438,50.36104965209961,21.706199645996094,53.26796340942383,-9.280241012573242,0.025836823508143425
30.149999618530273,55.99575424194336,21.942468643188477,42.63943862915039,-9.179818153381348,0.025641025975346565
30.15999984741211,59.98530197143555,22.07638931274414,31.541799545288086,-9.07835578918457,0.024330202490091324
30.170000076293945,61.8753776550293,22.23455047607422,17.313549041748047,-8.97636604309082,0.022236622869968414
30.18000030517578,61.72417449951172,22.46790313720703,0.4707562327384949,-8.873122215270996,0.020470967516303062
30.190000534057617,60.37173080444336,22.634620666503906,-12.62277889251709,-8.767733573913574,0.01824471727013588
30.200000762939453,55.72699737548828,22.483718872070312,-26.833248138427734,-8.663957595825195,0.016284024342894554
30.209999084472656,49.64790725708008,22.375728607177734,-39.17182159423828,-8.564859390258789,0.013729092665016651
30.219999313354492,42.07568359375,22.292369842529297,-50.07752990722656,-8.453804969787598,0.01091708056628704
30.229999542236328,33.328636169433594,21.983177185058594,-59.628780364990234,-8.342748641967773,0.008628573268651962
30.239999771118164,24.462635040283203,20.816152572631836,-66.85953521728516,-8.234941482543945,0.007849293760955334
30.25,13.720580101013184,21.0900821685791,-71.27516174316406,-8.124319076538086,0.007520610000938177
30.260000228881836,4.2925214767456055,20.948514938354492,-74.18254089355469,-8.015949249267578,0.006339630112051964
30.270000457763672,-3.8061156272888184,20.460289001464844,-75.71114349365234,-7.904287338256836,0.006085049826651812
30.280000686645508,-10.921679496765137,19.955596923828125,-75.0722885131836,-7.791672706604004,0.006279435008764267
30.290000915527344,-17.68388557434082,20.038957595825195,-69.99121856689453,-7.677029609680176,0.006279435008764267
30.299999237060547,-24.0096492767334,19.799509048461914,-65.28853607177734,-7.561868190765381,0.0056209806352853775
30.309999465942383,-29.671812057495117,19.729503631591797,-61.583343505859375,-7.4511027336120605,0.005562197882682085
30.31999969482422,-34.58507537841797,19.611465454101562,-57.338680267333984,-7.341257095336914,0.005756148602813482
30.329999923706055,-39.01024627685547,19.417394638061523,-52.41230773925781,-7.222209930419922,0.005097042769193649
30.34000015258789,-43.66865539550781,19.417394638061523,-48.69921875,-7.098399639129639,0.0047095762565732
30.350000381469727,-46.12732696533203,18.929298400878906,-42.88825988769531,-6.973071575164795,0.0047095762565732
30.360000610351562,-48.203548431396484,18.61115837097168,-37.025482177734375,-6.857483386993408,0.0047095762565732
30.3700008392334,-49.94078063964844,18.28109359741211,-32.475372314453125,-6.726629734039307,0.004379588644951582
30.3799991607666,-51.54795837402344,17.90293312072754,-29.303274154663086,-6.5931830406188965,0.0038561937399208546
30.389999389648438,-53.50148391723633,17.652854919433594,-25.981033325195312,-6.467588901519775,0.003332798834890127
30.399999618530273,-54.124656677246094,17.566774368286133,-21.12091636657715,-6.336786270141602,0.003470031078904867
30.40999984741211,-54.61520004272461,17.544734954833984,-16.810300827026367,-6.2002058029174805,0.003002159297466278
30.420000076293945,-54.99274826049805,17.382165908813477,-13.659173011779785,-6.066925525665283,0.003938554786145687
30.43000030517578,-55.29328918457031,17.048728942871094,-10.573389053344727,-5.934572219848633,0.00338701787404716
30.440000534057617,-55.59383010864258,16.715293884277344,-4.515186786651611,-5.798586368560791,0.0029471793677657843
30.450000762939453,-55.000457763671875,16.71244239807129,-1.5570529699325562,-5.661239147186279,0.0028088605031371117
30.459999084472656,-54.39937210083008,16.464569091796875,1.2290576696395874,-5.521459579467773,0.002616431098431349
30.469999313354492,-54.244895935058594,16.420167922973633,4.061820983886719,-5.384035110473633,0.002616431098431349
30.479999542236328,-54.47111892700195,16.64963150024414,6.896560192108154,-5.244354724884033,0.0022852483671158552
30.489999771118164,-54.47111892700195,16.816349029541016,9.437097549438477,-5.099302768707275,0.0020931449253112078
30.5,-53.2698860168457,16.649890899658203,11.782360076904297,-4.969627380371094,0.0017617448465898633
30.510000228881836,-52.632110595703125,16.60840606689453,14.714659690856934,-4.832404613494873,0.0019013675628229976
30.520000457763672,-51.803279876708984,16.314834594726562,17.448190689086914,-4.686866283416748,0.0010982926469296217
30.530000686645508,-50.71609115600586,16.028976440429688,19.245014190673828,-4.543632984161377,0.0008550123311579227
30.540000915527344,-49.96263122558594,16.60548973083496,19.44590950012207,-4.401257038116455,0.0010465724626556039
30.549999237060547,-48.91073226928711,16.18869400024414,20.42304039001465,-4.257842540740967,0.0013785158516839147
30.559999465942383,-48.54311752319336,16.467809677124023,24.51482582092285,-4.111245632171631,0.0015698587521910667
30.56999969482422,-47.932220458984375,16.627267837524414,26.401004791259766,-3.9643118381500244,0.0019020193722099066
30.579999923706055,-47.07780075073242,16.482458114624023,25.48526954650879,-3.8183937072753906,0.0017608755733817816
30.59000015258789,-46.768375396728516,16.402793884277344,25.34758949279785,-3.667189598083496,0.0019022367196157575
30.600000381469727,-45.86674880981445,16.56951332092285,29.06068229675293,-3.5218167304992676,0.0020931449253112078
30.610000610351562,-45.195552825927734,16.672319412231445,32.02458953857422,-3.374431848526001,0.0024257402401417494
30.6200008392334,-44.204769134521484,16.539501190185547,32.83470916748047,-3.225980281829834,0.002283727051690221
30.6299991607666,-43.25897216796875,16.296295166015625,32.22776412963867,-3.076422691345215,0.0027587702497839928
30.639999389648438,-43.405853271484375,16.303813934326172,32.631839752197266,-2.929875373840332,0.0034726387821137905
30.649999618530273,-43.405853271484375,16.637250900268555,33.60896682739258,-2.7781782150268555,0.0036630036775022745
30.65999984741211,-42.70754623413086,16.64788246154785,33.829315185546875,-2.621894359588623,0.00432928092777729
30.670000076293945,-42.12235641479492,16.740055084228516,34.03507614135742,-2.4746124744415283,0.005042823497205973
30.68000030517578,-41.94731140136719,16.897310256958008,34.262718200683594,-2.329136610031128,0.0048995064571499825
30.690000534057617,-42.03833770751953,16.81142234802246,34.132484436035156,-2.1752495765686035,0.004376111552119255
30.700000762939453,-40.235084533691406,16.644704818725586,36.08674621582031,-2.017714738845825,0.005187009461224079
30.709999084472656,-40.31267547607422,16.60840606689453,36.05361557006836,-1.863241195678711,0.005756148602813482
30.719999313354492,-40.51237487792969,16.430278778076172,35.98933410644531,-1.7069414854049683,0.006089939270168543
30.729999542236328,-40.233097076416016,16.144550323486328,36.54795455932617,-1.547831654548645,0.00661333417519927
30.739999771118164,-39.643463134765625,15.99371337890625,37.50274658203125,-1.3925061225891113,0.006468713283538818
30.75,-39.34292221069336,16.243791580200195,37.89359664916992,-1.2361221313476562,0.006613551173359156
30.760000228881836,-39.279823303222656,16.69144058227539,36.89488983154297,-1.0786240100860596,0.00713694654405117
30.770000457763672,-38.95404052734375,16.694616317749023,37.00977325439453,-0.9200864434242249,0.0069916732609272
30.780000686645508,-38.22044372558594,16.375829696655273,37.97565841674805,-0.7651422619819641,0.006802720949053764
30.790000915527344,-37.23748779296875,16.303943634033203,37.93082809448242,-0.6093591451644897,0.006802720949053764
30.799999237060547,-37.68830108642578,16.470661163330078,36.953697204589844,-0.455931156873703,0.0071373810060322285
30.809999465942383,-37.6595573425293,16.238346099853516,36.91206359863281,-0.3034347891807556,0.007660775911062956
30.81999969482422,-37.42667007446289,16.500673294067383,37.75212097167969,-0.15210476517677307,0.007849293760955334
30.829999923706055,-37.352821350097656,17.024551391601562,39.17906188964844,0.0015989533858373761,0.007849293760955334
30.84000015258789,-37.795570373535156,17.020078659057617,40.51178741455078,0.15992702543735504,0.007849293760955334
30.850000381469727,-38.09611511230469,16.93671989440918,37.77582550048828,0.3140973448753357,0.0071788872592151165
30.860000610351562,-38.154541015625,16.987668991088867,38.188560485839844,0.4664023220539093,0.007473344448953867
30.8700008392334,-38.322105407714844,16.79216957092285,38.162574768066406,0.6263284087181091,0.008520133793354034
30.8799991607666,-38.62264633178711,16.47856903076172,37.548336029052734,0.7736467123031616,0.009231395088136196
30.889999389648438,-38.92319107055664,16.410573959350586,37.68373489379883,0.9288190007209778,0.0094191525131464
30.899999618530273,-39.22373580932617,16.57729148864746,36.90203094482422,1.0840697288513184,0.010090644471347332
30.90999984741211,-39.157596588134766,16.60840606689453,37.391963958740234,1.2402548789978027,0.010465724393725395
30.920000076293945,-39.43207931518555,16.60840606689453,37.28984451293945,1.3924355506896973,0.010129760950803757
30.93000030517578,-39.604087829589844,16.793533325195312,36.260135650634766,1.5431535243988037,0.010950655676424503
30.940000534057617,-38.9879264831543,17.307817459106445,34.76435470581055,1.695177674293518,0.010503754019737244
30.950000762939453,-40.190093994140625,16.891021728515625,34.17807388305664,1.8464839458465576,0.010951307602226734
30.959999084472656,-40.1583137512207,16.884929656982422,35.196537017822266,1.9969998598098755,0.012185093946754932
30.969999313354492,-40.460609436035156,16.824970245361328,35.89253234863281,2.150709867477417,0.011885855346918106
30.979999542236328,-40.91889953613281,16.766632080078125,35.77035140991211,2.3068370819091797,0.011848912574350834
30.989999771118164,-40.87274169921875,16.933349609375,34.92847442626953,2.456845760345459,0.011362135410308838
31,-42.074913024902344,17.100067138671875,33.36506652832031,2.5979981422424316,0.011662676930427551
31.010000228881836,-42.65426254272461,16.99039077758789,33.42159652709961,2.7464494705200195,0.012709466740489006
31.020000457763672,-42.93050003051758,16.920515060424805,33.58541488647461,2.8982906341552734,0.013082155957818031
31.030000686645508,-43.03076171875,16.809541702270508,32.21956253051758,3.0387444496154785,0.013082155957818031
31.040000915527344,-43.01802444458008,16.532629013061523,28.52971839904785,3.180957317352295,0.012407620437443256
31.049999237060547,-42.86775207519531,16.866065979003906,29.311424255371094,3.327136993408203,0.012372959405183792
31.059999465942383,-44.22626876831055,16.85076904296875,30.25663948059082,3.4789838790893555,0.012558870017528534
31.06999969482422,-45.0831413269043,16.620203018188477,30.543548583984375,3.6278131008148193,0.013571650721132755
31.079999923706055,-45.28132247924805,16.485506057739258,29.54939842224121,3.7739994525909424,0.0141287287697196
31.09000015258789,-45.36475372314453,16.704729080200195,27.171615600585938,3.9189505577087402,0.013453107327222824
31.100000381469727,-46.26638412475586,16.621370315551758,26.389911651611328,4.06022310256958,0.013082155957818031
31.110000610351562,-47.421810150146484,16.60840606689453,26.433374404907227,4.200456142425537,0.013420184142887592
31.1200008392334,-48.17585372924805,16.60840606689453,24.181114196777344,4.340610027313232,0.013605441898107529
31.1299991607666,-48.67901611328125,16.666484832763672,21.089555740356445,4.483938694000244,0.012928951531648636
31.139999389648438,-49.31024932861328,16.799755096435547,19.46733856201172,4.6210761070251465,0.01289722416549921
31.149999618530273,-50.21187973022461,16.633037567138672,17.31765365600586,4.762728214263916,0.0127436937764287
31.15999984741211,-51.11350631713867,16.60840606689453,15.16796875,4.903336524963379,0.012220297940075397
31.170000076293945,-51.924339294433594,16.80986785888672,14.199045181274414,5.038154125213623,0.012374264188110828
31.18000030517578,-52.56865692138672,16.935487747192383,12.194029808044434,5.165021896362305,0.012220080941915512
31.190000534057617,-53.05195617675781,16.694421768188477,7.255499362945557,5.295777797698975,0.011696686036884785
31.200000762939453,-53.803314208984375,16.5277042388916,5.1058149337768555,5.434179782867432,0.011512297205626965
31.209999084472656,-53.90848159790039,16.50436782836914,1.9476959705352783,5.573531150817871,0.011512297205626965
31.219999313354492,-54.36829376220703,16.65740966796875,-0.6569691896438599,5.706799507141113,0.011851520277559757
31.229999542236328,-54.791526794433594,16.84681510925293,-3.6600847244262695,5.836015701293945,0.011017587035894394
31.239999771118164,-54.641258239746094,16.89154052734375,-8.222807884216309,5.966881275177002,0.010805165395140648
31.25,-54.49098587036133,16.641464233398438,-13.30388069152832,6.096068382263184,0.010649461299180984
31.260000228881836,-53.819087982177734,17.042442321777344,-16.18025779724121,6.225361347198486,0.010805383324623108
31.270000457763672,-53.44025421142578,17.439271926879883,-20.416410446166992,6.3556060791015625,0.010989011265337467
31.280000686645508,-52.95485305786133,17.648771286010742,-25.111799240112305,6.479126930236816,0.010649135336279869
31.290000915527344,-51.791481018066406,17.669384002685547,-29.04235076904297,6.607907295227051,0.010805708356201649
31.299999237060547,-49.83795166015625,17.836101531982422,-34.514278411865234,6.729429244995117,0.009628640487790108
31.309999465942383,-48.279151916503906,18.221782684326172,-39.13064193725586,6.850414276123047,0.00991646945476532
31.31999969482422,-45.83344650268555,18.533958435058594,-44.1159782409668,6.971668720245361,0.010125414468348026
31.329999923706055,-42.37183380126953,18.8156681060791,-49.09584426879883,7.092923164367676,0.0092616006731987
31.34000015258789,-38.30247497558594,19.171010971069336,-53.71904754638672,7.2118449211120605,0.009576920419931412
31.350000381469727,-35.14678192138672,19.671165466308594,-59.190975189208984,7.326609134674072,0.00926116667687893
31.360000610351562,-29.468957901000977,19.582231521606445,-63.4544792175293,7.440379619598389,0.008214376866817474
31.3700008392334,-23.07623863220215,19.786222457885742,-68.3033447265625,7.553178787231445,0.008190146647393703
31.3799991607666,-16.173343658447266,20.20301628112793,-72.89874267578125,7.654544830322266,0.007349694147706032
31.389999389648438,-8.768220901489258,20.60820770263672,-75.6275634765625,7.754504203796387,0.006120579782873392
31.399999618530273,-1.104388952255249,20.9416446685791,-73.4778823852539,7.866631507873535,0.004391432274132967
31.40999984741211,7.630739212036133,20.977943420410156,-74.6370620727539,7.975420951843262,0.002297852421179414
31.420000076293945,17.55974006652832,21.138761520385742,-73.0586166381836,8.083149909973145,0.0005456693470478058
31.43000030517578,27.6632022857666,21.65226936340332,-68.96439361572266,8.187907218933105,-0.0020490307360887527
31.440000534057617,37.04195022583008,22.43445587158203,-63.14219284057617,8.288673400878906,-0.004164558835327625
31.450000762939453,45.90795135498047,22.43445587158203,-54.1525993347168,8.389176368713379,-0.006418188568204641
31.459999084472656,53.96346664428711,22.809118270874023,-41.82527160644531,8.487293243408203,-0.008693331852555275
31.469999313354492,60.265159606933594,22.954639434814453,-28.74100685119629,8.585389137268066,-0.010103031992912292
31.479999542236328,64.88804626464844,23.055370330810547,-14.901023864746094,8.682626724243164,-0.011491869576275349
31.489999771118164,67.71643829345703,23.215150833129883,-0.5464913249015808,8.774666786193848,-0.0127198975533247
31.5,67.1153564453125,22.881717681884766,12.156190872192383,8.86398696899414,-0.011713093146681786
31.510000228881836,64.74303436279297,22.69944190979004,32.30086135864258,8.956209182739258,-0.009961888194084167
31.520000457763672,60.40690231323242,22.752334594726562,45.874752044677734,9.04977798461914,-0.008391703478991985
31.530000686645508,54.530433654785156,22.645252227783203,56.44841766357422,9.139273643493652,-0.006478927098214626
31.540000915527344,47.59727478027344,22.13155174255371,67.18939971923828,9.227664947509766,-0.004728047642856836
31.549999237060547,39.783172607421875,21.548038482666016,72.85675048828125,9.310717582702637,-0.0024722449015825987
31.559999465942383,32.38132095336914,21.11698341369629,78.16667938232422,9.397337913513184,-0.0015698587521910667
31.56999969482422,24.717605590820312,20.811290740966797,81.48967742919922,9.478434562683105,0.0004882990615442395
31.579999923706055,17.217832565307617,20.56121253967285,82.7719497680664,9.552254676818848,0.0008835888584144413
31.59000015258789,10.180676460266113,20.240158081054688,82.64308166503906,9.626418113708496,0.001553017063997686
31.600000381469727,3.268199920654297,19.573287963867188,82.83850860595703,9.698750495910645,0.002779849572107196
31.610000610351562,-2.951345682144165,19.52143096923828,83.033935546875,9.76888656616211,0.0045135607942938805
31.6200008392334,-7.694120407104492,19.240434646606445,79.540283203125,9.83822250366211,0.005576431751251221
31.6299991607666,-11.751443862915039,19.072290420532227,76.26242065429688,9.904901504516602,0.006099827121943235
31.639999389648438,-15.594694137573242,19.10541343688965,74.8409423828125,9.972685813903809,0.005591860972344875
31.649999618530273,-18.449848175048828,18.521900177001953,69.56443786621094,10.03514289855957,0.005920653697103262
31.65999984741211,-21.02549171447754,18.248489379882812,67.37767791748047,10.09838581085205,0.006623439025133848
31.670000076293945,-23.477622985839844,17.998411178588867,64.62378692626953,10.155047416687012,0.00783505942672491
31.68000030517578,-25.62114906311035,17.820674896240234,61.75135803222656,10.208480834960938,0.008716801181435585
31.690000534057617,-27.368549346923828,17.78379249572754,59.356101989746094,10.262723922729492,0.009584526531398296
31.700000762939453,-28.871261596679688,17.950510025024414,57.597267150878906,10.317117691040039,0.010286876931786537
31.709999084472656,-29.951204299926758,17.49184226989746,55.838436126708984,10.367541313171387,0.011843915097415447
31.719999313354492,-30.484865188598633,17.33666229248047,53.94480895996094,10.414868354797363,0.012903526425361633
31.729999542236328,-31.183639526367188,17.33666229248047,51.99055099487305,10.460116386413574,0.015150744467973709
31.739999771118164,-32.444000244140625,17.25596046447754,49.771419525146484,10.5048246383667,0.017256492748856544
31.75,-33.946712493896484,16.83916664123535,46.44917678833008,10.548895835876465,0.0188266783952713
31.760000228881836,-34.73896789550781,17.131763458251953,42.01820755004883,10.591801643371582,0.02177722565829754
31.770000457763672,-35.804771423339844,17.639631271362305,41.61276626586914,10.63550853729248,0.024060193449258804
31.780000686645508,-37.41218185424805,17.84848403930664,41.57538604736328,10.672216415405273,0.02424914576113224
31.790000915527344,-39.42518615722656,17.531251907348633,39.30488967895508,10.704078674316406,0.02372574992477894
31.799999237060547,-41.07817077636719,16.947738647460938,35.00551986694336,10.739208221435547,0.023893404752016068
31.809999465942383,-42.01485061645508,16.920515060424805,34.246002197265625,10.7689208984375,0.023034265264868736
31.81999969482422,-43.4463996887207,16.626554489135742,32.41924285888672,10.799373626708984,0.02146407961845398
31.829999923706055,-45.09938430786133,16.476560592651367,29.269935607910156,10.825490951538086,0.020585596561431885
31.84000015258789,-46.62663650512695,16.59096908569336,25.4521427154541,10.852828025817871,0.01971624232828617
31.850000381469727,-47.67853546142578,16.50760841369629,22.71617889404297,10.878324508666992,0.017977315932512283
31.860000610351562,-49.30814743041992,16.50436782836914,18.665422439575195,10.901507377624512,0.016922269016504288
31.8700008392334,-50.746826171875,16.444927215576172,13.725372314453125,10.921567916870117,0.01605258882045746
31.8799991607666,-51.47037124633789,16.555381774902344,9.448493957519531,10.938993453979492,0.014659403823316097
31.889999389648438,-51.60077667236328,16.79839324951172,5.728107929229736,10.956791877746582,0.013435722328722477
31.899999618530273,-52.20186233520508,16.71503448486328,-0.13466869294643402,10.973071098327637,0.012388931587338448
31.90999984741211,-51.92936325073242,17.035505294799805,-5.8080973625183105,10.985357284545898,0.012729024514555931
31.920000076293945,-51.303855895996094,17.368942260742188,-13.165897369384766,10.98901653289795,0.012388496659696102
31.93000030517578,-50.41040802001953,17.544734954833984,-19.79244613647461,10.998082160949707,0.011341707780957222
31.940000534057617,-48.953269958496094,17.619667053222656,-26.32280158996582,11.002782821655273,0.01133605744689703
31.950000762939453,-46.098114013671875,17.95310401916504,-37.852928161621094,11.002327919006348,0.010470831766724586
31.959999084472656,-42.65589904785156,18.61219596862793,-41.748374938964844,11.00119400024414,0.01028970256447792
31.969999313354492,-36.90037155151367,18.732439041137695,-47.1701545715332,11.004111289978027,0.010118352249264717
31.979999542236328,-29.63850975036621,18.889432907104492,-54.44923400878906,11.002197265625,0.009247476235032082
31.989999771118164,-21.813888549804688,19.248083114624023,-62.18466567993164,10.994664192199707,0.008200686424970627
32,-14.450599670410156,19.41480255126953,-67.0703125,10.985069274902344,0.005415404215455055
32.0099983215332,-4.424494743347168,19.90976905822754,-67.91584014892578,10.97791576385498,0.0024472542572766542
32.02000045776367,7.414213180541992,20.53269386291504,-66.39498138427734,10.973260879516602,-0.0005176361883059144
32.029998779296875,19.59319305419922,20.914613723754883,-62.141204833984375,10.961081504821777,-0.005398127716034651
32.040000915527344,31.392404556274414,21.07809066772461,-54.38495635986328,10.941970825195312,-0.009762939065694809
32.04999923706055,42.963287353515625,21.49488639831543,-41.8776969909668,10.923958778381348,-0.012381978332996368
32.060001373291016,50.80660629272461,22.407943725585938,-29.75825309753418,10.90809440612793,-0.014127207919955254
32.06999969482422,57.05513000488281,22.208297729492188,-12.842669486999512,10.887831687927246,-0.015000473707914352
32.08000183105469,60.379791259765625,21.91427230834961,4.559351444244385,10.873466491699219,-0.014478165656328201
32.09000015258789,60.386802673339844,21.810884475708008,20.828176498413086,10.84892749786377,-0.012734022922813892
32.099998474121094,57.681922912597656,21.394088745117188,37.24394989013672,10.821730613708496,-0.010989228263497353
32.11000061035156,51.06998825073242,21.560808181762695,52.291744232177734,10.795257568359375,-0.008721256628632545
32.119998931884766,44.11906814575195,21.163394927978516,62.490211486816406,10.766040802001953,-0.005755279678851366
32.130001068115234,35.99624252319336,20.8319034576416,70.79353332519531,10.731627464294434,-0.003313132096081972
32.13999938964844,27.175697326660156,20.684566497802734,77.55609130859375,10.69688892364502,-0.0015687721315771341
32.150001525878906,19.35808753967285,20.350482940673828,80.6722640991211,10.664546012878418,0.000700069242157042
32.15999984741211,11.093170166015625,19.933687210083008,82.43109130859375,10.62828254699707,0.0012204217491671443
32.16999816894531,3.7415661811828613,19.643552780151367,81.51748657226562,10.591535568237305,0.0027943006716668606
32.18000030517578,-2.0909671783447266,19.180217742919922,79.75865173339844,10.551669120788574,0.002963694976642728
32.189998626708984,-6.749374866485596,18.667163848876953,77.74224090576172,10.508607864379883,0.0033159570302814245
32.20000076293945,-11.377401351928711,18.579914093017578,74.99716186523438,10.46997356414795,0.004362747073173523
32.209999084472656,-14.082283020019531,18.246479034423828,71.67491912841797,10.428403854370117,0.0057595171965658665
32.220001220703125,-17.133163452148438,18.232933044433594,68.3526840209961,10.380037307739258,0.006279435008764267
32.22999954223633,-20.13274574279785,18.01319122314453,65.74102783203125,10.329349517822266,0.006629632320255041
32.2400016784668,-22.865554809570312,17.603527069091797,63.362483978271484,10.276890754699707,0.0071530272252857685
32.25,-25.252365112304688,17.442644119262695,59.913204193115234,10.22171401977539,0.00802683737128973
32.2599983215332,-26.905349731445312,17.526002883911133,59.32692337036133,10.167231559753418,0.009073627181351185
32.27000045776367,-28.674833297729492,17.609359741210938,57.225563049316406,10.113301277160645,0.010471048764884472
32.279998779296875,-30.16118812561035,17.60482406616211,53.860774993896484,10.053784370422363,0.01133975200355053
32.290000915527344,-31.363357543945312,17.498193740844727,50.52060317993164,9.988584518432617,0.012564845383167267
32.29999923706055,-32.56085205078125,17.341848373413086,49.09791564941406,9.924445152282715,0.014836947433650494
32.310001373291016,-33.61275100708008,17.50856590270996,45.971099853515625,9.856603622436523,0.016751786693930626
32.31999969482422,-34.782318115234375,17.675283432006836,44.833648681640625,9.790877342224121,0.018321972340345383
32.33000183105469,-36.22567367553711,17.57442283630371,44.142818450927734,9.721805572509766,0.020594725385308266
32.34000015258789,-37.706180572509766,17.360580444335938,43.08074188232422,9.652679443359375,0.022508913651108742
32.349998474121094,-38.77560806274414,17.43421745300293,41.27632141113281,9.574277877807617,0.023727597668766975
32.36000061035156,-40.2783203125,17.267498016357422,38.34492874145508,9.500489234924316,0.023367946967482567
32.369998931884766,-41.42451858520508,17.232624053955078,37.113563537597656,9.429096221923828,0.02407975122332573
32.380001068115234,-42.88422775268555,17.142135620117188,36.544002532958984,9.351241111755371,0.023538971319794655
32.38999938964844,-44.37747573852539,17.024551391601562,35.23164367675781,9.270726203918457,0.021968787536025047
32.400001525878906,-45.18492126464844,17.036218643188477,31.741329193115234,9.193910598754883,0.02039860188961029
32.40999984741211,-47.13844680786133,17.286296844482422,28.8099422454834,9.11656379699707,0.019884876906871796
32.41999816894531,-48.851959228515625,17.33666229248047,26.03462028503418,9.033296585083008,0.018828092142939568
32.43000030517578,-50.58767318725586,17.244876861572266,23.298656463623047,8.949014663696289,0.01725790649652481
32.439998626708984,-52.16365051269531,17.002511978149414,20.32623863220215,8.867720603942871,0.016392679885029793
32.45000076293945,-53.207366943359375,16.631093978881836,16.744747161865234,8.775930404663086,0.015164108946919441
32.459999084472656,-54.1089973449707,17.04788589477539,12.054526329040527,8.692000389099121,0.013946620747447014
32.470001220703125,-54.768272399902344,17.061368942260742,7.206718921661377,8.609171867370605,0.013252636417746544
32.47999954223633,-55.285457611083984,17.210716247558594,3.084843635559082,8.53018856048584,0.012729242444038391
32.4900016784668,-55.78289794921875,17.440698623657227,-1.34232759475708,8.442737579345703,0.012558870017528534
32.5,-56.3746337890625,17.425142288208008,-7.779224395751953,8.356568336486816,0.011852607131004333
32.5099983215332,-56.82544708251953,17.175064086914062,-14.032853126525879,8.273364067077637,0.011512297205626965
32.52000045776367,-56.05282211303711,17.603654861450195,-17.5816707611084,8.191200256347656,0.011158948764204979
32.529998779296875,-55.426265716552734,17.620899200439453,-22.283138275146484,8.107275009155273,0.010989011265337467
32.540000915527344,-54.64780044555664,17.54875373840332,-27.906267166137695,8.018526077270508,0.010635444894433022
32.54999923706055,-52.8024787902832,18.16312026977539,-32.705902099609375,7.929525852203369,0.010112049989402294
32.560001373291016,-50.39813995361328,18.079761505126953,-38.959529876708984,7.847214698791504,0.010296221822500229
32.56999969482422,-47.37623977661133,18.064918518066406,-43.44627380371094,7.755789756774902,0.010111832991242409
32.58000183105469,-44.134307861328125,18.3997802734375,-48.67171096801758,7.668532371520996,0.010296438820660114
32.59000015258789,-40.68145751953125,18.82033348083496,-55.1119499206543,7.584667205810547,0.009757506661117077
32.599998474121094,-36.772769927978516,18.92962074279785,-62.053977966308594,7.491474628448486,0.0094191525131464
32.61000061035156,-31.062463760375977,19.346416473388672,-65.57164001464844,7.400248050689697,0.009064825251698494
32.619998931884766,-24.853435516357422,19.6248836517334,-68.92716217041016,7.306192398071289,0.007832560688257217
32.630001068115234,-18.89166259765625,20.06890296936035,-71.22637939453125,7.206467151641846,0.007326007355004549
32.63999938964844,-13.03096866607666,20.62460708618164,-73.11575317382812,7.105801582336426,0.00626205001026392
32.650001525878906,-6.754166126251221,21.060588836669922,-75.58942413330078,7.00778341293335,0.00611090986058116
32.65999984741211,0.7593952417373657,20.81051254272461,-77.34825897216797,6.9086127281188965,0.005214825738221407
32.66999816894531,8.272955894470215,21.398174285888672,-75.01544952392578,6.807394027709961,0.00435459753498435
32.68000030517578,16.140811920166016,21.804466247558594,-72.00382995605469,6.7076416015625,0.003121028421446681
32.689998626708984,24.204160690307617,22.05655288696289,-68.27189636230469,6.602278232574463,0.001906039658933878
32.70000076293945,32.08440017700195,22.44223403930664,-62.849510192871094,6.502256870269775,-0.00020666328782681376
32.709999084472656,39.14714813232422,22.525592803955078,-56.00960159301758,6.399111270904541,-0.0014019855298101902
32.720001220703125,45.574806213378906,22.890790939331055,-49.16969680786133,6.2914557456970215,-0.0019253804348409176
32.72999954223633,51.34774398803711,23.008893966674805,-41.51283264160156,6.182755470275879,-0.003515666350722313
32.7400016784668,56.285308837890625,22.867326736450195,-32.89555358886719,6.0777716636657715,-0.0038305509369820356
32.75,60.236297607421875,22.659381866455078,-23.31755828857422,5.9692277908325195,-0.004374699201434851
32.7599983215332,63.241722106933594,22.826101303100586,-11.982856750488281,5.860833168029785,-0.003997663501650095
32.77000045776367,64.70891571044922,22.708385467529297,-0.31474578380584717,5.751837730407715,-0.00401906855404377
32.779998779296875,65.27471160888672,22.592098236083984,9.873842239379883,5.638458728790283,-0.0041862898506224155
32.790000915527344,65.21044158935547,22.508739471435547,18.431093215942383,5.524631500244141,-0.003473725402727723
32.79999923706055,64.62875366210938,22.43445587158203,26.112577438354492,5.414709568023682,-0.0034961083438247442
32.810001373291016,62.97576904296875,22.43445587158203,35.88386917114258,5.303903102874756,-0.0022370051592588425
32.81999969482422,60.28794860839844,21.86040687561035,43.8046989440918,5.191586494445801,-0.0012132504489272833
32.83000183105469,57.248634338378906,21.70431900024414,49.63009262084961,5.084252834320068,-0.0010465724626556039
32.84000015258789,54.202545166015625,21.81023597717285,54.74794006347656,4.97983455657959,-0.0003329213068354875
32.849998474121094,51.242225646972656,21.800512313842773,60.656307220458984,4.861979961395264,0.0003569342370610684
32.86000061035156,47.48544692993164,21.717153549194336,66.9099349975586,4.740966320037842,0.0012373720528557897
32.869998931884766,43.859188079833984,21.34417724609375,69.08970642089844,4.623548984527588,0.0015698587521910667
32.880001068115234,39.69319534301758,20.979110717773438,73.4422607421875,4.502500534057617,0.001927118981257081
32.88999938964844,35.57686233520508,20.707773208618164,77.60790252685547,4.38242769241333,0.0028078826144337654
32.900001525878906,32.15802001953125,20.52031135559082,78.70660400390625,4.262762069702148,0.0027822398114949465
32.90999984741211,29.002321243286133,20.18687629699707,80.6608657836914,4.142057418823242,0.004046775866299868
32.91999816894531,25.714933395385742,19.92649269104004,80.21743774414062,4.0183515548706055,0.0047095762565732
32.93000030517578,22.220134735107422,20.043039321899414,80.78638458251953,3.8946032524108887,0.0047095762565732
32.939998626708984,19.070749282836914,20.313081741333008,81.85712432861328,3.7758402824401855,0.0047095762565732
32.95000076293945,16.626680374145508,20.358585357666016,82.49507904052734,3.652914524078369,0.004351555369794369
32.959999084472656,13.921798706054688,19.608354568481445,83.47220611572266,3.522709846496582,0.00454441923648119
32.970001220703125,11.08405590057373,19.52143096923828,83.06706237792969,3.3935444355010986,0.005784290377050638
32.97999954223633,8.802411079406738,19.468408584594727,82.60509490966797,3.265490770339966,0.00592108815908432
32.9900016784668,6.499031066894531,19.25566864013672,82.82088470458984,3.1406197547912598,0.005397692788392305
33,3.8331775665283203,18.932214736938477,83.55577850341797,3.0149986743927,0.004874298349022865
33.0099983215332,2.33046555519104,19.182289123535156,81.60152435302734,2.888338327407837,0.005426921881735325
33.02000045776367,0.9617820978164673,19.134971618652344,81.91320037841797,2.761418104171753,0.005756148602813482
33.029998779296875,-0.8744247555732727,19.373640060424805,81.24121856689453,2.6386120319366455,0.005397258326411247
33.040000915527344,-2.5618793964385986,19.526485443115234,79.79588317871094,2.514939308166504,0.005232862196862698
33.04999923706055,-3.5471725463867188,19.301040649414062,78.86769104003906,2.385528087615967,0.006669291760772467
33.060001373291016,-4.148257255554199,19.217681884765625,81.60365295410156,2.252941608428955,0.0066075753420591354
33.06999969482422,-5.695724010467529,18.909332275390625,82.93303680419922,2.1206657886505127,0.006638759281486273
33.08000183105469,-6.663255214691162,18.68453598022461,79.64848327636719,1.988561987876892,0.006083854474127293
33.09000015258789,-7.264339923858643,18.5178165435791,75.32190704345703,1.854201316833496,0.006475232541561127
33.099998474121094,-7.958906173706055,18.467775344848633,73.67583465576172,1.723822832107544,0.006443070247769356
33.11000061035156,-9.161075592041016,19.051288604736328,75.82551574707031,1.5912363529205322,0.006639194209128618
33.119998931884766,-9.545050621032715,19.029638290405273,74.25102233886719,1.456512451171875,0.006082985084503889
33.130001068115234,-9.944683074951172,18.836345672607422,74.61634063720703,1.3275094032287598,0.006836078595370054
33.13999938964844,-10.704569816589355,18.586267471313477,75.29547119140625,1.1950498819351196,0.006965921726077795
33.150001525878906,-11.636812210083008,18.349803924560547,74.99639892578125,1.0597554445266724,0.007162915077060461
33.15999984741211,-11.185998916625977,18.183086395263672,76.16895294189453,0.9279311895370483,0.007326007355004549
33.16999816894531,-11.697925567626953,18.016368865966797,75.01631164550781,0.796944797039032,0.007686418481171131
33.18000030517578,-12.299010276794434,18.127729415893555,74.03948974609375,0.6623340249061584,0.006767733953893185
33.189998626708984,-12.711145401000977,18.30792999267578,74.56832122802734,0.5264516472816467,0.007000692188739777
33.20000076293945,-12.96424674987793,18.405548095703125,76.1110610961914,0.3917763829231262,0.007326007355004549
33.209999084472656,-13.71560287475586,18.572265625,73.76595306396484,0.2555561065673828,0.0076868534088134766
33.220001220703125,-13.218632698059082,18.738985061645508,75.56961059570312,0.12231475859880447,0.007849293760955334
33.22999954223633,-13.12468433380127,18.849437713623047,76.13643646240234,-0.01590055227279663,0.006766104139387608
33.2400016784668,-13.082500457763672,18.683692932128906,75.69072723388672,-0.15301984548568726,0.007001778576523066
33.25,-12.835709571838379,18.3475341796875,75.29348754882812,-0.28583258390426636,0.008048567920923233
33.2599983215332,-12.835709571838379,18.76432991027832,76.6614761352539,-0.4223504960536957,0.00801119115203619
33.27000045776367,-12.416095733642578,18.870763778686523,75.84664154052734,-0.5559133887290955,0.008210791274905205
33.279998779296875,-12.78604793548584,18.8972110748291,75.40321350097656,-0.6900904774665833,0.007649366743862629
33.290000915527344,-12.94952392578125,18.969680786132812,75.71747589111328,-0.8263463973999023,0.007326007355004549
33.29999923706055,-12.432571411132812,19.074169158935547,76.32988739013672,-0.9640734791755676,0.007326007355004549
33.310001373291016,-12.28230094909668,18.907453536987305,75.3527603149414,-1.098728060722351,0.0069640749134123325
33.31999969482422,-12.13202953338623,18.8972110748291,77.31036376953125,-1.2315694093704224,0.006802720949053764
33.33000183105469,-11.359172821044922,18.8972110748291,79.32510375976562,-1.3690152168273926,0.0071648708544671535
33.34000015258789,-10.573227882385254,18.8972110748291,79.80941009521484,-1.5054064989089966,0.006601490546017885
33.349998474121094,-10.180840492248535,18.994441986083984,79.20124816894531,-1.6347321271896362,0.007004168815910816
33.36000061035156,-10.030569076538086,19.49459457397461,81.74178314208984,-1.7651423215866089,0.007326007355004549
33.369998931884766,-9.027048110961914,19.20588493347168,77.62446594238281,-1.897728681564331,0.007688591722398996
33.380001068115234,-8.499813079833984,19.22170066833496,78.04236602783203,-2.0303151607513428,0.007849293760955334
33.38999938964844,-7.860984802246094,19.313356399536133,79.79102325439453,-2.1638925075531006,0.007123690098524094
33.400001525878906,-6.596415996551514,19.313356399536133,80.33566284179688,-2.2958180904388428,0.008617272600531578
33.40999984741211,-4.492619037628174,19.313356399536133,79.94480895996094,-2.41843581199646,0.008693113923072815
33.41999816894531,-3.822591781616211,19.472427368164062,82.35086059570312,-2.538133144378662,0.008372579701244831
33.43000030517578,-2.160494089126587,19.698001861572266,82.5456771850586,-2.6650264263153076,0.009099052287638187
33.439998626708984,-0.40082499384880066,19.795360565185547,82.48002624511719,-2.7950034141540527,0.009782496839761734
33.45000076293945,0.9200660586357117,19.764507293701172,83.01554870605469,-2.923208236694336,0.009578985162079334
33.459999084472656,2.1222360134124756,19.931224822998047,82.62469482421875,-3.0531938076019287,0.0094191525131464
33.470001220703125,4.76986026763916,20.25830841064453,85.99343872070312,-3.1814184188842773,0.010146494023501873
33.47999954223633,6.831123352050781,20.532238006591797,87.00005340576172,-3.306952953338623,0.010829504579305649
33.4900016784668,9.124337196350098,20.588178634643555,88.27442169189453,-3.4379820823669434,0.010625122115015984
33.5,11.946771621704102,20.548507690429688,89.52113342285156,-3.5603697299957275,0.010829721577465534
33.5099983215332,14.651653289794922,20.965303421020508,85.41719055175781,-3.6893117427825928,0.011717221699655056
33.52000045776367,18.37653350830078,20.735448837280273,85.6717300415039,-3.8125064373016357,0.013128225691616535
33.529998779296875,22.350191116333008,20.78614044189453,84.65235900878906,-3.93489408493042,0.013241119682788849
33.540000915527344,25.838212966918945,21.110759735107422,83.08894348144531,-4.0580925941467285,0.012717724777758121
33.54999923706055,29.032236099243164,21.404136657714844,81.30519104003906,-4.176591873168945,0.013287949375808239
33.560001373291016,33.39010238647461,20.987342834472656,78.76465606689453,-4.293426990509033,0.014699388295412064
33.56999969482422,37.16043472290039,20.977943420410156,78.13431549072266,-4.411811351776123,0.015540058724582195
33.58000183105469,41.35564422607422,21.34275245666504,75.55243682861328,-4.5299272537231445,0.015698587521910667
33.59000015258789,45.496517181396484,21.64228630065918,71.85393524169922,-4.64630651473999,0.01679351180791855
33.599998474121094,49.36851501464844,21.78398323059082,67.79558563232422,-4.762143135070801,0.01799861341714859
33.61000061035156,53.12529373168945,22.117420196533203,63.88706588745117,-4.877163410186768,0.017584633082151413
33.619998931884766,57.17817687988281,21.958091735839844,57.47554397583008,-4.981297016143799,0.018364347517490387
33.630001068115234,60.90317153930664,22.160072326660156,50.306182861328125,-5.083286762237549,0.019934533163905144
33.63999938964844,64.06868743896484,22.452735900878906,43.16675567626953,-5.191878318786621,0.01967712678015232
33.650001525878906,66.59244537353516,22.642528533935547,35.90286636352539,-5.30670690536499,0.02009284310042858
33.65999984741211,68.54596710205078,22.642528533935547,27.304128646850586,-5.416818141937256,0.020042426884174347
33.66999816894531,69.0073013305664,22.808080673217773,18.89944839477539,-5.5223307609558105,0.019884876906871796
33.68000030517578,69.6820068359375,22.912700653076172,8.603572845458984,-5.630938529968262,0.018787018954753876
33.689998626708984,69.01466369628906,22.87179946899414,-3.408432722091675,-5.7400994300842285,0.01758289523422718
33.70000076293945,66.87347412109375,22.642852783203125,-15.723910331726074,-5.845604419708252,0.016902275383472443
33.709999084472656,64.6176528930664,22.226253509521484,-25.68956756591797,-5.94917106628418,0.01637888140976429
33.720001220703125,60.10951614379883,22.059534072875977,-34.288307189941406,-6.052726745605469,0.014756324701011181
33.72999954223633,54.470252990722656,22.018308639526367,-43.32835006713867,-6.154972553253174,0.013395736925303936
33.7400016784668,48.00438690185547,22.018308639526367,-52.020240783691406,-6.25777006149292,0.011982342228293419
33.75,40.86054229736328,21.804401397705078,-59.977386474609375,-6.358076572418213,0.011145584285259247
33.7599983215332,33.0451545715332,20.9793701171875,-67.16969299316406,-6.449866771697998,0.009154901839792728
33.77000045776367,25.080780029296875,21.146087646484375,-69.9056625366211,-6.54719877243042,0.008372579701244831
33.779998779296875,16.773563385009766,21.122621536254883,-72.6416244506836,-6.640597820281982,0.007271462120115757
33.790000915527344,8.58938980102539,20.911113739013672,-74.17584991455078,-6.734442234039307,0.006802720949053764
33.79999923706055,0.7044747471809387,20.57767677307129,-74.25669860839844,-6.826845169067383,0.006802720949053764
33.810001373291016,-6.9250030517578125,20.238798141479492,-73.48137664794922,-6.920102119445801,0.006802720949053764
33.81999969482422,-12.485037803649902,19.57192611694336,-73.09052276611328,-7.007765293121338,0.006067773327231407
33.83000183105469,-18.85321807861328,19.353351593017578,-67.59489440917969,-7.094854831695557,0.005756148602813482
33.84000015258789,-24.683414459228516,19.18326187133789,-62.59284210205078,-7.181675910949707,0.005756148602813482
33.849998474121094,-29.833534240722656,18.955873489379883,-59.67877960205078,-7.263864994049072,0.0046527492813766
33.86000061035156,-35.07491683959961,18.795185089111328,-57.20647430419922,-7.351199150085449,0.005290015134960413
33.869998931884766,-39.58305358886719,18.878541946411133,-49.584861755371094,-7.4328413009643555,0.005756148602813482
33.880001068115234,-42.80839157104492,18.31499481201172,-43.78317642211914,-7.502503871917725,0.0050198971293866634
33.88999938964844,-46.06025314331055,18.092920303344727,-37.26847457885742,-7.579562664031982,0.004341341555118561
33.900001525878906,-48.99369812011719,18.202985763549805,-31.014541625976562,-7.662202835083008,0.004554633051156998
33.90999984741211,-50.210243225097656,17.939620971679688,-28.19135093688965,-7.740838050842285,0.003604220924898982
33.91999816894531,-51.86322784423828,17.272748947143555,-22.71942710876465,-7.817173004150391,0.0038768381346017122
33.93000030517578,-52.573917388916016,16.932571411132812,-16.634782791137695,-7.886419773101807,0.0027116136625409126
33.939998626708984,-52.94422149658203,16.90580177307129,-12.265813827514648,-7.954761505126953,0.0017243672627955675
33.95000076293945,-53.37446594238281,17.120485305786133,-8.911357879638672,-8.025182723999023,0.0015698587521910667
33.959999084472656,-54.06623077392578,17.4340877532959,-4.0644612312316895,-8.0938081741333,0.0015698587521910667
33.970001220703125,-53.31487274169922,17.26736831665039,-0.15594367682933807,-8.161832809448242,0.0008316513267345726
33.97999954223633,-53.15829086303711,17.100650787353516,4.835470676422119,-8.231761932373047,-0.0009535631397739053
33.9900016784668,-52.5865364074707,16.9792423248291,8.412402153015137,-8.29753303527832,-0.0012005377793684602
34,-51.490234375,16.871252059936523,11.659268379211426,-8.360038757324219,-0.0025242911651730537
34.0099983215332,-50.28806686401367,16.71244239807129,17.271759033203125,-8.423075675964355,-0.003509255824610591
34.02000045776367,-49.08589553833008,16.71244239807129,17.8580379486084,-8.48086929321289,-0.0044022975489497185
34.029998779296875,-48.12397384643555,16.845712661743164,22.97467041015625,-8.540912628173828,-0.005449087359011173
34.040000915527344,-47.38804244995117,16.69072723388672,25.780536651611328,-8.604063034057617,-0.006495877169072628
34.04999923706055,-46.24009323120117,16.50145149230957,26.906591415405273,-8.661904335021973,-0.006802720949053764
34.060001373291016,-43.84404754638672,16.82568359375,30.54415512084961,-8.716879844665527,-0.006802720949053764
34.06999969482422,-41.58998107910156,16.992401123046875,32.88926696777344,-8.769026756286621,-0.007172911427915096
34.08000183105469,-40.18495559692383,17.226402282714844,33.183773040771484,-8.82264232635498,-0.006585409864783287
34.09000015258789,-39.318851470947266,17.290056228637695,34.627281188964844,-8.873679161071777,-0.005168212112039328
34.099998474121094,-38.343841552734375,17.232624053955078,37.48481750488281,-8.919673919677734,-0.003968543838709593
34.11000061035156,-36.606842041015625,17.243125915527344,40.537776947021484,-8.964629173278809,-0.0018098793225362897
34.119998931884766,-35.85548400878906,17.40984344482422,42.49203109741211,-9.009384155273438,0.00006562808266608045
34.130001068115234,-34.85920715332031,17.236902236938477,44.12777328491211,-9.054727554321289,0.0016358128050342202
34.13999938964844,-33.551753997802734,16.986825942993164,45.91274642944336,-9.094390869140625,0.0024640955962240696
34.150001525878906,-32.2885856628418,16.869630813598633,46.80781173706055,-9.134053230285645,0.003358550136908889
34.15999984741211,-31.56913185119629,17.042247772216797,45.79937744140625,-9.171452522277832,0.005518844351172447
34.16999816894531,-31.26858901977539,17.292325973510742,49.51247024536133,-9.203658103942871,0.006279435008764267
34.18000030517578,-30.349903106689453,17.542402267456055,50.49233627319336,-9.236331939697266,0.007022205740213394
34.189998626708984,-29.557064056396484,17.552967071533203,52.230804443359375,-9.27004623413086,0.008068995550274849
34.20000076293945,-28.41612434387207,17.495147705078125,55.34971618652344,-9.299501419067383,0.00874418206512928
34.209999084472656,-26.221065521240234,17.668411254882812,58.966617584228516,-9.3300142288208,0.00815244298428297
34.220001220703125,-24.718353271484375,17.918489456176758,59.162044525146484,-9.35775375366211,0.00970839336514473
34.22999954223633,-23.964427947998047,17.822425842285156,60.980445861816406,-9.379942893981934,0.01009379606693983
34.2400016784668,-22.313079833984375,17.80135726928711,63.24394989013672,-9.402619361877441,0.009570401161909103
34.25,-20.009231567382812,18.051952362060547,66.24250793457031,-9.426398277282715,0.00979129783809185
34.2599983215332,-17.8405818939209,18.592294692993164,70.20452117919922,-9.445630073547363,0.010314692743122578
34.27000045776367,-14.985429763793945,18.675655364990234,70.59536743164062,-9.459330558776855,0.01195517834275961
34.279998779296875,-11.374480247497559,18.828889846801758,72.62439727783203,-9.474067687988281,0.012186397798359394
34.290000915527344,-7.795080661773682,18.995607376098633,75.3155288696289,-9.489933967590332,0.013153324835002422
34.29999923706055,-3.824695110321045,19.162324905395508,78.24691009521484,-9.506844520568848,0.01435082033276558
34.310001373291016,1.2615065574645996,19.39963150024414,81.0128173828125,-9.51527214050293,0.015024812892079353
34.31999969482422,7.572897434234619,20.31658172607422,82.18537139892578,-9.521212577819824,0.017412740737199783
34.33000183105469,14.392827033996582,20.31671142578125,82.53124237060547,-9.524584770202637,0.019061049446463585
34.34000015258789,21.664737701416016,20.349380493164062,80.27259826660156,-9.528193473815918,0.02085408754646778
34.349998474121094,29.23088264465332,20.691112518310547,77.11630249023438,-9.532726287841797,0.023694131523370743
34.36000061035156,36.9100227355957,21.29005241394043,74.78015899658203,-9.53629207611084,0.025341136381030083
34.369998931884766,44.724124908447266,21.29005241394043,67.35397338867188,-9.5358304977417,0.02713482454419136
34.380001068115234,51.89671325683594,21.78826141357422,58.426082611083984,-9.53016471862793,0.02810772880911827
34.38999938964844,57.958160400390625,22.119298934936523,46.39994430541992,-9.525306701660156,0.02751012146472931
34.400001525878906,62.669151306152344,22.375469207763672,32.454803466796875,-9.523415565490723,0.02683710865676403
34.40999984741211,65.77938842773438,22.719146728515625,18.277002334594727,-9.514379501342773,0.025192061439156532
34.41999816894531,66.0799331665039,22.469070434570312,3.2292096614837646,-9.507579803466797,0.022724488750100136
34.43000030517578,63.01421356201172,22.362634658813477,-14.007474899291992,-9.490241050720215,0.020481614395976067
34.439998626708984,57.74817657470703,22.17698860168457,-30.516706466674805,-9.475950241088867,0.01689119264483452
34.45000076293945,50.503143310546875,22.018308639526367,-44.63204574584961,-9.461484909057617,0.013826991431415081
34.459999084472656,41.31953430175781,21.940006256103516,-55.49596405029297,-9.44675350189209,0.011210016906261444
34.470001220703125,29.748653411865234,21.273134231567383,-64.29013061523438,-9.428627014160156,0.008593042381107807
34.47999954223633,18.308408737182617,21.186016082763672,-70.36595916748047,-9.41057014465332,0.006350713316351175
34.4900016784668,6.7010674476623535,20.927059173583984,-73.1192398071289,-9.39077377319336,0.005756148602813482
34.5,-3.7861342430114746,20.510263442993164,-73.00223541259766,-9.366241455078125,0.006131011061370373
34.5099983215332,-12.238948822021484,20.051725387573242,-71.02351379394531,-9.340317726135254,0.006279435008764267
34.52000045776367,-20.954679489135742,19.301494598388672,-68.87382507324219,-9.309006690979004,0.0055292751640081406
34.529998779296875,-28.484130859375,18.5512638092041,-63.46724319458008,-9.280007362365723,0.005232862196862698
34.540000915527344,-35.091156005859375,18.692508697509766,-57.7274055480957,-9.254964828491211,0.0041069709695875645
34.54999923706055,-40.45067596435547,18.914710998535156,-51.538818359375,-9.22436809539795,0.0032875980250537395
34.560001373291016,-44.40808868408203,18.425642013549805,-44.659400939941406,-9.18952465057373,0.003890746273100376
34.56999969482422,-47.714054107666016,18.008848190307617,-38.796627044677734,-9.150522232055664,0.003435043850913644
34.58000183105469,-51.020023345947266,17.51828956604004,-31.03156280517578,-9.11960220336914,0.0027639856562018394
34.59000015258789,-53.081871032714844,17.38974952697754,-24.512603759765625,-9.084247589111328,0.0029922714456915855
34.599998474121094,-54.37588882446289,17.408288955688477,-18.541324615478516,-9.0457181930542,0.0027637684252113104
34.61000061035156,-55.49345779418945,17.301464080810547,-12.202292442321777,-9.004816055297852,0.0018643158255144954
34.619998931884766,-56.094539642333984,17.051387786865234,-6.534942150115967,-8.962752342224121,0.0008175260736607015
34.630001068115234,-55.35416793823242,16.950138092041016,-2.9610495567321777,-8.921550750732422,-0.00060553866205737
34.63999938964844,-54.54941177368164,16.920515060424805,2.880755662918091,-8.878998756408691,-0.0017993396613746881
34.650001525878906,-53.79805374145508,16.920515060424805,8.716483116149902,-8.833931922912598,-0.0020931449253112078
34.65999984741211,-53.04669952392578,16.920515060424805,12.31347370147705,-8.784955024719238,-0.0020931449253112078
34.66999816894531,-52.29534149169922,16.920515060424805,15.24486255645752,-8.733990669250488,-0.0028465641662478447
34.68000030517578,-51.40867233276367,16.920515060424805,18.704174041748047,-8.684128761291504,-0.0046469904482364655
34.689998626708984,-50.212928771972656,16.702978134155273,22.476835250854492,-8.632128715515137,-0.005609789397567511
34.70000076293945,-48.617435455322266,16.538074493408203,25.832202911376953,-8.579999923706055,-0.006510219536721706
34.709999084472656,-46.87529754638672,16.67354965209961,28.61709976196289,-8.530519485473633,-0.0075570098124444485
34.720001220703125,-46.27421188354492,17.090343475341797,32.72104263305664,-8.473906517028809,-0.006340282037854195
34.72999954223633,-44.85423278808594,17.20429801940918,35.2275390625,-8.419403076171875,-0.006888233125209808
34.7400016784668,-42.65707015991211,17.067527770996094,36.79854202270508,-8.368408203125,-0.0061935968697071075
34.75,-40.84563446044922,16.851806640625,37.72947692871094,-8.315892219543457,-0.004623412154614925
34.7599983215332,-40.04496765136719,16.76715087890625,38.73259353637695,-8.259844779968262,-0.0030532272066920996
34.77000045776367,-38.99306869506836,17.1005859375,41.85940933227539,-8.201556205749512,-0.001483042724430561
34.779998779296875,-38.078819274902344,17.12858772277832,42.3010139465332,-8.145346641540527,-0.0006686676642857492
34.790000915527344,-37.17719268798828,17.072906494140625,43.14912414550781,-8.090556144714355,0.0009887675987556577
34.79999923706055,-36.27556610107422,17.09455680847168,45.63465118408203,-8.032609939575195,0.0019479808397591114
34.810001373291016,-35.373939514160156,17.246950149536133,48.9600830078125,-7.970282554626465,0.003606067970395088
34.81999969482422,-34.472312927246094,17.33030891418457,47.59210205078125,-7.912265777587891,0.0041862898506224155
34.83000183105469,-33.15422439575195,17.64468765258789,50.37638854980469,-7.849552631378174,0.004564737901091576
34.84000015258789,-32.106414794921875,17.41483497619629,51.78646469116211,-7.792323112487793,0.005845246370881796
34.849998474121094,-31.204788208007812,17.27119255065918,53.459285736083984,-7.730424880981445,0.007036765571683645
34.86000061035156,-30.249176025390625,17.574682235717773,55.77871322631836,-7.665128707885742,0.0077047813683748245
34.869998931884766,-29.047006607055664,17.74139976501465,54.41073226928711,-7.600619792938232,0.007470410782843828
34.880001068115234,-28.544776916503906,17.908117294311523,56.865867614746094,-7.537159442901611,0.007326007355004549
34.88999938964844,-27.580402374267578,17.732973098754883,58.39963912963867,-7.47538423538208,0.008463307283818722
34.900001525878906,-26.116483688354492,17.689931869506836,59.6320686340332,-7.414819717407227,0.009275075048208237
34.90999984741211,-24.482196807861328,18.038990020751953,61.63495635986328,-7.349525451660156,0.008660517632961273
34.91999816894531,-23.580570220947266,18.45578384399414,65.5434799194336,-7.280972957611084,0.009510857984423637
34.93000030517578,-21.69084358215332,18.1678524017334,65.59696960449219,-7.208354473114014,0.010321972891688347
34.939998626708984,-20.152843475341797,17.89204216003418,66.34721374511719,-7.1335625648498535,0.009706438519060612
34.95000076293945,-18.334163665771484,17.900598526000977,69.07891845703125,-7.066368579864502,0.010178656317293644
34.959999084472656,-16.19379234313965,18.28284454345703,72.81555938720703,-6.991574764251709,0.01008586399257183
34.970001220703125,-15.14189338684082,18.866355895996094,72.62013244628906,-6.914751052856445,0.010702377185225487
34.97999954223633,-12.097441673278809,18.581405639648438,75.94146728515625,-6.8417134284973145,0.010989011265337467
34.9900016784668,-9.2568941116333,18.772432327270508,78.63943481445312,-6.766768455505371,0.010228637605905533
35,-6.280916690826416,19.076438903808594,78.86920928955078,-6.689709663391113,0.010703029111027718
35.0099983215332,-3.005448341369629,19.260074615478516,77.91228485107422,-6.610036373138428,0.010989011265337467
35.02000045776367,0.15024742484092712,19.51015281677246,82.4070816040039,-6.526453495025635,0.012511061504483223
35.029998779296875,3.592930555343628,19.601030349731445,79.99723815917969,-6.44146203994751,0.013082155957818031
35.040000915527344,7.2616047859191895,19.80223274230957,80.30025482177734,-6.356229305267334,0.013082155957818031
35.04999923706055,11.569925308227539,20.128795623779297,80.5187759399414,-6.269660949707031,0.013843833468854427
35.060001373291016,16.370542526245117,20.475326538085938,79.64498138427734,-6.180353164672852,0.014890622347593307
35.06999969482422,20.578134536743164,20.558685302734375,80.62211608886719,-6.095362186431885,0.015175300650298595
35.08000183105469,25.075054168701172,20.481548309326172,80.2823257446289,-6.003809928894043,0.015556465834379196
35.09000015258789,29.58319091796875,20.8151798248291,75.56216430664062,-5.915018081665039,0.01607985980808735
35.099998474121094,34.23154830932617,21.19865608215332,69.6601791381836,-5.82481575012207,0.016984635964035988
35.11000061035156,38.97455596923828,21.394088745117188,65.109619140625,-5.735782623291016,0.016505464911460876
35.119998931884766,43.482696533203125,21.394088745117188,63.155357360839844,-5.6430816650390625,0.01660347171127796
35.130001068115234,47.1158447265625,21.636775970458984,58.92528533935547,-5.549764633178711,0.017126867547631264
35.13999938964844,50.071022033691406,21.645980834960938,52.50829315185547,-5.4574432373046875,0.017650261521339417
35.150001525878906,53.41741943359375,21.720783233642578,45.27753448486328,-5.362771511077881,0.017409807071089745
35.15999984741211,56.89667892456055,21.970861434936523,38.090999603271484,-5.266001224517822,0.016886411234736443
35.16999816894531,58.399391174316406,22.220937728881836,31.055665969848633,-5.169313907623291,0.017127301543951035
35.18000030517578,60.343101501464844,22.06329345703125,24.211505889892578,-5.068881511688232,0.016503943130373955
35.189998626708984,60.979942321777344,21.835710525512695,16.372739791870117,-4.978595733642578,0.016604233533143997
35.20000076293945,60.912872314453125,21.866954803466797,8.54172420501709,-4.894737243652344,0.015980223193764687
35.209999084472656,60.506813049316406,22.180879592895508,1.1155403852462769,-4.793257713317871,0.01531601045280695
35.220001220703125,59.755455017089844,22.43095588684082,-6.310642719268799,-4.696306228637695,0.015175300650298595
35.22999954223633,58.11509323120117,22.18787956237793,-12.580683708190918,-4.589930534362793,0.014409712515771389
35.2400016784668,56.24032211303711,22.122346878051758,-19.699596405029297,-4.486062049865723,0.013745825737714767
35.25,53.62424850463867,22.08150863647461,-26.264142990112305,-4.386250972747803,0.012073395773768425
35.2599983215332,50.3546257019043,22.05862808227539,-32.12053680419922,-4.286396503448486,0.011895417235791683
35.27000045776367,47.19892501831055,22.225345611572266,-38.5695915222168,-4.179075241088867,0.011652354151010513
35.279998779296875,44.04323196411133,21.895021438598633,-42.29970169067383,-4.068624496459961,0.011512297205626965
35.290000915527344,40.103111267089844,21.872398376464844,-46.8871955871582,-3.9636664390563965,0.010745404288172722
35.29999923706055,36.41901397705078,21.91427230834961,-50.60575866699219,-3.8566293716430664,0.010849280282855034
35.310001373291016,33.00075149536133,21.91427230834961,-53.19507598876953,-3.748331308364868,0.009454356506466866
35.31999969482422,28.794090270996094,21.91336441040039,-55.934078216552734,-3.642941951751709,0.009663410484790802
35.33000183105469,25.18758201599121,21.329853057861328,-60.624298095703125,-3.537553071975708,0.009174676612019539
35.34000015258789,21.920761108398438,21.186016082763672,-63.25297546386719,-3.432163715362549,0.008511876687407494
35.349998474121094,17.929576873779297,21.143882751464844,-63.82435989379883,-3.3176352977752686,0.008756677620112896
35.36000061035156,13.623709678649902,21.103435516357422,-63.39475631713867,-3.209420680999756,0.008511658757925034
35.369998931884766,10.765751838684082,21.185237884521484,-63.98468017578125,-3.0995864868164062,0.008756894618272781
35.380001068115234,7.610056400299072,21.101879119873047,-64.96180725097656,-2.987062931060791,0.008127017877995968
35.38999938964844,4.4543609619140625,20.70122528076172,-67.12911987304688,-2.8750216960906982,0.007464760914444923
35.400001525878906,1.2986652851104736,20.586105346679688,-69.06788635253906,-2.7574071884155273,0.007710649166256189
35.40999984741211,-1.61795175075531,20.76987075805664,-69.8658447265625,-2.6395456790924072,0.00823404360562563
35.41999816894531,-3.8694491386413574,20.767019271850586,-69.1075439453125,-2.5333263874053955,0.00760286208242178
35.43000030517578,-5.9732465744018555,20.600299835205078,-69.6938247680664,-2.4280812740325928,0.0077109746634960175
35.439998626708984,-8.192609786987305,20.754117965698242,-69.8292236328125,-2.3160643577575684,0.007464217487722635
35.45000076293945,-9.976934432983398,20.91733741760254,-69.11650848388672,-2.2048535346984863,0.007326007355004549
35.459999084472656,-11.411405563354492,20.795928955078125,-68.01522827148438,-2.091531991958618,0.007326007355004549
35.470001220703125,-13.056910514831543,20.14772605895996,-67.5854721069336,-1.9726243019104004,0.006940605118870735
35.47999954223633,-14.409351348876953,20.231082916259766,-65.63121032714844,-1.8597767353057861,0.0075737424194812775
35.4900016784668,-15.995261192321777,20.055419921875,-65.49870300292969,-1.7475882768630981,0.007463674061000347
35.5,-17.727705001831055,19.98165512084961,-64.54618835449219,-1.63372802734375,0.007326007355004549
35.5099983215332,-19.32004165649414,19.948013305664062,-63.767982482910156,-1.5177890062332153,0.007711844053119421
35.52000045776367,-20.35230827331543,19.633634567260742,-66.35076141357422,-1.4010676145553589,0.007077402900904417
35.529998779296875,-20.803123474121094,19.883710861206055,-64.3965072631836,-1.2843462228775024,0.007188775110989809
35.540000915527344,-21.843454360961914,19.8067684173584,-61.98225021362305,-1.1667033433914185,0.008098332211375237
35.54999923706055,-22.884366989135742,19.684778213500977,-61.538818359375,-1.0502841472625732,0.007600037381052971
35.560001373291016,-23.785995483398438,19.62546730041504,-62.455772399902344,-0.9378629326820374,0.008098767139017582
35.56999969482422,-24.66331672668457,19.62883758544922,-62.236637115478516,-0.8211415410041809,0.0075996024534106255
35.58000183105469,-24.96385955810547,19.712196350097656,-61.454933166503906,-0.7044202089309692,0.007712604943662882
35.59000015258789,-25.621618270874023,19.993711471557617,-63.150856018066406,-0.5876988172531128,0.007849293760955334
35.599998474121094,-26.045787811279297,19.964153289794922,-63.793968200683594,-0.46872732043266296,0.007075664587318897
35.61000061035156,-26.151538848876953,19.77889633178711,-62.838565826416016,-0.3528333306312561,0.0075765675865113735
35.619998931884766,-26.17327308654785,19.937576293945312,-61.5648078918457,-0.23537012934684753,0.008623356930911541
35.630001068115234,-26.624086380004883,19.937576293945312,-62.15108108520508,-0.12089045345783234,0.008121585473418236
35.63999938964844,-26.59393882751465,19.937576293945312,-63.98832702636719,-0.0023190185893326998,0.007462044712156057
35.650001525878906,-26.52663230895996,19.661441802978516,-63.22486114501953,0.11696670949459076,0.007713365368545055
35.65999984741211,-26.38956642150879,19.414735794067383,-61.226985931396484,0.23425891995429993,0.008236760273575783
35.66999816894531,-25.99764633178711,19.73417091369629,-61.692909240722656,0.35051167011260986,0.0075974296778440475
35.68000030517578,-26.598730087280273,19.817529678344727,-60.1295051574707,0.4660998284816742,0.007713691331446171
35.689998626708984,-26.471363067626953,20.035585403442383,-61.40813064575195,0.58225017786026,0.007849293760955334
35.70000076293945,-25.750154495239258,20.052309036254883,-63.143558502197266,0.6993556022644043,0.008237194269895554
35.709999084472656,-24.69825553894043,19.85959815979004,-63.792903900146484,0.8127708435058594,0.007208550348877907
35.720001220703125,-23.732593536376953,19.609521865844727,-62.63676071166992,0.9272258281707764,0.007967076264321804
35.72999954223633,-24.03313636779785,19.35944366455078,-64.59101867675781,1.0416808128356934,0.007596125826239586
35.7400016784668,-23.475637435913086,19.721336364746094,-64.15412139892578,1.1550965309143066,0.007326007355004549
35.75,-22.55367660522461,19.937576293945312,-64.28633117675781,1.2712544202804565,0.007326007355004549
35.7599983215332,-21.501779556274414,20.04414176940918,-65.63819885253906,1.3845692873001099,0.007714560721069574
35.77000045776367,-20.3746280670166,20.365650177001953,-67.69002532958984,1.500547170639038,0.007460631895810366
35.779998779296875,-18.270832061767578,20.532367706298828,-68.47172546386719,1.6110968589782715,0.00771477771922946
35.790000915527344,-16.414525985717773,20.35586166381836,-69.25343322753906,1.7221890687942505,0.0070715355686843395
35.79999923706055,-15.130091667175293,20.105785369873047,-69.36041259765625,1.8379573822021484,0.006413733586668968
35.810001373291016,-13.982492446899414,20.019445419311523,-69.60932922363281,1.9512641429901123,0.006668531335890293
35.81999969482422,-12.35334587097168,20.269521713256836,-70.95573425292969,2.06231951713562,0.006024310830980539
35.83000183105469,-11.00090503692627,20.51959800720215,-69.7831802368164,2.173569917678833,0.0073134033009409904
35.84000015258789,-9.273720741271973,20.42321014404297,-70.56002044677734,2.2852513790130615,0.006681026890873909
35.849998474121094,-7.382827281951904,20.4023380279541,-70.82078552246094,2.3918042182922363,0.006668965797871351
35.86000061035156,-5.076760292053223,20.625385284423828,-70.95391082763672,2.502859592437744,0.006802720949053764
35.869998931884766,-2.1629478931427,21.067459106445312,-72.12646484375,2.609726667404175,0.006802720949053764
35.880001068115234,-0.2094220221042633,20.90074348449707,-73.29902648925781,2.711482524871826,0.005633150227367878
35.88999938964844,3.1310160160064697,21.0137882232666,-74.30760192871094,2.8183555603027344,0.005622827913612127
35.900001525878906,6.648718357086182,21.081979751586914,-73.20586395263672,2.9271442890167236,0.006536297034472227
35.90999984741211,10.053424835205078,21.253494262695312,-70.93338775634766,3.035933256149292,0.007192904129624367
35.91999816894531,13.38790225982666,21.682476043701172,-69.21163940429688,3.142409324645996,0.006935715675354004
35.93000030517578,16.99441146850586,21.432397842407227,-67.84365844726562,3.2495720386505127,0.005631520412862301
35.939998626708984,21.364429473876953,21.817625045776367,-67.63410186767578,3.3606271743774414,0.0056233713403344154
35.95000076293945,25.332712173461914,22.118131637573242,-65.64488983154297,3.469604253768921,0.0049749137833714485
35.959999084472656,28.991920471191406,22.16791534423828,-62.733863830566406,3.572930335998535,0.0047095762565732
35.970001220703125,32.87209701538086,22.026865005493164,-60.343467712402344,3.6769676208496094,0.003927906509488821
35.97999954223633,37.83104705810547,22.110225677490234,-55.84867477416992,3.779003858566284,0.003272060304880142
35.9900016784668,41.120540618896484,22.3360595703125,-53.19097137451172,3.8843929767608643,0.0031397175043821335
36,45.1285514831543,22.43445587158203,-48.238155364990234,3.9897823333740234,0.0011839134385809302
36.0099983215332,49.30213928222656,22.464338302612305,-42.57445526123047,4.098055362701416,0.001305825193412602
36.02000045776367,52.574920654296875,22.50167465209961,-38.38541030883789,4.197302341461182,0.0015698587521910667
36.029998779296875,55.580345153808594,22.16823959350586,-31.936355590820312,4.296720504760742,0.0003953983832616359
36.040000915527344,58.19700241088867,22.122346878051758,-24.139076232910156,4.398256778717041,-0.0015663816593587399
36.04999923706055,60.75161361694336,22.378385543823242,-16.006563186645508,4.4955573081970215,-0.0020931449253112078
36.060001373291016,62.755855560302734,22.489877700805664,-8.800727844238281,4.590450286865234,-0.0024849576875567436
36.06999969482422,63.7367057800293,22.151905059814453,-2.9361274242401123,4.6879072189331055,-0.0014406669652089477
36.08000183105469,64.1875228881836,22.401981353759766,5.858036994934082,4.785363674163818,-0.0022226625587791204
36.09000015258789,63.98455047607422,22.43445587158203,14.142058372497559,4.881765365600586,-0.0022242923732846975
36.099998474121094,62.74919509887695,22.22702980041504,21.62051773071289,4.973438739776611,-0.0024853923823684454
36.11000061035156,61.00214385986328,21.924772262573242,29.313703536987305,5.063861846923828,-0.002616431098431349
36.119998931884766,59.2355842590332,21.69569969177246,37.86168670654297,5.143187046051025,-0.002223966410383582
36.130001068115234,56.680973052978516,21.612340927124023,44.70159149169922,5.231015205383301,-0.0020931449253112078
36.13999938964844,53.334808349609375,21.528982162475586,52.05619812011719,5.314560890197754,-0.001700463006272912
36.150001525878906,49.78392028808594,21.288108825683594,57.63602066040039,5.407789707183838,-0.0011770681012421846
36.15999984741211,45.661041259765625,21.081979751586914,61.310054779052734,5.497860431671143,-0.0014394718455150723
36.16999816894531,40.82268142700195,21.059680938720703,63.994956970214844,5.586493968963623,-0.00039083484443835914
36.18000030517578,36.765357971191406,20.892963409423828,68.88059997558594,5.6718597412109375,0.0003931166138499975
36.189998626708984,32.04256820678711,20.726245880126953,73.5931625366211,5.7539520263671875,0.001702961977571249
36.20000076293945,27.3297061920166,20.559528350830078,76.16500091552734,5.836676597595215,0.0020931449253112078
36.209999084472656,22.378585815429688,20.457759857177734,77.3807144165039,5.917212963104248,0.0016997023485600948
36.220001220703125,17.138957977294922,20.44596290588379,78.33019256591797,5.991348743438721,0.0031440637540072203
36.22999954223633,12.931364059448242,20.36260414123535,79.11190032958984,6.063992500305176,0.0036630036775022745
36.2400016784668,8.992294311523438,19.98133087158203,78.3221435546875,6.146592140197754,0.004056772217154503
36.25,4.891269207000732,19.618337631225586,78.73243713378906,6.2247843742370605,0.003792412579059601
36.2599983215332,0.9822310209274292,19.3842716217041,79.43907165527344,6.302976131439209,0.0036630036775022745
36.27000045776367,-2.406700372695923,19.313356399536133,79.11812591552734,6.379214286804199,0.005239381920546293
36.279998779296875,-5.4121246337890625,19.313356399536133,76.96844482421875,6.451606750488281,0.005361945368349552
36.290000915527344,-8.688411712646484,19.238229751586914,75.34713745117188,6.522999286651611,0.0056271739304065704
36.29999923706055,-11.209135055541992,18.99152374267578,73.01782989501953,6.593696594238281,0.004967307671904564
36.310001373291016,-13.19117259979248,18.624317169189453,70.12351989746094,6.66335391998291,0.005498634651303291
36.31999969482422,-14.994427680969238,18.23370933532715,67.54924774169922,6.735528945922852,0.005756148602813482
36.33000183105469,-16.79768180847168,17.98363494873047,67.94010162353516,6.806067943572998,0.0061508952639997005
36.34000015258789,-19.147335052490234,18.036657333374023,66.02155303955078,6.866300106048584,0.006279435008764267
36.349998474121094,-21.15437889099121,18.175113677978516,64.64688110351562,6.925001621246338,0.005884470883756876
36.36000061035156,-22.709440231323242,18.16973304748535,62.62074661254883,6.987727642059326,0.006151221226900816
36.369998931884766,-24.010700225830078,17.947139739990234,59.36081314086914,7.053218841552734,0.006674615666270256
36.380001068115234,-25.813955307006836,17.863779067993164,57.406551361083984,7.112145900726318,0.00759330065920949
36.38999938964844,-26.652833938598633,17.856843948364258,55.452293395996094,7.168915748596191,0.008244692347943783
36.400001525878906,-27.203203201293945,17.801097869873047,53.367347717285156,7.220652103424072,0.008768086321651936
36.40999984741211,-28.03331756591797,17.85801124572754,52.36863708496094,7.278775691986084,0.008895865641534328
36.41999816894531,-29.28199577331543,18.050527572631836,52.448875427246094,7.327673435211182,0.010478763841092587
36.43000030517578,-30.03335189819336,17.9671688079834,50.10376739501953,7.38242244720459,0.010989011265337467
36.439998626708984,-30.923643112182617,17.72966766357422,49.20413589477539,7.4381279945373535,0.010989011265337467
36.45000076293945,-31.41862678527832,17.592378616333008,48.158016204833984,7.488090991973877,0.011781111359596252
36.459999084472656,-31.976709365844727,17.437585830688477,46.231868743896484,7.5363969802856445,0.013620219193398952
36.470001220703125,-32.87833786010742,17.217586517333984,43.68829345703125,7.580379009246826,0.014524996280670166
36.47999954223633,-33.779964447021484,17.134227752685547,42.90658950805664,7.616447448730469,0.016237519681453705
36.4900016784668,-34.54148864746094,17.12858772277832,41.03165817260742,7.6561102867126465,0.017538128420710564
36.5,-36.115478515625,17.299713134765625,40.28095626831055,7.695819854736328,0.018188325688242912
36.5099983215332,-37.47901916503906,17.477062225341797,39.659271240234375,7.7366156578063965,0.019505124539136887
36.52000045776367,-38.24977493286133,17.4976749420166,38.30283737182617,7.775238037109375,0.020281687378883362
36.529998779296875,-39.75248718261719,17.247596740722656,36.15315246582031,7.809796333312988,0.02001124434173107
36.540000915527344,-41.25519943237305,17.310993194580078,36.57561111450195,7.847389221191406,0.0214729905128479
36.54999923706055,-42.23792266845703,17.394351959228516,34.72742462158203,7.88350248336792,0.02038947492837906
36.560001373291016,-43.12272262573242,17.181612014770508,31.882808685302734,7.916498184204102,0.021076614037156105
36.56999969482422,-44.23351287841797,16.7451114654541,29.606386184692383,7.947610378265381,0.01986531913280487
36.58000183105469,-45.58595657348633,16.911828994750977,29.215532302856445,7.976635456085205,0.0189641285687685
36.59000015258789,-46.65351104736328,17.4736270904541,27.713214874267578,8.003832817077637,0.0188383050262928
36.599998474121094,-47.70541000366211,17.41541862487793,23.961524963378906,8.032038688659668,0.01764526404440403
36.61000061035156,-48.485748291015625,17.11964225769043,20.33079719543457,8.060209274291992,0.016870656982064247
36.619998931884766,-49.181480407714844,16.920515060424805,18.025501251220703,8.079474449157715,0.015949364751577377
36.630001068115234,-50.83446502685547,16.920515060424805,15.87581729888916,8.099015235900879,0.015300581231713295
36.63999938964844,-51.76939392089844,17.318836212158203,13.539368629455566,8.123945236206055,0.013582841493189335
36.650001525878906,-52.883689880371094,17.322725296020508,9.534809112548828,8.142309188842773,0.013082155957818031
36.65999984741211,-54.01679992675781,17.19431495666504,4.575156211853027,8.160440444946289,0.013480487279593945
36.66999816894531,-54.846214294433594,17.21674346923828,-0.5360059142112732,8.183106422424316,0.012808561325073242
36.68000030517578,-54.846214294433594,17.6335391998291,-5.030801296234131,8.201212882995605,0.01136322133243084
36.689998626708984,-54.122318267822266,17.407835006713867,-12.34985065460205,8.214200019836426,0.011387668550014496
36.70000076293945,-53.90848159790039,17.455930709838867,-18.09834861755371,8.226158142089844,0.011512297205626965
36.709999084472656,-53.20620346069336,17.700563430786133,-23.088090896606445,8.237027168273926,0.011512297205626965
36.720001220703125,-51.76939392089844,17.979162216186523,-28.27371597290039,8.245655059814453,0.010714328847825527
36.72999954223633,-50.567222595214844,18.06252098083496,-34.527347564697266,8.252899169921875,0.010864817537367344
36.7400016784668,-48.0515251159668,18.1458797454834,-39.45235061645508,8.260318756103516,0.010989011265337467
36.75,-45.279571533203125,18.349803924560547,-44.47932434082031,8.272350311279297,0.010989011265337467
36.7599983215332,-41.282073974609375,18.560274124145508,-51.881649017333984,8.274616241455078,0.010589592158794403
36.77000045776367,-36.090824127197266,18.859485626220703,-60.073429107666016,8.276883125305176,0.010465724393725395
36.779998779296875,-31.131874084472656,19.609716415405273,-62.223114013671875,8.273637771606445,0.010066088289022446
36.790000915527344,-24.848876953125,19.788684844970703,-66.47734832763672,8.276289939880371,0.009942438453435898
36.79999923706055,-17.878442764282227,20.381919860839844,-71.49095153808594,8.275115013122559,0.008742878213524818
36.810001373291016,-10.520295143127441,20.729616165161133,-75.16316223144531,8.271206855773926,0.006372770294547081
36.81999969482422,-2.6185524463653564,20.76371192932129,-76.70438385009766,8.263764381408691,0.00615621916949749
36.83000183105469,6.54799222946167,21.180505752563477,-76.8998031616211,8.252798080444336,0.004678717814385891
36.84000015258789,16.159391403198242,21.515045166015625,-73.62406921386719,8.245190620422363,0.002585138427093625
36.849998474121094,26.3317928314209,21.72532081604004,-68.13633728027344,8.241140365600586,0.0004915587487630546
36.86000061035156,36.405574798583984,21.892038345336914,-61.01970672607422,8.230114936828613,-0.0020025260746479034
36.869998931884766,45.77216720581055,22.078981399536133,-52.58053207397461,8.210750579833984,-0.004619500134140253
36.880001068115234,53.88681411743164,22.329057693481445,-42.80923843383789,8.19455623626709,-0.006835752632468939
36.88999938964844,60.35747528076172,22.579133987426758,-28.56761360168457,8.176495552062988,-0.007326007355004549
36.900001525878906,65.5851821899414,22.642528533935547,-17.07335090637207,8.159497261047363,-0.008528826758265495
36.90999984741211,68.5962142944336,22.684078216552734,-3.890310287475586,8.141388893127441,-0.00929691456258297
36.91999816894531,69.15873718261719,22.683948516845703,11.058402061462402,8.12325668334961,-0.0094191525131464
36.93000030517578,67.80314636230469,22.434066772460938,23.37798309326172,8.100512504577637,-0.009820418432354927
36.939998626708984,65.09825897216797,22.267349243164062,39.012054443359375,8.075885772705078,-0.00833694078028202
36.95000076293945,61.033226013183594,21.912004470825195,49.63434600830078,8.050219535827637,-0.00664484454318881
36.959999084472656,55.688316345214844,21.621803283691406,58.129295349121094,8.023514747619629,-0.005476251244544983
36.970001220703125,49.449607849121094,21.390525817871094,66.09130096435547,7.9968647956848145,-0.003224360290914774
36.97999954223633,42.9833869934082,20.977100372314453,73.86289978027344,7.969892978668213,-0.0022146219853311777
36.9900016784668,36.0709114074707,20.893741607666016,77.18514251708984,7.9404826164245605,-0.0012893094681203365
37,29.043920516967773,20.93743133544922,80.65631103515625,7.90875244140625,0.0005615330883301795
37.0099983215332,22.5218448638916,20.678020477294922,83.16949462890625,7.876504421234131,0.001850842498242855
37.02000045776367,16.510997772216797,20.138843536376953,84.36909484863281,7.841453552246094,0.00289763230830431
37.029998779296875,10.502836227416992,19.72652244567871,84.53656005859375,7.807456970214844,0.0027373649645596743
37.040000915527344,4.642258644104004,19.559804916381836,83.1685791015625,7.773460865020752,0.0030188923701643944
37.04999923706055,-0.06148776412010193,19.457258224487305,83.004150390625,7.731268882751465,0.0031397175043821335
37.060001373291016,-4.340945720672607,19.33040428161621,81.87399291992188,7.688206672668457,0.0039450740441679955
37.06999969482422,-7.849299430847168,19.049602508544922,79.90332794189453,7.649328708648682,0.003783502848818898
37.08000183105469,-9.548556327819824,18.48748016357422,78.83592987060547,7.615647792816162,0.005274586379528046
37.09000015258789,-13.004794120788574,18.737558364868164,74.34113311767578,7.5761260986328125,0.005756148602813482
37.099998474121094,-15.409367561340332,18.66353416442871,72.73365783691406,7.531352996826172,0.005756148602813482
37.11000061035156,-17.67231559753418,18.585100173950195,71.3310317993164,7.484848976135254,0.005756148602813482
37.119998931884766,-19.695953369140625,18.444311141967773,68.66162872314453,7.4349870681762695,0.005756148602813482
37.130001068115234,-20.81317138671875,17.963668823242188,64.27791595458984,7.384851455688477,0.007369904313236475
37.13999938964844,-23.81859588623047,18.047027587890625,63.1053581237793,7.333134651184082,0.007445746101438999
37.150001525878906,-24.699657440185547,17.73757553100586,60.090999603271484,7.277693748474121,0.006922351196408272
37.15999984741211,-25.726900100708008,17.58952522277832,57.30838394165039,7.223299503326416,0.008014015853404999
37.16999816894531,-27.032133102416992,17.624658584594727,55.384822845458984,7.167778968811035,0.009584200568497181
37.18000030517578,-27.507719039916992,17.555042266845703,54.097381591796875,7.113283634185791,0.009942438453435898
37.189998626708984,-28.55961799621582,17.805116653442383,54.683658599853516,7.052319526672363,0.010346529074013233
37.20000076293945,-29.73070526123047,17.724611282348633,52.47987365722656,6.994216442108154,0.010465724393725395
37.209999084472656,-30.35948371887207,17.694210052490234,49.86806869506836,6.936804294586182,0.011274340562522411
37.220001220703125,-30.599031448364258,17.728046417236328,47.9293098449707,6.873753070831299,0.011916713789105415
37.22999954223633,-31.07929039001465,17.64468765258789,46.93303298950195,6.8097100257873535,0.012440108694136143
37.2400016784668,-32.13119125366211,17.561328887939453,45.5650520324707,6.748985767364502,0.013368138112127781
37.25,-33.0627326965332,17.344438552856445,44.19707107543945,6.687421798706055,0.014414927922189236
37.2599983215332,-33.964359283447266,17.324798583984375,43.80150604248047,6.620853900909424,0.01546171773225069
37.27000045776367,-34.86598205566406,17.38987922668457,43.71580123901367,6.548892974853516,0.01610354706645012
37.279998779296875,-35.750553131103516,17.261014938354492,42.58761978149414,6.480050563812256,0.01662694290280342
37.290000915527344,-36.35163497924805,17.76116943359375,42.19676971435547,6.414318561553955,0.016745159402489662
37.29999923706055,-36.83119583129883,17.519779205322266,40.85765838623047,6.340659141540527,0.017961017787456512
37.310001373291016,-37.6190071105957,17.196455001831055,38.746421813964844,6.262839317321777,0.018315019086003304
37.31999969482422,-38.52998352050781,17.15484046936035,36.63351058959961,6.191272258758545,0.018315019086003304
37.33000183105469,-39.14076614379883,17.528594970703125,35.52402114868164,6.116749286651611,0.018315019086003304
37.34000015258789,-39.89212417602539,17.27851676940918,35.32859420776367,6.0468950271606445,0.018315019086003304
37.349998474121094,-41.01156234741211,17.09650230407715,34.016231536865234,5.978704929351807,0.018720848485827446
37.36000061035156,-42.04289627075195,16.9771671295166,32.23065185546875,5.9027228355407715,0.018432367593050003
37.369998931884766,-42.70380783081055,16.947221755981445,31.152923583984375,5.821907997131348,0.0175029244273901
37.380001068115234,-42.96274948120117,17.012495040893555,31.79330062866211,5.7479376792907715,0.0168622899800539
37.38999938964844,-44.6157341003418,16.84577751159668,30.620746612548828,5.679600715637207,0.016745159402489662
37.400001525878906,-45.77326965332031,17.09131622314453,27.837369918823242,5.603086948394775,0.016745159402489662
37.40999984741211,-46.73857879638672,17.184593200683594,24.372739791870117,5.524273872375488,0.015932196751236916
37.41999816894531,-47.29502487182617,17.046525955200195,22.00635528564453,5.450649738311768,0.015698587521910667
37.43000030517578,-47.204933166503906,16.843185424804688,22.193727493286133,5.381523132324219,0.014071792364120483
37.439998626708984,-47.8060188293457,17.176618576049805,20.044042587280273,5.299819469451904,0.013605441898107529
37.45000076293945,-48.782196044921875,17.232624053955078,17.081348419189453,5.224729061126709,0.014012358151376247
37.459999084472656,-49.57082748413086,16.98922348022461,14.981659889221191,5.153651714324951,0.012500629760324955
37.470001220703125,-50.171913146972656,16.74044418334961,12.760248184204102,5.083392143249512,0.013256982900202274
37.47999954223633,-50.799407958984375,16.831127166748047,9.074965476989746,5.010440826416016,0.011976474896073341
37.4900016784668,-51.70103454589844,16.997844696044922,7.706984996795654,4.9373860359191895,0.012326998636126518
37.5,-52.097862243652344,16.814533233642578,6.503124713897705,4.862595081329346,0.012558870017528534
37.5099983215332,-52.30948257446289,17.156396865844727,4.405411720275879,4.783661842346191,0.01133616641163826
37.52000045776367,-52.717994689941406,17.562820434570312,1.199272632598877,4.704874038696289,0.011804363690316677
37.529998779296875,-53.53338623046875,17.312744140625,-2.642988681793213,4.625232219696045,0.010812227614223957
37.540000915527344,-53.53338623046875,17.062665939331055,-4.010970115661621,4.549527168273926,0.010465724393725395
37.54999923706055,-53.6607551574707,16.95389747619629,-5.378951072692871,4.475801944732666,0.01128172967582941
37.560001373291016,-54.081302642822266,17.070444107055664,-8.50439739227295,4.397609710693359,0.011104186065495014
37.56999969482422,-54.259849548339844,17.26192283630371,-11.910825729370117,4.318361759185791,0.010580791160464287
37.58000183105469,-53.767555236816406,17.34528350830078,-13.993038177490234,4.239998817443848,0.010874053463339806
37.59000015258789,-54.21836853027344,17.42864227294922,-18.878686904907227,4.159201622009277,0.010580573230981827
37.599998474121094,-53.512351989746094,17.440698623657227,-21.758405685424805,4.0807085037231445,0.010874270461499691
37.61000061035156,-52.79324722290039,17.693822860717773,-23.705522537231445,4.0009260177612305,0.010989011265337467
37.619998931884766,-52.192161560058594,17.841093063354492,-26.181625366210938,3.9181602001190186,0.010580248199403286
37.630001068115234,-51.57436752319336,17.526195526123047,-29.959606170654297,3.83282208442688,0.009647981263697147
37.63999938964844,-50.82301330566406,17.359479904174805,-31.13216209411621,3.746363401412964,0.0094191525131464
37.650001525878906,-49.42313003540039,17.91226577758789,-34.16019821166992,3.6619837284088135,0.010237329639494419
37.65999984741211,-48.382564544677734,17.963863372802734,-35.4389762878418,3.579258918762207,0.010056527331471443
37.66999816894531,-47.52090072631836,17.936378479003906,-36.58660888671875,3.4965341091156006,0.01035174448043108
37.68000030517578,-46.45112609863281,18.357192993164062,-39.89942932128906,3.413735866546631,0.009646894410252571
37.689998626708984,-45.24895477294922,18.190475463867188,-44.58964920043945,3.3276114463806152,0.01023819949477911
37.70000076293945,-43.392417907714844,18.60454750061035,-46.55667495727539,3.2404229640960693,0.010056092403829098
37.709999084472656,-41.906883239746094,18.58548927307129,-47.87663269042969,3.150254726409912,0.009122956544160843
37.720001220703125,-40.47942352294922,18.56448745727539,-48.97594451904297,3.060473680496216,0.009715565480291843
37.72999954223633,-38.75235366821289,18.96955108642578,-50.47324752807617,2.9701669216156006,0.008302605710923672
37.7400016784668,-37.55018615722656,18.71947479248047,-55.554317474365234,2.882953643798828,0.009899628348648548
37.75,-36.08393096923828,19.05537223815918,-57.54444122314453,2.7955822944641113,0.010055549442768097
37.7599983215332,-34.67598342895508,19.10418128967285,-58.9846076965332,2.7030506134033203,0.00953215453773737
37.77000045776367,-33.323543548583984,19.16070556640625,-60.726417541503906,2.615283966064453,0.0094191525131464
37.779998779296875,-31.870027542114258,19.465360641479492,-63.097816467285156,2.5393073558807373,0.009008650667965412
37.790000915527344,-29.7662296295166,19.048566818237305,-65.63835144042969,2.453216314315796,0.009306476451456547
37.79999923706055,-27.262798309326172,19.444618225097656,-65.75354766845703,2.3624329566955566,0.0094191525131464
37.810001373291016,-25.955345153808594,19.785120010375977,-66.05716705322266,2.270707130432129,0.009008324705064297
37.81999969482422,-24.709007263183594,19.937576293945312,-67.86402130126953,2.181182861328125,0.00848492980003357
37.83000183105469,-22.583240509033203,19.98502540588379,-70.9096908569336,2.094874143600464,0.00878362450748682
37.84000015258789,-21.230798721313477,20.31846046447754,-69.93255615234375,2.0028815269470215,0.009307019412517548
37.849998474121094,-19.609600067138672,20.353723526000977,-69.65446472167969,1.908189058303833,0.008185366168618202
37.86000061035156,-18.247926712036133,20.407588958740234,-72.23724365234375,1.809836983680725,0.009494776837527752
37.869998931884766,-16.866273880004883,20.590511322021484,-74.16262817382812,1.7156873941421509,0.009530959650874138
37.880001068115234,-15.371156692504883,20.848886489868164,-73.05860900878906,1.6262359619140625,0.009007563814520836
37.88999938964844,-14.770071983337402,20.682167053222656,-73.44947052001953,1.5378450155258179,0.009307563304901123
37.900001525878906,-13.49124813079834,20.66583251953125,-74.89798736572266,1.4494539499282837,0.0094191525131464
37.90999984741211,-12.040534973144531,20.66583251953125,-75.43898010253906,1.3578470945358276,0.009831066243350506
37.91999816894531,-10.964797973632812,20.699668884277344,-74.1697769165039,1.259263038635254,0.009118393063545227
37.93000030517578,-10.395380020141602,20.73039436340332,-72.18436431884766,1.1653400659561157,0.008483734913170338
37.939998626708984,-9.19321060180664,20.480318069458008,-76.2883071899414,1.0722954273223877,0.008372579701244831
37.95000076293945,-8.537906646728516,20.836959838867188,-76.12509155273438,0.9759719967842102,0.008784928359091282
37.959999084472656,-7.936821460723877,21.088266372680664,-75.9267807006836,0.8796485066413879,0.008895865641534328
37.970001220703125,-7.273571491241455,20.979108810424805,-77.05860900878906,0.7793813347816467,0.008070734329521656
37.97999954223633,-6.522215366363525,20.617023468017578,-78.7264175415039,0.6847700476646423,0.0082619683817029
37.9900016784668,-5.770859241485596,20.95046043395996,-75.01332092285156,0.5926445722579956,0.00795979704707861
38,-5.433157920837402,20.977943420410156,-75.6038589477539,0.4959217607975006,0.008675076998770237
38.0099983215332,-5.132615566253662,20.866323471069336,-75.79594421386719,0.39436617493629456,0.008895865641534328
38.02000045776367,-4.958740234375,20.84013557434082,-76.01234436035156,0.2943456768989563,0.00806964747607708
38.029998779296875,-4.854508399963379,21.006853103637695,-76.65849304199219,0.20013853907585144,0.0082625113427639
38.040000915527344,-4.253423690795898,21.17357063293457,-76.65849304199219,0.10783368349075317,0.008785906247794628
38.04999923706055,-3.930445909500122,21.0317440032959,-74.66928100585938,0.010567347519099712,0.008895865641534328
38.060001373291016,-4.240570068359375,21.14731788635254,-72.91667938232422,-0.088727667927742,0.008895865641534328
38.06999969482422,-4.970659255981445,21.361614227294922,-73.28260803222656,-0.17755208909511566,0.008482213132083416
38.08000183105469,-5.736154556274414,21.347095489501953,-75.57666015625,-0.2761420011520386,0.007131296209990978
38.09000015258789,-5.886425495147705,20.513505935668945,-74.9903793334961,-0.36820629239082336,0.00845819991081953
38.099998474121094,-6.176918983459473,20.846681594848633,-74.951171875,-0.4619845747947693,0.008067908696830273
38.11000061035156,-6.580407619476318,21.149263381958008,-73.880126953125,-0.5569416880607605,0.007849293760955334
38.119998931884766,-7.228233337402344,21.18076515197754,-72.14591217041016,-0.6553570032119751,0.00867768470197916
38.130001068115234,-8.101465225219727,20.96219253540039,-71.11483764648438,-0.7486676573753357,0.008067256771028042
38.13999938964844,-8.852821350097656,20.878833770751953,-74.04622650146484,-0.8425228595733643,0.008263706229627132
38.150001525878906,-9.604177474975586,20.560176849365234,-73.48396301269531,-0.9363049268722534,0.00878710113465786
38.15999984741211,-10.251419067382812,20.57326889038086,-72.02526092529297,-1.0266914367675781,0.008895865641534328
38.16999816894531,-10.718825340270996,20.739988327026367,-71.74412536621094,-1.121518611907959,0.008895865641534328
38.18000030517578,-11.344566345214844,20.841108322143555,-72.96150970458984,-1.221315622329712,0.0076513225212693214
38.189998626708984,-13.298091888427734,20.674388885498047,-72.76608276367188,-1.3128066062927246,0.008155920542776585
38.20000076293945,-14.39626407623291,20.507671356201172,-71.08748626708984,-1.4026111364364624,0.007127384189516306
38.209999084472656,-15.448162078857422,20.457759857177734,-71.65628814697266,-1.497801423072815,0.008048241958022118
38.220001220703125,-17.11212921142578,20.420034408569336,-70.92017364501953,-1.5897051095962524,0.007957297377288342
38.22999954223633,-19.147686004638672,20.285531997680664,-68.0419692993164,-1.6845009326934814,0.007433902472257614
38.2400016784668,-19.748769760131836,19.952096939086914,-67.651123046875,-1.779691219329834,0.008572505787014961
38.25,-20.781036376953125,19.45920181274414,-68.38176727294922,-1.869996428489685,0.0076490407809615135
38.2599983215332,-22.15229034423828,19.490510940551758,-68.47126770019531,-1.959107756614685,0.008157441392540932
38.27000045776367,-23.862531661987305,19.62546730041504,-66.6565170288086,-2.05301833152771,0.008372579701244831
38.279998779296875,-25.68845558166504,19.501596450805664,-63.897605895996094,-2.145679235458374,0.00795664545148611
38.290000915527344,-27.040897369384766,18.91808319091797,-64.67930603027344,-2.2333760261535645,0.007433250546455383
38.29999923706055,-28.393339157104492,19.54022789001465,-63.0113525390625,-2.3221123218536377,0.006909855641424656
38.310001373291016,-30.068641662597656,19.431005477905273,-62.23223114013672,-2.4093730449676514,0.0072189811617136
38.31999969482422,-31.801549911499023,19.287364959716797,-60.103214263916016,-2.489644765853882,0.007326007355004549
38.33000183105469,-33.52067184448242,19.307329177856445,-56.730369567871094,-2.575449228286743,0.0077424850314855576
38.34000015258789,-35.47419738769531,18.80717658996582,-55.948665618896484,-2.65590763092041,0.0074327075853943825
38.349998474121094,-37.4277229309082,19.3603515625,-54.21718978881836,-2.7407798767089844,0.006909312214702368
38.36000061035156,-39.2724609375,19.21969223022461,-52.45835494995117,-2.8267805576324463,0.007219524588435888
38.369998931884766,-40.71814727783203,18.842567443847656,-49.86249923706055,-2.911989212036133,0.006909095216542482
38.380001068115234,-41.77004623413086,18.56610870361328,-46.923667907714844,-2.9912261962890625,0.007219742052257061
38.38999938964844,-42.82194519042969,18.482749938964844,-45.94654083251953,-3.074111223220825,0.007326007355004549
38.400001525878906,-44.31554412841797,17.90934944152832,-44.20350646972656,-3.1570632457733154,0.007743245456367731
38.40999984741211,-45.70829772949219,17.7528076171875,-42.1586799621582,-3.2358994483947754,0.007849293760955334
38.41999816894531,-46.77001190185547,17.95439910888672,-39.34734344482422,-3.3169808387756348,0.008266748860478401
38.43000030517578,-47.5567741394043,18.194429397583008,-36.750579833984375,-3.402472734451294,0.007537451572716236
38.439998626708984,-48.45840072631836,17.860992431640625,-37.14142990112305,-3.483286142349243,0.0069083343259990215
38.45000076293945,-49.50843048095703,17.692201614379883,-33.86539077758789,-3.561312437057495,0.007638284005224705
38.459999084472656,-50.7825813293457,17.648771286010742,-30.254114151000977,-3.638155698776245,0.007849293760955334
38.470001220703125,-51.39651870727539,17.771671295166016,-26.34893798828125,-3.7118146419525146,0.007013295777142048
38.47999954223633,-51.465694427490234,17.900014877319336,-23.1962890625,-3.7921416759490967,0.0055483984760940075
38.4900016784668,-52.2170524597168,17.649938583374023,-23.000864028930664,-3.866495132446289,0.00648751063272357
38.5,-53.11798095703125,17.39986228942871,-19.498699188232422,-3.9420018196105957,0.006802720949053764
38.5099983215332,-53.233543395996094,17.52353858947754,-16.419145584106445,-4.017097473144531,0.007639587856829166
38.52000045776367,-53.30833053588867,17.648771286010742,-12.609708786010742,-4.091153621673584,0.007430751342326403
38.529998779296875,-53.684356689453125,17.523149490356445,-8.753922462463379,-4.166097164154053,0.006070055067539215
38.540000915527344,-54.283103942871094,17.025848388671875,-7.390196323394775,-4.239279747009277,0.007012426853179932
38.54999923706055,-54.132835388183594,17.442642211914062,-7.390196323394775,-4.309994220733643,0.006488271523267031
38.560001373291016,-53.86909866333008,17.230031967163086,-4.439052581787109,-4.380303859710693,0.007117388304322958
38.56999969482422,-53.49237060546875,16.940025329589844,-1.2240995168685913,-4.450435161590576,0.007326007355004549
38.58000183105469,-52.92482376098633,16.989160537719727,1.5694572925567627,-4.5261054039001465,0.005649231374263763
38.59000015258789,-52.036285400390625,17.643325805664062,5.063720703125,-4.5942583084106445,0.005652165040373802
38.599998474121094,-52.33682632446289,17.143173217773438,6.431702136993408,-4.664517879486084,0.00449791457504034
38.61000061035156,-52.064208984375,16.833786010742188,7.948760032653809,-4.731419563293457,0.004605810157954693
38.619998931884766,-51.922821044921875,17.05573081970215,11.222371101379395,-4.799304962158203,0.005129204597324133
38.630001068115234,-51.8726921081543,17.43356704711914,15.430410385131836,-4.86170768737793,0.003973650746047497
38.63999938964844,-51.27721405029297,17.02766227722168,17.717166900634766,-4.922063827514648,0.004082849714905024
38.650001525878906,-50.9766731262207,17.194379806518555,16.935462951660156,-4.973938941955566,0.0037663353141397238
38.65999984741211,-50.32872772216797,17.104150772094727,20.219863891601562,-5.0299882888793945,0.001982750603929162
38.66999816894531,-49.6558952331543,17.155229568481445,22.263782501220703,-5.090645790100098,0.002410202519968152
38.68000030517578,-49.054813385009766,17.222253799438477,22.60478973388672,-5.148647785186768,0.0009353089262731373
38.689998626708984,-48.44578170776367,16.831905364990234,24.363622665405273,-5.20641565322876,0.0005232862313278019
38.70000076293945,-47.54415512084961,17.41541862487793,26.122455596923828,-5.265100002288818,0.00094378407811746
38.709999084472656,-46.87646484375,17.155424118041992,28.18552017211914,-5.319675922393799,0.00020535942167043686
38.720001220703125,-46.43476486206055,17.09734535217285,29.713367462158203,-5.374853134155273,0.0004207151650916785
38.72999954223633,-45.582801818847656,17.38372230529785,30.69049835205078,-5.42584753036499,-0.0015808328753337264
38.7400016784668,-43.42641830444336,17.539030075073242,31.63419532775879,-5.481350898742676,-0.000830347475130111
38.75,-44.027503967285156,17.372312545776367,31.63419532775879,-5.541011810302734,-0.0013653686037287116
38.7599983215332,-42.85653305053711,17.467729568481445,33.324188232421875,-5.59543514251709,-0.001148708863183856
38.77000045776367,-41.850440979003906,17.589590072631836,35.78935241699219,-5.646158695220947,-0.0006253140163607895
38.779998779296875,-41.356040954589844,17.672948837280273,37.90180206298828,-5.697524070739746,-0.0009446533513255417
38.790000915527344,-40.74233627319336,17.7528076171875,38.53731918334961,-5.745703220367432,0.00021785483113490045
38.79999923706055,-39.8407096862793,17.7528076171875,40.29615020751953,-5.7893385887146,0.0009448706405237317
38.810001373291016,-39.17769241333008,17.686626434326172,41.279205322265625,-5.835503578186035,0.0010465724626556039
38.81999969482422,-38.57661056518555,17.648771286010742,41.95423126220703,-5.8880085945129395,0.0018901759758591652
38.83000183105469,-37.97552490234375,17.648771286010742,42.365901947021484,-5.937589168548584,0.0020931449253112078
38.84000015258789,-37.34452438354492,17.66536521911621,42.54096603393555,-5.976876258850098,0.0033592020627111197
38.849998474121094,-36.14235305786133,17.998802185058594,46.058631896972656,-6.0202250480651855,0.0036630036775022745
38.86000061035156,-35.90397644042969,18.064918518066406,47.38284683227539,-6.066676139831543,0.004929712507873774
38.869998931884766,-35.48798370361328,18.064918518066406,47.08256530761719,-6.1063385009765625,0.005655207205563784
38.880001068115234,-34.64478302001953,18.039443969726562,46.2086181640625,-6.142877578735352,0.006178602576255798
38.88999938964844,-33.61017990112305,17.98006820678711,46.02444076538086,-6.180088043212891,0.007547121960669756
38.900001525878906,-32.858821868896484,18.31350326538086,46.02444076538086,-6.217483997344971,0.007849293760955334
38.90999984741211,-32.22911071777344,18.17459487915039,50.453887939453125,-6.2510809898376465,0.007003734353929758
38.91999816894531,-31.881126403808594,18.252119064331055,54.71891403198242,-6.285475254058838,0.008494273759424686
38.93000030517578,-31.401216506958008,18.40269660949707,56.69384002685547,-6.316586971282959,0.008472869172692299
38.939998626708984,-30.18922996520996,18.19618034362793,55.99754333496094,-6.346958160400391,0.009641896933317184
38.95000076293945,-28.836790084838867,18.612974166870117,59.31978225708008,-6.379758358001709,0.009942438453435898
38.959999084472656,-27.852781295776367,18.62101173400879,60.08659362792969,-6.407568454742432,0.009942438453435898
38.970001220703125,-26.78008460998535,18.53765106201172,61.06068420410156,-6.438459396362305,0.010365869849920273
38.97999954223633,-25.57791519165039,18.58814811706543,62.49856948852539,-6.4601969718933105,0.00919510331004858
38.9900016784668,-24.320823669433594,18.903305053710938,63.49970626831055,-6.484004497528076,0.009743163362145424
39,-22.367298126220703,18.986663818359375,62.327152252197266,-6.50893497467041,0.009942438453435898
39.0099983215332,-21.28162956237793,19.00124740600586,68.24889373779297,-6.533865928649902,0.010790171101689339
39.02000045776367,-19.599668502807617,18.856958389282227,70.82650756835938,-6.553064823150635,0.011412985622882843
39.029998779296875,-17.592741012573242,18.661718368530273,71.77780151367188,-6.5772271156311035,0.010240046307444572
39.040000915527344,-16.029264450073242,18.605323791503906,76.33155822753906,-6.5940775871276855,0.011639206670224667
39.04999923706055,-13.77519702911377,18.85540199279785,77.1132583618164,-6.611261367797852,0.01118698250502348
39.060001373291016,-11.145684242248535,18.758365631103516,79.03424072265625,-6.628757953643799,0.010989011265337467
39.06999969482422,-8.00144100189209,18.98160743713379,80.38398742675781,-6.643003463745117,0.012687083333730698
39.08000183105469,-4.545202732086182,19.453693389892578,81.82369232177734,-6.656994819641113,0.011808275245130062
39.09000015258789,-0.9291113018989563,19.84092903137207,84.3344497680664,-6.670530796051025,0.013635974377393723
39.099998474121094,4.330381393432617,19.924287796020508,84.52987670898438,-6.680729866027832,0.014553572982549667
39.11000061035156,8.705657958984375,20.147789001464844,85.2181167602539,-6.690706253051758,0.015501920133829117
39.119998931884766,13.269415855407715,20.546045303344727,86.34721374511719,-6.69860315322876,0.015698587521910667
39.130001068115234,18.388687133789062,20.816476821899414,86.36878967285156,-6.7042694091796875,0.01654892787337303
39.13999938964844,24.17144012451172,20.673870086669922,83.94131469726562,-6.7152204513549805,0.0180209968239069
39.150001525878906,30.633102416992188,20.757230758666992,82.57333374023438,-6.716920375823975,0.01874040625989437
39.15999984741211,36.07488250732422,20.982027053833008,78.22108459472656,-6.7212677001953125,0.02011479251086712
39.16999816894531,41.514793395996094,21.382226943969727,74.97786712646484,-6.726158142089844,0.021684978157281876
39.18000030517578,47.02189636230469,21.647472381591797,71.03834533691406,-6.727963447570801,0.02155230939388275
39.189998626708984,52.4160041809082,21.524185180664062,63.4614143371582,-6.725610733032227,0.022306380793452263
39.20000076293945,57.67549514770508,21.774261474609375,52.908416748046875,-6.722560882568359,0.02377909980714321
39.209999084472656,61.262489318847656,22.167072296142578,46.036293029785156,-6.719825744628906,0.023219088092446327
39.220001220703125,63.837432861328125,22.431798934936523,36.336421966552734,-6.714466094970703,0.023450741544365883
39.22999954223633,65.72482299804688,22.568504333496094,24.485801696777344,-6.708442211151123,0.02269536815583706
39.2400016784668,67.05926513671875,22.69853401184082,12.935311317443848,-6.696572780609131,0.020795846357941628
39.25,67.05926513671875,23.198686599731445,2.773164987564087,-6.689748287200928,0.02126111276447773
39.2599983215332,65.50140380859375,22.978687286376953,-8.908470153808594,-6.6818156242370605,0.018895240500569344
39.27000045776367,62.30995178222656,22.799264907836914,-21.190515518188477,-6.668558597564697,0.018315019086003304
39.279998779296875,58.03154373168945,22.715904235839844,-31.541400909423828,-6.653988361358643,0.016181020066142082
39.290000915527344,53.15719223022461,22.652511596679688,-38.58372497558594,-6.64276647567749,0.015698587521910667
39.29999923706055,46.69552993774414,22.735870361328125,-48.550445556640625,-6.631000518798828,0.013563500717282295
39.310001373291016,40.23386764526367,22.310585021972656,-56.13223648071289,-6.615085601806641,0.012227904051542282
39.31999969482422,32.64762496948242,21.966388702392578,-62.99736785888672,-6.596357822418213,0.011608349159359932
39.33000183105469,24.552026748657227,21.74761962890625,-68.10047912597656,-6.579102516174316,0.009375580586493015
39.34000015258789,16.7762508392334,21.57027244567871,-70.6160888671875,-6.562736988067627,0.009323317557573318
39.349998474121094,9.262689590454102,21.320194244384766,-72.9612045288086,-6.544101238250732,0.007708910387009382
39.36000061035156,1.749128818511963,20.41031265258789,-72.90011596679688,-6.526661396026611,0.007326007355004549
39.369998931884766,-4.625830173492432,19.98897933959961,-72.87944793701172,-6.506633758544922,0.007326007355004549
39.380001068115234,-10.278528213500977,19.937576293945312,-72.25077056884766,-6.4806365966796875,0.006042347755283117
39.38999938964844,-15.818230628967285,19.937576293945312,-70.19074249267578,-6.456839084625244,0.0070401341654360294
39.400001525878906,-21.227994918823242,19.937576293945312,-67.45478057861328,-6.438405513763428,0.006469800136983395
39.40999984741211,-26.237775802612305,20.011537551879883,-63.67847442626953,-6.41439962387085,0.006279435008764267
39.41999816894531,-31.004621505737305,19.8284854888916,-60.01978302001953,-6.387698173522949,0.007136077154427767
39.43000030517578,-35.25159454345703,19.49504852294922,-55.66130065917969,-6.358918190002441,0.005612288136035204
39.439998626708984,-38.7505989074707,19.173540115356445,-50.02191162109375,-6.330850124359131,0.006089939270168543
39.45000076293945,-41.60575485229492,18.923463821411133,-44.54998779296875,-6.298217296600342,0.007136729080229998
39.459999084472656,-43.78842544555664,18.822603225708008,-43.27592086791992,-6.265922546386719,0.006039740052074194
39.470001220703125,-45.69778060913086,18.46959114074707,-38.8276252746582,-6.238609313964844,0.005327284336090088
39.47999954223633,-47.800758361816406,18.202207565307617,-33.859764099121094,-6.206242084503174,0.005232862196862698
39.4900016784668,-50.10601043701172,18.285566329956055,-30.740550994873047,-6.168181896209717,0.005661943927407265
39.5,-51.00763702392578,18.368925094604492,-25.46405029296875,-6.135235786437988,0.005756148602813482
39.5099983215332,-51.909263610839844,17.92548942565918,-20.893272399902344,-6.0935959815979,0.006185447797179222
39.52000045776367,-52.614112854003906,17.86196517944336,-16.782339096069336,-6.05959939956665,0.005420619621872902
39.529998779296875,-53.2151985168457,17.994783401489258,-13.11225414276123,-6.024521827697754,0.005232862196862698
39.540000915527344,-53.8162841796875,17.972354888916016,-9.728013038635254,-5.9874186515808105,0.00480323750525713
39.54999923706055,-54.41736602783203,17.388843536376953,-6.014921188354492,-5.948235988616943,0.0047095762565732
39.560001373291016,-53.51328659057617,17.33666229248047,-1.4120792150497437,-5.9069743156433105,0.0047095762565732
39.56999969482422,-53.257850646972656,17.447114944458008,2.5013012886047363,-5.8685736656188965,0.0038496742490679026
39.58000183105469,-53.470401763916016,17.406538009643555,4.885010719299316,-5.828639507293701,0.003232944058254361
39.59000015258789,-53.42085647583008,17.100845336914062,6.154519081115723,-5.785059452056885,0.0022793810348957777
39.599998474121094,-51.61760330200195,16.934127807617188,9.867610931396484,-5.742136478424072,0.0029536988586187363
39.61000061035156,-51.60837173461914,17.073619842529297,11.427066802978516,-5.69968843460083,0.0027093319222331047
39.619998931884766,-50.751380920410156,17.184463500976562,12.664055824279785,-5.653936386108398,0.0021859370172023773
39.630001068115234,-49.84309387207031,17.30301856994629,14.661775588989258,-5.610731601715088,0.00166254211217165
39.63999938964844,-49.490203857421875,17.440698623657227,17.992828369140625,-5.566535949707031,0.0011391472071409225
39.650001525878906,-48.88911819458008,17.440698623657227,22.292198181152344,-5.522340297698975,0.0006157523021101952
39.65999984741211,-48.148860931396484,17.209095001220703,22.609804153442383,-5.473790645599365,0.0005232862313278019
39.66999816894531,-46.888031005859375,17.411205291748047,23.40488052368164,-5.429041385650635,-0.00033878872636705637
39.68000030517578,-45.96689224243164,17.648771286010742,25.501834869384766,-5.380340576171875,-0.00009214010060532019
39.689998626708984,-45.70724868774414,17.648771286010742,28.361799240112305,-5.335322856903076,0
39.70000076293945,-44.95589065551758,17.648771286010742,29.14350128173828,-5.2894062995910645,0.0004313634417485446
39.709999084472656,-43.50284194946289,17.415224075317383,30.472732543945312,-5.239952087402344,-0.0007711300859227777
39.720001220703125,-43.33995056152344,17.39383316040039,32.10877990722656,-5.188957691192627,0.00024816978839226067
39.72999954223633,-43.19867706298828,17.440698623657227,32.92649841308594,-5.137962818145752,-0.00034009257797151804
39.7400016784668,-42.26853942871094,17.40906524658203,32.758121490478516,-5.087306022644043,-0.0005232862313278019
39.75,-41.21664047241211,17.242347717285156,33.539825439453125,-5.037444591522217,0.0007724339375272393
39.7599983215332,-41.0137825012207,17.15412712097168,35.24167251586914,-4.988790035247803,0.0010465724626556039
39.77000045776367,-40.759281158447266,17.070768356323242,36.18719482421875,-4.947651386260986,0.0010465724626556039
39.779998779296875,-40.190914154052734,17.098834991455078,37.64422607421875,-4.9000563621521,0.0014788052067160606
39.790000915527344,-39.34864807128906,17.249088287353516,39.52857971191406,-4.849172115325928,0.0007051760330796242
39.79999923706055,-38.747562408447266,17.332448959350586,38.74687576293945,-4.790154933929443,0.0005232862313278019
39.810001373291016,-38.289154052734375,17.415807723999023,38.892913818359375,-4.733730316162109,0.002253520768135786
39.81999969482422,-37.627540588378906,17.440698623657227,40.45905685424805,-4.678203105926514,0.003481765743345022
39.83000183105469,-37.42117691040039,17.402908325195312,41.368408203125,-4.625560760498047,0.0027974515687674284
39.84000015258789,-37.501808166503906,17.2510986328125,41.263553619384766,-4.571427822113037,0.002616431098431349
39.849998474121094,-36.14936828613281,16.834304809570312,43.02238845825195,-4.514233112335205,0.004781397525221109
39.86000061035156,-35.803836822509766,17.2154483795166,43.6588134765625,-4.456439018249512,0.003933556377887726
39.869998931884766,-35.396724700927734,17.33666229248047,45.35382080078125,-4.398644924163818,0.005395845975726843
39.880001068115234,-34.9459114074707,17.14447021484375,46.33201599121094,-4.341103553771973,0.005756148602813482
39.88999938964844,-34.367027282714844,16.905282974243164,46.482460021972656,-4.283966064453125,0.005322720389813185
39.900001525878906,-33.315128326416016,17.32207679748535,48.632144927978516,-4.223905563354492,0.006533471867442131
39.90999984741211,-33.85837173461914,17.2562198638916,49.46171569824219,-4.163845539093018,0.007236366160213947
39.91999816894531,-33.27434539794922,17.352153778076172,50.803863525390625,-4.104889392852783,0.007326007355004549
39.93000030517578,-32.292911529541016,17.32343864440918,52.000732421875,-4.047983169555664,0.006458282470703125
39.939998626708984,-31.557212829589844,17.146997451782227,52.65296173095703,-3.9885716438293457,0.007581348530948162
39.95000076293945,-31.40694236755371,17.230356216430664,52.848388671875,-3.9252188205718994,0.008283372968435287
39.959999084472656,-31.40285301208496,17.394805908203125,55.13499450683594,-3.8613545894622803,0.007504202891141176
39.970001220703125,-31.076135635375977,17.62193489074707,56.06379699707031,-3.798530101776123,0.00819460116326809
39.97999954223633,-30.338802337646484,17.633604049682617,56.73411178588867,-3.7345778942108154,0.007503768429160118
39.9900016784668,-29.458675384521484,17.440698623657227,57.57720947265625,-3.6692991256713867,0.008195036090910435
40,-29.158132553100586,17.440698623657227,57.96805953979492,-3.6039974689483643,0.008372579701244831
40.0099983215332,-29.15229034423828,17.522436141967773,58.35891342163086,-3.53791880607605,0.008807310834527016
40.02000045776367,-28.16162109375,17.4226131439209,60.18126678466797,-3.4739584922790527,0.008461025543510914
40.029998779296875,-27.100374221801758,17.538576126098633,61.20094680786133,-3.4065887928009033,0.007937630638480186
40.040000915527344,-26.52663230895996,17.837139129638672,60.81009292602539,-3.331796169281006,0.008284350857138634
40.04999923706055,-26.52663230895996,17.753780364990234,60.41924285888672,-3.261453151702881,0.008807745762169361
40.060001373291016,-24.89293098449707,17.999967575073242,61.57356262207031,-3.1922123432159424,0.009331141598522663
40.06999969482422,-24.4636173248291,17.941499710083008,62.16743850708008,-3.1230859756469727,0.00854838453233242
40.08000183105469,-24.167749404907227,17.815813064575195,62.84687042236328,-3.051466941833496,0.007501595187932253
40.09000015258789,-23.56666374206543,17.773160934448242,64.25344848632812,-2.9841015338897705,0.008632809855043888
40.099998474121094,-22.965578079223633,17.85651969909668,66.98941040039062,-2.9124302864074707,0.008024446666240692
40.11000061035156,-21.915433883666992,18.02291488647461,65.8320541381836,-2.839219093322754,0.008720929734408855
40.119998931884766,-20.9759464263916,18.064918518066406,67.14471435546875,-2.766901731491089,0.008895865641534328
40.130001068115234,-19.999183654785156,18.148277282714844,68.21955871582031,-2.691291332244873,0.007151723373681307
40.13999938964844,-19.136585235595703,18.335996627807617,68.85963439941406,-2.618765354156494,0.008111153729259968
40.150001525878906,-18.83487319946289,18.58445167541504,71.39561462402344,-2.5464141368865967,0.008372579701244831
40.15999984741211,-18.233787536621094,18.417734146118164,72.76359558105469,-2.4755866527557373,0.008372579701244831
40.16999816894531,-17.40554428100586,18.37702751159668,72.06365203857422,-2.4121267795562744,0.008809049613773823
40.18000030517578,-16.58022117614746,18.29237174987793,71.98568725585938,-2.340824842453003,0.008459286764264107
40.189998626708984,-15.867894172668457,18.233903884887695,72.59992980957031,-2.2684056758880615,0.009245955385267735
40.20000076293945,-15.26330280303955,18.481063842773438,71.67522430419922,-2.196812629699707,0.0094191525131464
40.209999084472656,-14.361676216125488,18.481063842773438,75.19288635253906,-2.121225357055664,0.008982246741652489
40.220001220703125,-13.574796676635742,18.54471778869629,76.62135314941406,-2.0501275062561035,0.008895865641534328
40.22999954223633,-12.90091323852539,18.585100173950195,75.99252319335938,-1.9769237041473389,0.008458743803203106
40.2400016784668,-12.29982852935791,18.607398986816406,75.08378601074219,-1.9020951986312866,0.009247041307389736
40.25,-11.704586029052734,18.687517166137695,76.99624633789062,-1.8295693397521973,0.0094191525131464
40.2599983215332,-11.404043197631836,18.604158401489258,76.80082702636719,-1.7555632591247559,0.0094191525131464
40.27000045776367,-10.987584114074707,18.778005599975586,77.20838928222656,-1.6776758432388306,0.009856709279119968
40.279998779296875,-10.458128929138184,18.722715377807617,76.5674057006836,-1.5977647304534912,0.008629442192614079
40.290000915527344,-9.898409843444824,18.549903869628906,75.13134765625,-1.5210607051849365,0.008810353465378284
40.29999923706055,-9.45577621459961,18.79090690612793,74.59825897216797,-1.4485348463058472,0.008457982912659645
40.310001373291016,-9.30550479888916,18.707548141479492,75.96623992919922,-1.3748807907104492,0.00881057046353817
40.31999969482422,-8.686891555786133,18.754087448120117,76.26834106445312,-1.296049952507019,0.008019666187465191
40.33000183105469,-8.33458423614502,18.97026252746582,76.99488067626953,-1.2139029502868652,0.008287502452731133
40.34000015258789,-8.164448738098145,19.25650978088379,78.03097534179688,-1.133718490600586,0.007934262976050377
40.349998474121094,-7.568621635437012,19.417394638061523,78.23323822021484,-1.0604174137115479,0.008726145140826702
40.36000061035156,-7.1178083419799805,19.417394638061523,78.62409210205078,-0.9855431914329529,0.008895865641534328
40.369998931884766,-7.021756172180176,19.351795196533203,77.16948699951172,-0.9062202572822571,0.008895865641534328
40.380001068115234,-6.9407782554626465,19.4031982421875,76.37364959716797,-0.8257618546485901,0.007579609751701355
40.38999938964844,-6.834209442138672,19.594160079956055,77.0805892944336,-0.746059238910675,0.007326007355004549
40.400001525878906,-6.802075386047363,19.808584213256836,78.91783905029297,-0.668151319026947,0.007764976937323809
40.40999984741211,-6.050719261169434,19.22507095336914,78.13613891601562,-0.5918540358543396,0.006971137598156929
40.41999816894531,-5.777052402496338,19.370269775390625,77.35443115234375,-0.5190383791923523,0.007241907995194197
40.43000030517578,-5.708928108215332,19.384723663330078,76.14540100097656,-0.4431184232234955,0.007326007355004549
40.439998626708984,-5.708928108215332,19.25910186767578,75.51566314697266,-0.36945927143096924,0.007326007355004549
40.45000076293945,-5.6709513664245605,19.41318130493164,77.03955841064453,-0.2968423664569855,0.006886494345963001
40.459999084472656,-4.919595241546631,19.32982063293457,77.8212661743164,-0.22052261233329773,0.007681963965296745
40.470001220703125,-5.012375354766846,19.246461868286133,76.25056457519531,-0.14175444841384888,0.0074095637537539005
40.47999954223633,-5.229602813720703,19.163103103637695,75.83448791503906,-0.06547289341688156,0.007326007355004549
40.4900016784668,-5.333834171295166,19.25851821899414,76.75173950195312,0.00798517931252718,0.006886059883981943
40.5,-5.3513617515563965,19.714920043945312,77.51065063476562,0.0833778977394104,0.0076828328892588615
40.5099983215332,-5.651904582977295,19.46484375,77.90150451660156,0.16396783292293549,0.008289458230137825
40.52000045776367,-5.952446937561035,19.48493766784668,76.39219665527344,0.24744011461734772,0.008372579701244831
40.529998779296875,-5.999537944793701,19.474565505981445,75.53663635253906,0.32812073826789856,0.007051433902233839
40.540000915527344,-5.84926700592041,19.391206741333008,75.29106140136719,0.4031113386154175,0.007683702278882265
40.54999923706055,-5.748657703399658,19.302337646484375,74.67727661132812,0.47903692722320557,0.007849293760955334
40.560001373291016,-6.349742412567139,19.1356201171875,76.43611145019531,0.5549945831298828,0.006527170073240995
40.56999969482422,-6.950827121734619,19.378047943115234,75.47721862792969,0.6343198418617249,0.007161067798733711
40.58000183105469,-7.123650550842285,19.52143096923828,75.25048828125,0.7104945778846741,0.006444157101213932
40.59000015258789,-7.021756172180176,19.41408920288086,75.65471649169922,0.7864202260971069,0.0076025365851819515
40.599998474121094,-7.05505895614624,19.11144256591797,75.2782974243164,0.8640709519386292,0.006967008579522371
40.61000061035156,-7.50587272644043,19.194799423217773,75.08287048339844,0.9384188652038574,0.006802720949053764
40.619998931884766,-7.956686019897461,19.07164192199707,76.01714324951172,1.0149949789047241,0.007244080770760775
40.630001068115234,-8.3206787109375,18.953086853027344,75.72187805175781,1.0925763845443726,0.006443070713430643
40.63999938964844,-8.670766830444336,18.814760208129883,74.16059875488281,1.1675270795822144,0.006279435008764267
40.650001525878906,-9.1583890914917,18.61232566833496,72.54142761230469,1.2392176389694214,0.006721120327711105
40.65999984741211,-10.060015678405762,18.94576072692871,74.69110870361328,1.308410406112671,0.006802720949053764
40.66999816894531,-10.335318565368652,18.862272262573242,75.53755187988281,1.3809362649917603,0.005918914917856455
40.68000030517578,-10.661568641662598,18.54912567138672,75.7805404663086,1.4542487859725952,0.0066401720978319645
40.689998626708984,-11.264522552490234,18.35738754272461,75.51673126220703,1.5346699953079224,0.007686961907893419
40.70000076293945,-12.058647155761719,18.56273651123047,74.54278564453125,1.61286199092865,0.006080377381294966
40.709999084472656,-11.758103370666504,18.312660217285156,71.61140441894531,1.6857637166976929,0.006640824023634195
40.720001220703125,-12.469029426574707,18.34312629699707,72.13294219970703,1.7563611268997192,0.00768761383369565
40.72999954223633,-13.192340850830078,18.37702751159668,74.00119018554688,1.8327140808105469,0.005636518355458975
40.7400016784668,-13.793426513671875,18.319467544555664,74.72696685791016,1.9054690599441528,0.007446180563420057
40.75,-14.409117698669434,18.18515968322754,72.53382110595703,1.9729968309402466,0.006963748950511217
40.7599983215332,-15.160473823547363,18.351877212524414,71.75212097167969,2.0410799980163574,0.007245602086186409
40.77000045776367,-15.401421546936035,18.589380264282227,71.30230712890625,2.11183500289917,0.007326007355004549
40.779998779296875,-15.822671890258789,18.48871421813965,70.08917999267578,2.183629274368286,0.006882908754050732
40.790000915527344,-16.63595962524414,18.272991180419922,69.36521911621094,2.255847454071045,0.006802720949053764
40.79999923706055,-17.775028228759766,18.272991180419922,70.25055694580078,2.326169729232788,0.005916089750826359
40.810001373291016,-18.376113891601562,18.272991180419922,68.6871566772461,2.3924977779388428,0.006199573166668415
40.81999969482422,-18.97719955444336,18.272991180419922,69.1333236694336,2.4639170169830322,0.006722967606037855
40.83000183105469,-19.395294189453125,18.42525291442871,67.89222717285156,2.536442756652832,0.006802720949053764
40.84000015258789,-20.07537078857422,18.524946212768555,66.33885192871094,2.595111608505249,0.0063589708879590034
40.849998474121094,-21.309207916259766,18.311235427856445,66.35800170898438,2.6548497676849365,0.005835575982928276
40.86000061035156,-21.60974884033203,17.72772216796875,64.9900131225586,2.7193024158477783,0.006200116127729416
40.869998931884766,-22.4300479888916,17.648771286010742,62.270164489746094,2.7936596870422363,0.005835358519107103
40.880001068115234,-23.053686141967773,17.70017433166504,61.507911682128906,2.867015838623047,0.006644518114626408
40.88999938964844,-23.61527442932129,17.814258575439453,62.31028366088867,2.9307076930999756,0.006802720949053764
40.900001525878906,-24.36663055419922,17.991024017333984,63.03530502319336,2.991018295288086,0.007691525388509035
40.90999984741211,-25.11798667907715,18.241100311279297,60.49476623535156,3.0569353103637695,0.007849293760955334
40.91999816894531,-26.000450134277344,17.763893127441406,60.00027847290039,3.1237218379974365,0.007849293760955334
40.93000030517578,-27.08974266052246,17.804988861083984,60.29296112060547,3.1821818351745605,0.006515109445899725
40.939998626708984,-28.122243881225586,18.096290588378906,60.58503341674805,3.2429909706115723,0.008058781735599041
40.95000076293945,-28.700075149536133,18.147563934326172,60.06364822387695,3.300956964492798,0.0070377434603869915
40.959999084472656,-28.098989486694336,17.980846405029297,57.32768249511719,3.364417314529419,0.008582936599850655
40.970001220703125,-29.217493057250977,17.44724464416504,57.00004959106445,3.4268035888671875,0.008895865641534328
40.97999954223633,-29.429929733276367,17.1799259185791,55.27039337158203,3.4861903190612793,0.00756005197763443
40.9900016784668,-29.61408805847168,17.25667381286621,53.660484313964844,3.5433449745178223,0.008216767571866512
41,-30.734460830688477,17.56742286682129,53.66975784301758,3.603968620300293,0.007481602486222982
41.0099983215332,-31.335546493530273,17.73413848876953,52.49720001220703,3.6635005474090576,0.007326007355004549
41.02000045776367,-31.269407272338867,17.826831817626953,53.92778778076172,3.7206897735595703,0.008663125336170197
41.029998779296875,-31.984655380249023,17.856843948364258,53.81062698364258,3.7763283252716064,0.008895865641534328
41.040000915527344,-32.53900146484375,17.726165771484375,51.25945281982422,3.833644390106201,0.00978771224617958
41.04999923706055,-32.261131286621094,17.46468162536621,47.41263198852539,3.8917641639709473,0.009496406652033329
41.060001373291016,-33.01248550415039,17.631399154663086,48.58518600463867,3.939589023590088,0.0098652932792902
41.06999969482422,-33.49461364746094,17.648771286010742,48.53230285644531,3.9889979362487793,0.009942438453435898
41.08000183105469,-34.14010238647461,17.594776153564453,49.09639358520508,4.043265342712402,0.009496080689132214
41.09000015258789,-34.77133560180664,17.444782257080078,47.96456527709961,4.094260215759277,0.009865619242191315
41.099998474121094,-35.24493408203125,17.21998405456543,44.43565368652344,4.143091678619385,0.009942438453435898
41.11000061035156,-35.84601974487305,17.136625289916992,45.21735763549805,4.197747707366943,0.010835806839168072
41.119998931884766,-36.447105407714844,17.50519371032715,45.999061584472656,4.239862442016602,0.012776181101799011
41.130001068115234,-36.949684143066406,17.53948402404785,45.11539077758789,4.283994674682617,0.010847649537026882
41.13999938964844,-37.155574798583984,17.508630752563477,44.31210708618164,4.329750061035156,0.01225376408547163
41.150001525878906,-37.14903259277344,17.595619201660156,44.71147155761719,4.3744659423828125,0.013005988672375679
41.15999984741211,-37.900390625,17.262182235717773,44.12519073486328,4.419180393218994,0.013529382646083832
41.16999816894531,-38.10394287109375,17.384563446044922,43.89511489868164,4.464934349060059,0.014500114135444164
41.18000030517578,-39.25096130371094,17.385406494140625,41.62568283081055,4.510070323944092,0.014204570092260838
41.189998626708984,-39.967960357666016,17.37127685546875,39.114933013916016,4.551999092102051,0.014576281420886517
41.20000076293945,-39.66835403442383,17.454635620117188,38.40039825439453,4.593928337097168,0.015547338873147964
41.209999084472656,-40.870521545410156,17.537994384765625,40.94093322753906,4.635857105255127,0.016146358102560043
41.220001220703125,-41.38209915161133,17.238264083862305,39.17055130004883,4.677786350250244,0.016669752076268196
41.22999954223633,-42.43797302246094,17.240468978881836,35.709415435791016,4.709908962249756,0.015401195734739304
41.2400016784668,-43.28187561035156,17.266138076782227,33.754852294921875,4.745622158050537,0.016519589349627495
41.25,-43.4847297668457,17.157756805419922,34.2874870300293,4.777374744415283,0.016296954825520515
41.2599983215332,-43.935543060302734,17.32447624206543,32.724082946777344,4.816054821014404,0.01711850054562092
41.27000045776367,-44.6649284362793,17.259395599365234,33.153228759765625,4.8544111251831055,0.01592317968606949
41.279998779296875,-45.41628646850586,17.289213180541992,32.54552459716797,4.8900532722473145,0.015698587521910667
41.290000915527344,-46.23237991333008,17.19301986694336,30.4468994140625,4.923075199127197,0.016147226095199585
41.29999923706055,-47.24384689331055,16.920515060424805,27.66033363342285,4.954538345336914,0.013978131115436554
41.310001373291016,-48.746559143066406,16.920515060424805,27.269479751586914,4.987740993499756,0.014503155834972858
41.31999969482422,-48.70425796508789,16.920515060424805,27.426612854003906,5.019280910491943,0.014652014710009098
41.33000183105469,-49.173065185546875,16.863279342651367,26.816932678222656,5.043464183807373,0.013753865845501423
41.34000015258789,-49.7926139831543,16.853036880493164,22.840030670166016,5.076821804046631,0.013605441898107529
41.349998474121094,-50.329315185546875,16.87287139892578,16.996248245239258,5.098352432250977,0.013605441898107529
41.36000061035156,-51.23093795776367,16.6227970123291,19.536787033081055,5.1132988929748535,0.012706642039120197
41.369998931884766,-51.566070556640625,16.76552963256836,17.841169357299805,5.131042003631592,0.013457887805998325
41.380001068115234,-51.866615295410156,16.990131378173828,16.022613525390625,5.15281343460083,0.012256588786840439
41.38999938964844,-51.965938568115234,17.203001022338867,13.653189659118652,5.177110195159912,0.011585856787860394
41.400001525878906,-52.1136360168457,17.270545959472656,10.526375770568848,5.204930305480957,0.01106246281415224
41.40999984741211,-53.46607971191406,16.937108993530273,7.399561405181885,5.228107452392578,0.011438954621553421
41.41999816894531,-53.53338623046875,16.841304779052734,7.243950366973877,5.245704174041748,0.01106224488466978
41.43000030517578,-53.216835021972656,16.992076873779297,4.225030899047852,5.262702465057373,0.010989011265337467
41.439998626708984,-53.311954498291016,17.24215316772461,-0.07433880865573883,5.281784534454346,0.011439280584454536
41.45000076293945,-53.75365447998047,17.37198829650879,-3.850191831588745,5.303807258605957,0.010161162354052067
41.459999084472656,-53.002296447753906,17.03855323791504,-5.609025001525879,5.3201518058776855,0.010843412019312382
41.470001220703125,-52.682823181152344,16.944692611694336,-10.176155090332031,5.339086532592773,0.010087819769978523
41.47999954223633,-52.275596618652344,17.15723991394043,-14.172659873962402,5.35268497467041,0.010393142700195312
41.4900016784668,-52.03301239013672,17.33666229248047,-17.885751724243164,5.37512731552124,0.010465724393725395
41.5,-51.77593994140625,17.354488372802734,-21.933164596557617,5.389698028564453,0.009563881903886795
41.5099983215332,-50.57376480102539,17.437847137451172,-27.20966339111328,5.396871566772461,0.010321212001144886
41.52000045776367,-49.081336975097656,17.440698623657227,-27.578937530517578,5.407482147216797,0.01001458615064621
41.529998779296875,-47.68648147583008,17.68001365661621,-32.96409225463867,5.419947624206543,0.009039943106472492
41.540000915527344,-45.91056823730469,17.62193489074707,-37.17774963378906,5.431776523590088,0.00979857798665762
41.54999923706055,-43.68980407714844,17.28804588317871,-38.45698547363281,5.438223838806152,0.009490974247455597
41.560001373291016,-41.58600616455078,17.538124084472656,-42.17007827758789,5.442500114440918,0.008516005240380764
41.56999969482422,-39.62850570678711,18.11281967163086,-45.50265121459961,5.4512104988098145,0.008372579701244831
41.58000183105469,-36.475730895996094,18.51490020751953,-49.67558670043945,5.459143161773682,0.008372579701244831
41.59000015258789,-32.65398406982422,18.649337768554688,-53.890464782714844,5.465734004974365,0.009728278033435345
41.599998474121094,-28.665603637695312,18.62334442138672,-57.35068893432617,5.465118408203125,0.009038422256708145
41.61000061035156,-24.90882110595703,18.790063858032227,-59.3049430847168,5.471917629241943,0.009347982704639435
41.619998931884766,-20.119773864746094,18.71137237548828,-66.05367279052734,5.466470241546631,0.00806247629225254
41.630001068115234,-15.531476974487305,19.11701774597168,-66.58828735351562,5.470999717712402,0.007849293760955334
41.63999938964844,-10.95042610168457,19.619632720947266,-67.01043701171875,5.473888397216797,0.007849293760955334
41.650001525878906,-6.220738410949707,20.155048370361328,-68.86576843261719,5.471994876861572,0.007849293760955334
41.65999984741211,-1.26178777217865,21.071996688842773,-67.88864135742188,5.465641975402832,0.007849293760955334
41.66999816894531,4.5889739990234375,20.917078018188477,-66.71821594238281,5.466087341308594,0.006038219202309847
41.68000030517578,10.672270774841309,20.8121337890625,-66.70423126220703,5.464626789093018,0.00439751660451293
41.689998626708984,16.833391189575195,21.0986385345459,-66.22797393798828,5.455798625946045,0.004639275837689638
41.70000076293945,22.847278594970703,21.683835983276367,-63.806884765625,5.449362277984619,0.003350292332470417
41.709999084472656,28.407312393188477,22.017271041870117,-58.13953399658203,5.442080020904541,0.0031397175043821335
41.720001220703125,34.117149353027344,22.018308639526367,-55.39445495605469,5.429965496063232,0.0026864055544137955
41.72999954223633,39.714927673339844,22.14315414428711,-50.170684814453125,5.41960334777832,0.001256169518455863
41.7400016784668,45.19971466064453,22.35161590576172,-43.32956314086914,5.407137870788574,0.0015001017600297928
41.75,50.15375518798828,22.53849220275879,-35.60917663574219,5.396914958953857,0.0006625829264521599
41.7599983215332,53.75746154785156,22.537324905395508,-27.609481811523438,5.38157844543457,0.00006953969568712637
41.77000045776367,56.76288604736328,22.287248611450195,-22.33298110961914,5.362912654876709,-0.0004538552020676434
41.779998779296875,59.540916442871094,22.541732788085938,-11.58562183380127,5.3478474617004395,-0.0018851778004318476
41.790000915527344,62.01653289794922,22.661779403686523,-1.7617485523223877,5.333502769470215,-0.0020931449253112078
41.79999923706055,63.68342208862305,22.53849220275879,6.334444999694824,5.316813945770264,-0.003455688478425145
41.810001373291016,63.67033386230469,22.53745460510254,16.843677520751953,5.29979944229126,-0.004117293283343315
41.81999969482422,62.61843490600586,22.4540958404541,23.879009246826172,5.281610488891602,-0.0037318915128707886
41.83000183105469,61.5665397644043,22.115863800048828,33.45381164550781,5.263047695159912,-0.004117510747164488
41.84000015258789,59.73874282836914,22.000354766845703,40.78425979614258,5.2494730949401855,-0.002367826644331217
41.849998474121094,57.305076599121094,22.09998321533203,45.59362030029297,5.230640411376953,-0.00254786922596395
41.86000061035156,55.17697525024414,22.014938354492188,51.300479888916016,5.203027248382568,-0.00216159806586802
41.869998931884766,51.871009826660156,21.848220825195312,58.922088623046875,5.183762550354004,-0.0011832613963633776
41.880001068115234,48.33297348022461,21.617136001586914,63.9783935546875,5.1667561531066895,-0.0028667740989476442
41.88999938964844,44.09640121459961,21.498126983642578,68.78987884521484,5.135262966156006,0.00004639599137590267
41.900001525878906,39.61957931518555,21.498126983642578,72.8795394897461,5.109931945800781,-0.00038724919431842864
41.90999984741211,36.01306915283203,21.488792419433594,73.87307739257812,5.090373516082764,0.001298219314776361
41.91999816894531,32.406558990478516,21.155357360839844,75.43649291992188,5.069980144500732,0.0020253437105566263
41.93000030517578,27.8624324798584,20.88693618774414,79.28620147705078,5.039865493774414,0.001181957544758916
41.939998626708984,23.85301971435547,20.503847122192383,82.22184753417969,5.006434917449951,0.0015022748848423362
41.95000076293945,20.291149139404297,20.263948440551758,84.2289810180664,4.974420070648193,0.0024814805947244167
41.959999084472656,16.11580467224121,20.650924682617188,87.18802642822266,4.940044403076172,0.003072350984439254
41.970001220703125,12.80983829498291,20.234130859375,85.62461853027344,4.904914855957031,0.004051773808896542
41.97999954223633,9.622241973876953,20.014324188232422,82.36787414550781,4.8701677322387695,0.003730152966454625
41.9900016784668,6.547641277313232,20.02754783630371,82.02960205078125,4.8366217613220215,0.004575495142489672
42,3.4983975887298584,20.07272720336914,83.82931518554688,4.795844554901123,0.0047095762565732
42.0099983215332,0.38196420669555664,19.833539962768555,83.85484313964844,4.760715007781982,0.0047095762565732
42.02000045776367,-1.8721040487289429,19.833539962768555,84.44112396240234,4.729758262634277,0.005166147369891405
42.029998779296875,-4.245711803436279,19.833539962768555,81.76275634765625,4.694413661956787,0.004776182118803263
42.040000915527344,-6.650051116943359,19.6510066986084,79.42190551757812,4.658150672912598,0.005166364833712578
42.04999923706055,-8.784462928771973,19.392438888549805,78.46346282958984,4.617316246032715,0.005232862196862698
42.060001373291016,-10.256326675415039,19.31763458251953,78.37319946289062,4.574922561645508,0.004775856155902147
42.06999969482422,-11.157954216003418,19.4009952545166,76.61436462402344,4.531844615936279,0.005166690796613693
42.08000183105469,-12.783827781677246,19.417394638061523,74.69854736328125,4.490052223205566,0.0043184151872992516
42.09000015258789,-14.670515060424805,19.278549194335938,75.02284240722656,4.4480414390563965,0.006015618797391653
42.099998474121094,-16.485572814941406,19.130887985229492,75.7319107055664,4.401071071624756,0.006279435008764267
42.11000061035156,-17.970521926879883,19.16498374938965,73.30686950683594,4.358743667602539,0.006279435008764267
42.119998931884766,-19.172691345214844,18.414752960205078,72.7205810546875,4.3146538734436035,0.006279435008764267
42.130001068115234,-20.740489959716797,18.340599060058594,69.91532897949219,4.2716145515441895,0.006737201474606991
42.13999938964844,-22.139671325683594,18.564746856689453,69.6737060546875,4.230819225311279,0.006802720949053764
42.150001525878906,-23.152542114257812,18.58315658569336,70.1001205444336,4.18266487121582,0.006802720949053764
42.15999984741211,-23.75362777709961,17.955307006835938,66.97390747070312,4.132021903991699,0.006802720949053764
42.16999816894531,-24.354711532592773,17.8719482421875,66.58306121826172,4.083617687225342,0.00771912420168519
42.18000030517578,-25.078842163085938,17.925100326538086,64.4320068359375,4.037562370300293,0.0064743636175990105
42.189998626708984,-25.48712158203125,18.10361671447754,63.34151077270508,3.9888534545898438,0.007654691115021706
42.20000076293945,-25.928354263305664,18.084688186645508,62.64779281616211,3.939605474472046,0.008307821117341518
42.209999084472656,-26.96903419494629,17.557180404663086,60.439754486083984,3.891033411026001,0.007913944311439991
42.220001220703125,-27.87066078186035,17.72389793395996,57.50836944580078,3.8399875164031982,0.008766782470047474
42.22999954223633,-28.151222229003906,17.68390464782715,55.2231330871582,3.7879302501678467,0.007060452364385128
42.2400016784668,-28.562305450439453,17.745223999023438,55.78691864013672,3.7387874126434326,0.0072616832330822945
42.25,-29.06406593322754,17.856843948364258,57.42326736450195,3.6877927780151367,0.008703218773007393
42.2599983215332,-29.376995086669922,17.81561851501465,57.034542083740234,3.636699914932251,0.007518327794969082
42.27000045776367,-29.827808380126953,17.31546401977539,54.4940071105957,3.5800387859344482,0.008703870698809624
42.279998779296875,-30.529386520385742,17.441282272338867,53.420989990234375,3.5233781337738037,0.007517676334828138
42.290000915527344,-30.752105712890625,17.3492374420166,51.60805892944336,3.475404739379883,0.00916402880102396
42.29999923706055,-31.262630462646484,17.29776954650879,50.389610290527344,3.4271998405456543,0.00895953830331564
42.310001373291016,-32.835453033447266,17.7528076171875,51.59893798828125,3.37613844871521,0.00935558881610632
42.31999969482422,-32.08409881591797,17.7528076171875,51.20808792114258,3.317854642868042,0.009878983721137047
42.33000183105469,-31.965492248535156,17.401805877685547,49.66519546508789,3.26142954826355,0.009022558107972145
42.34000015258789,-32.411865234375,17.3316707611084,49.763973236083984,3.208449363708496,0.009355914779007435
42.349998474121094,-33.007225036621094,17.267627716064453,49.30610275268555,3.1517136096954346,0.009879309684038162
42.36000061035156,-33.21942901611328,16.832813262939453,45.761390686035156,3.093095302581787,0.009021906182169914
42.369998931884766,-32.618343353271484,16.999530792236328,45.56595993041992,3.0365915298461914,0.009816614910960197
42.380001068115234,-33.03900909423828,17.024551391601562,47.695892333984375,2.9852328300476074,0.008560989052057266
42.38999938964844,-33.54964828491211,17.124893188476562,47.53116226196289,2.9308934211730957,0.010675539262592793
42.400001525878906,-34.15996551513672,17.2031307220459,45.64604949951172,2.878765344619751,0.01052831020206213
42.40999984741211,-34.95035171508789,17.11977195739746,44.25922393798828,2.821302652359009,0.010004915297031403
42.41999816894531,-34.80008316040039,17.036413192749023,46.0180549621582,2.766427993774414,0.010864274576306343
42.43000030517578,-35.423133850097656,16.953054428100586,44.75979232788086,2.713792562484741,0.010066958144307137
42.439998626708984,-35.44159698486328,17.276248931884766,43.23923873901367,2.657736301422119,0.010403573513031006
42.45000076293945,-35.534141540527344,17.52820587158203,41.87125778198242,2.604785203933716,0.010465724393725395
42.459999084472656,-36.551918029785156,17.21369743347168,40.63639831542969,2.5525312423706055,0.010927077382802963
42.470001220703125,-37.30327606201172,17.046979904174805,40.440975189208984,2.4976325035095215,0.01145047228783369
42.47999954223633,-36.884132385253906,17.31313133239746,40.75295639038086,2.4392313957214355,0.010127588175237179
42.4900016784668,-36.56138610839844,17.080427169799805,40.661170959472656,2.3770382404327393,0.011327473446726799
42.5,-36.9106559753418,16.835599899291992,40.12594985961914,2.317664861679077,0.010588723234832287
42.5099983215332,-37.94876480102539,17.14881134033203,39.55760192871094,2.2560834884643555,0.011389516294002533
42.52000045776367,-37.798492431640625,17.31553077697754,40.534732818603516,2.1917381286621094,0.011974301189184189
42.529998779296875,-38.04189682006836,17.045488357543945,40.65858459472656,2.1350772380828857,0.010649244301021099
42.540000915527344,-38.24848937988281,16.97262954711914,38.94807434082031,2.0762667655944824,0.011852389201521873
42.54999923706055,-38.39875793457031,17.118865966796875,38.6442985534668,2.018320322036743,0.011110923252999783
42.560001373291016,-38.45204162597656,17.33666229248047,41.62583541870117,1.9552024602890015,0.011451450176537037
42.56999969482422,-37.85095977783203,17.33666229248047,39.67157745361328,1.8969573974609375,0.01012465450912714
42.58000183105469,-38.441410064697266,17.55698585510254,37.02861785888672,1.8393304347991943,0.009017125703394413
42.59000015258789,-38.90741729736328,17.543243408203125,37.63252258300781,1.7779792547225952,0.010746926069259644
42.599998474121094,-39.32364273071289,17.4727840423584,38.969505310058594,1.7170801162719727,0.010526137426495552
42.61000061035156,-39.842464447021484,17.52191734313965,38.24949645996094,1.6571937799453735,0.010002742521464825
42.619998931884766,-39.842464447021484,17.355201721191406,36.686092376708984,1.5947076082229614,0.010868620127439499
42.630001068115234,-39.842464447021484,17.410751342773438,35.643768310546875,1.5351088047027588,0.010525811463594437
42.63999938964844,-40.0350341796875,17.494110107421875,35.54316711425781,1.4767663478851318,0.009539108723402023
42.650001525878906,-40.158546447753906,17.446531295776367,36.54795455932617,1.414526104927063,0.010345986112952232
42.65999984741211,-40.03001022338867,17.2687931060791,37.93690872192383,1.3544654846191406,0.010929250158369541
42.66999816894531,-40.03001022338867,17.518871307373047,35.98265075683594,1.2911567687988281,0.009598108939826488
42.68000030517578,-40.70365905761719,17.544734954833984,35.25489044189453,1.2316524982452393,0.0094191525131464
42.689998626708984,-41.747379302978516,17.49067497253418,34.795352935791016,1.1718300580978394,0.0094191525131464
42.70000076293945,-42.40793991088867,17.407316207885742,34.5610237121582,1.1141737699508667,0.009883112274110317
42.709999084472656,-42.395084381103516,17.387481689453125,34.7695198059082,1.0560976266860962,0.00901430007070303
42.720001220703125,-43.14644241333008,17.720916748046875,36.13750076293945,0.9965564608573914,0.009360043331980705
42.72999954223633,-42.674713134765625,17.602035522460938,34.14752960205078,0.9364959001541138,0.008954865857958794
42.7400016784668,-42.3694953918457,17.654151916503906,32.571964263916016,0.8760090470314026,0.009824655950069427
42.75,-42.3419189453125,17.78683853149414,32.35678482055664,0.8148153424263,0.009013431146740913
42.7599983215332,-42.56440734863281,17.81678581237793,33.0910758972168,0.7540991902351379,0.00936047825962305
42.77000045776367,-43.165489196777344,17.566709518432617,31.527667999267578,0.6940118670463562,0.008954430930316448
42.779998779296875,-42.5329704284668,17.696802139282227,31.568546295166016,0.6262236833572388,0.008895865641534328
42.790000915527344,-42.97911071777344,17.476024627685547,31.763973236083984,0.562763512134552,0.007965990342199802
42.79999923706055,-43.46836853027344,17.301982879638672,31.796796798706055,0.5003939867019653,0.007384246680885553
42.810001373291016,-43.16782760620117,17.482702255249023,31.962438583374023,0.44504523277282715,0.008721473626792431
42.81999969482422,-42.86728286743164,17.732778549194336,33.91669464111328,0.38794147968292236,0.007965338416397572
42.83000183105469,-42.84321212768555,17.829490661621094,32.63502883911133,0.3285287320613861,0.0069185481406748295
42.84000015258789,-43.04513168334961,17.744834899902344,33.69756317138672,0.26989930868148804,0.007733684033155441
42.849998474121094,-43.02725601196289,17.507463455200195,33.88934326171875,0.20899634063243866,0.008314883336424828
42.86000061035156,-42.65566635131836,17.217975616455078,31.908946990966797,0.1487041860818863,0.007441182620823383
42.869998931884766,-42.65566635131836,17.13461685180664,33.472354888916016,0.08770104497671127,0.007326007355004549
42.880001068115234,-43.21328353881836,17.360580444335938,34.854469299316406,0.023452946916222572,0.007791923359036446
42.88999938964844,-43.610111236572266,17.327392578125,34.894283294677734,-0.03306139260530472,0.007849293760955334
42.900001525878906,-43.780948638916016,16.980796813964844,33.97064208984375,-0.09312191605567932,0.007383160293102264
42.90999984741211,-43.780948638916016,16.550260543823242,32.746116638183594,-0.15365539491176605,0.007792249321937561
42.91999816894531,-43.780948638916016,16.800338745117188,32.15983581542969,-0.22278165817260742,0.007382942829281092
42.93000030517578,-43.780948638916016,17.20637321472168,32.85325241088867,-0.2798237204551697,0.006859547924250364
42.939998626708984,-43.98754119873047,17.050155639648438,32.69459915161133,-0.3364846110343933,0.006336153484880924
42.95000076293945,-43.82593536376953,16.85310173034668,33.482078552246094,-0.39770054817199707,0.006746111437678337
42.959999084472656,-43.24705123901367,16.936460494995117,35.2001838684082,-0.45430687069892883,0.0072695063427090645
42.970001220703125,-43.39732360839844,17.019819259643555,33.44135284423828,-0.5079778432846069,0.006859113462269306
42.97999954223633,-43.689334869384766,16.867298126220703,32.604183197021484,-0.5675358176231384,0.006802720949053764
42.9900016784668,-43.676483154296875,16.758529663085938,33.45275115966797,-0.6289138197898865,0.006802720949053764
43,-43.52621078491211,16.5633544921875,34.404502868652344,-0.6867079138755798,0.006802720949053764
43.0099983215332,-43.46568298339844,16.395858764648438,34.5610237121582,-0.7448503375053406,0.006335392594337463
43.02000045776367,-43.7662239074707,16.896013259887695,34.5610237121582,-0.8040322065353394,0.006279435008764267
43.029998779296875,-43.638038635253906,16.920515060424805,33.0742073059082,-0.8624848127365112,0.005344342906028032
43.040000915527344,-43.59339904785156,17.0963077545166,32.88455581665039,-0.9114812016487122,0.004765207879245281
43.04999923706055,-43.52503967285156,16.96718406677246,33.45320510864258,-0.9647423624992371,0.005645102355629206
43.060001373291016,-43.49909973144531,16.607820510864258,34.4370231628418,-1.0235358476638794,0.004820405039936304
43.06999969482422,-43.94991683959961,17.107975006103516,36.19585418701172,-1.0804378986358643,0.006581497844308615
43.08000183105469,-43.392181396484375,16.728971481323242,32.14616012573242,-1.133423089981079,0.005866542924195528
43.09000015258789,-43.21830749511719,16.54916000366211,32.708126068115234,-1.1888515949249268,0.005756148602813482
43.099998474121094,-43.079254150390625,16.42723274230957,34.073219299316406,-1.24551260471344,0.005287841893732548
43.11000061035156,-42.84321212768555,16.403636932373047,34.49264144897461,-1.2989856004714966,0.005701277405023575
43.119998931884766,-42.84321212768555,16.903791427612305,36.4468994140625,-1.3521555662155151,0.005756148602813482
43.130001068115234,-43.133705139160156,16.75937271118164,35.3788948059082,-1.4072331190109253,0.00481888372451067
43.13999938964844,-42.57048034667969,16.65254783630371,36.172149658203125,-1.4616276025772095,0.0051783169619739056
43.150001525878906,-41.810245513916016,16.686838150024414,37.00004959106445,-1.5144472122192383,0.0047640129923820496
43.15999984741211,-41.275997161865234,16.816478729248047,37.26081848144531,-1.5628858804702759,0.005178534425795078
43.16999816894531,-40.97545623779297,16.816478729248047,38.433372497558594,-1.616072177886963,0.004763795528560877
43.18000030517578,-40.967742919921875,16.49159812927246,38.463462829589844,-1.6682000160217285,0.0042404006235301495
43.189998626708984,-41.07688522338867,16.460872650146484,39.598941802978516,-1.7236711978912354,0.00512485858052969
43.20000076293945,-41.08342742919922,16.783418655395508,40.788516998291016,-1.7771576642990112,0.004294076468795538
43.209999084472656,-40.794803619384766,17.175064086914062,41.255348205566406,-1.826711654663086,0.005594794638454914
43.220001220703125,-40.04344940185547,16.92498779296875,40.669071197509766,-1.8729408979415894,0.0062257591634988785
43.22999954223633,-40.32517623901367,17.166118621826172,42.002098083496094,-1.9227051734924316,0.005339996889233589
43.2400016784668,-40.184486389160156,17.17143440246582,43.65699005126953,-1.9741877317428589,0.004293207079172134
43.25,-40.10304260253906,16.926025390625,42.8514289855957,-2.0257341861724854,0.0051261624321341515
43.2599983215332,-40.07453155517578,16.70758056640625,40.35678482055664,-2.0741987228393555,0.004292772617191076
43.27000045776367,-39.473445892333984,17.124374389648438,41.13848876953125,-2.1201741695404053,0.00512659689411521
43.279998779296875,-39.467369079589844,16.716007232666016,41.726741790771484,-2.170680046081543,0.004762600176036358
43.290000915527344,-39.02146530151367,16.97943687438965,44.19767761230469,-2.2163617610931396,0.0047095762565732
43.29999923706055,-38.34617614746094,17.15030288696289,44.23657989501953,-2.26379132270813,0.005180055741220713
43.310001373291016,-37.55789566040039,17.045034408569336,42.262264251708984,-2.3091201782226562,0.005232862196862698
43.31999969482422,-36.65626907348633,17.128393173217773,43.82566833496094,-2.3510818481445312,0.006174256093800068
43.33000183105469,-36.50424575805664,16.96225929260254,44.41422653198242,-2.397125005722046,0.005808629561215639
43.34000015258789,-36.241329193115234,17.107975006103516,43.389076232910156,-2.438913345336914,0.004814320243895054
43.349998474121094,-35.94078826904297,17.190814971923828,43.197906494140625,-2.478868246078491,0.0051805987022817135
43.36000061035156,-35.64024353027344,17.17085075378418,44.56862258911133,-2.521519422531128,0.005703993607312441
43.369998931884766,-35.336429595947266,17.33575439453125,46.50373458862305,-2.5657148361206055,0.005756148602813482
43.380001068115234,-34.4348030090332,17.169034957885742,44.94032669067383,-2.6093506813049316,0.005284799728542566
43.38999938964844,-34.78512191772461,17.254858016967773,44.5610237121582,-2.651947259902954,0.005232862196862698
43.400001525878906,-34.54148864746094,17.166831970214844,44.46148681640625,-2.694620370864868,0.006175994873046875
43.40999984741211,-33.57489013671875,17.007633209228516,45.338321685791016,-2.7382593154907227,0.006751109380275011
43.41999816894531,-33.28030776977539,17.33445930480957,49.192588806152344,-2.7801883220672607,0.007746288087219
43.43000030517578,-33.430580139160156,17.167739868164062,48.997161865234375,-2.8219361305236816,0.0069055091589689255
43.439998626708984,-33.235904693603516,17.001022338867188,48.2036018371582,-2.861598491668701,0.006802720949053764
43.45000076293945,-32.54682922363281,17.04983139038086,47.02436447143555,-2.906912088394165,0.006802720949053764
43.459999084472656,-31.57579231262207,17.187768936157227,46.23476028442383,-2.9418768882751465,0.007747157476842403
43.470001220703125,-30.855987548828125,17.02280044555664,47.01646041870117,-2.982471466064453,0.0073769669979810715
43.47999954223633,-31.607343673706055,16.939441680908203,47.79816436767578,-3.0244007110595703,0.007798443082720041
43.4900016784668,-30.61644172668457,16.984947204589844,49.486183166503906,-3.06330943107605,0.008321837522089481
43.5,-30.217975616455078,17.24332046508789,49.594078063964844,-3.0993831157684326,0.008372579701244831
43.5099983215332,-30.40306854248047,17.59088706970215,49.545448303222656,-3.135647773742676,0.007899818941950798
43.52000045776367,-29.518735885620117,17.74561309814453,53.3640022277832,-3.170201539993286,0.008322163484990597
43.529998779296875,-29.21819496154785,17.49553680419922,54.14570617675781,-3.2045979499816895,0.006953643634915352
43.540000915527344,-28.80033302307129,17.570858001708984,54.92741012573242,-3.244810104370117,0.008695069700479507
43.54999923706055,-28.10938835144043,17.73757553100586,54.564064025878906,-3.279939889907837,0.008895865641534328
43.560001373291016,-27.336063385009766,17.880569458007812,53.696651458740234,-3.3148722648620605,0.00842256098985672
43.56999969482422,-26.885251998901367,17.96392822265625,54.1446418762207,-3.347745418548584,0.008845992386341095
43.58000183105469,-26.434436798095703,18.047286987304688,56.09890365600586,-3.3828749656677246,0.008422343991696835
43.59000015258789,-25.2726993560791,18.262102127075195,56.512245178222656,-3.41278338432312,0.008846210315823555
43.599998474121094,-24.245105743408203,18.33197784423828,56.3010139465332,-3.4460489749908447,0.00842212699353695
43.61000061035156,-23.53768539428711,18.224246978759766,56.367271423339844,-3.47747540473938,0.007424884010106325
43.619998931884766,-22.92993927001953,18.06122398376465,57.50517654418945,-3.5080721378326416,0.009221833199262619
43.630001068115234,-22.1785831451416,17.97786521911621,57.89603042602539,-3.5379998683929443,0.008471021428704262
43.63999938964844,-22.145164489746094,18.027257919311523,60.77666091918945,-3.5674633979797363,0.009320927783846855
43.650001525878906,-21.883533477783203,18.156314849853516,61.83022689819336,-3.5940375328063965,0.0094191525131464
43.65999984741211,-21.282447814941406,18.32303237915039,61.96760559082031,-3.6178653240203857,0.008944761008024216
43.66999816894531,-20.634387969970703,18.46369171142578,64.58139038085938,-3.6451056003570557,0.009370366111397743
43.68000030517578,-19.131675720214844,18.13025665283203,64.97223663330078,-3.674700975418091,0.00799532700330019
43.689998626708984,-18.112262725830078,18.40003776550293,65.83448028564453,-3.6997382640838623,0.00927344523370266
43.70000076293945,-17.37773323059082,18.492406845092773,67.24623107910156,-3.7257766723632812,0.00894432608038187
43.709999084472656,-16.49901008605957,18.45403480529785,68.76435089111328,-3.7495741844177246,0.008895865641534328
43.720001220703125,-15.023289680480957,18.679155349731445,69.70637512207031,-3.773371934890747,0.008895865641534328
43.72999954223633,-13.971390724182129,18.51243782043457,70.09723663330078,-3.792377471923828,0.008420714177191257
43.7400016784668,-12.797499656677246,18.68408203125,71.1226806640625,-3.816561460494995,0.009798360988497734
43.75,-11.425894737243652,18.84016990661621,73.06645202636719,-3.8410837650299072,0.008991699665784836
43.7599983215332,-10.01806640625,18.8972110748291,74.68153381347656,-3.859464645385742,0.008420388214290142
43.77000045776367,-8.785398483276367,18.919769287109375,74.40966796875,-3.8765296936035156,0.010274925269186497
43.779998779296875,-7.132414817810059,19.253202438354492,75.77764892578125,-3.8943257331848145,0.009514334611594677
43.790000915527344,-5.602592945098877,19.108394622802734,75.06341552734375,-3.9113781452178955,0.009894955903291702
43.79999923706055,-3.6704509258270264,19.19182014465332,76.2364273071289,-3.9303407669067383,0.009466526098549366
43.810001373291016,-1.4163826704025269,19.444360733032227,78.66207885742188,-3.947014808654785,0.008467109873890877
43.81999969482422,0.7923471927642822,19.534006118774414,79.97109985351562,-3.958014726638794,0.010277098044753075
43.83000183105469,2.4453306198120117,19.70072364807129,80.557373046875,-3.9760429859161377,0.009989486075937748
43.84000015258789,5.465945720672607,19.66053581237793,80.98196411132812,-3.988508462905884,0.0104187848046422
43.849998474121094,8.510748863220215,19.86692237854004,81.14639282226562,-3.9988534450531006,0.010942180640995502
43.86000061035156,11.61479663848877,20.173263549804688,80.88744354248047,-4.011951446533203,0.01146557554602623
43.869998931884766,15.108777046203613,20.277429580688477,80.28460693359375,-4.024677753448486,0.011035624891519547
43.880001068115234,17.36284637451172,20.610864639282227,81.65258026123047,-4.030134201049805,0.010989011265337467
43.88999938964844,20.87190055847168,20.596216201782227,80.73563385009766,-4.037195682525635,0.011942790821194649
43.900001525878906,24.09934425354004,20.610734939575195,79.59712219238281,-4.050350666046143,0.01251258235424757
43.90999984741211,27.10733985900879,20.66583251953125,78.08993530273438,-4.060743808746338,0.013513084501028061
43.91999816894531,30.385963439941406,20.68858528137207,75.70941925048828,-4.064547061920166,0.013128225691616535
43.93000030517578,33.391387939453125,20.938661575317383,74.9277114868164,-4.069389820098877,0.013082155957818031
43.939998626708984,37.15681457519531,21.259002685546875,71.6750717163086,-4.074191570281982,0.014037023298442364
43.95000076293945,41.242645263671875,21.344501495361328,70.98455047607422,-4.076180934906006,0.0141287287697196
43.959999084472656,45.08543014526367,21.203323364257812,70.04814910888672,-4.085132598876953,0.015561681240797043
43.970001220703125,48.19660949707031,21.052032470703125,64.82954406738281,-4.089665412902832,0.016176346689462662
43.97999954223633,50.9014892578125,21.802263259887695,60.13932418823242,-4.088858127593994,0.014788269065320492
43.9900016784668,54.117713928222656,21.630619049072266,55.615352630615234,-4.093570232391357,0.016085945069789886
44,57.061439514160156,21.69906997680664,51.356101989746094,-4.094834327697754,0.016699958592653275
44.0099983215332,59.65975570678711,22.002946853637695,46.21272277832031,-4.092474460601807,0.015310577116906643
44.02000045776367,62.032073974609375,22.226383209228516,39.510494232177734,-4.092539310455322,0.0170885119587183
44.029998779296875,64.13587188720703,22.226383209228516,35.60197830200195,-4.093607425689697,0.01631162315607071
44.040000915527344,65.8526611328125,22.297945022583008,27.499250411987305,-4.0920915603637695,0.017178913578391075
44.04999923706055,66.77181243896484,22.22865104675293,19.540128707885742,-4.08951473236084,0.016789816319942474
44.060001373291016,67.22262573242188,22.182758331298828,12.39720630645752,-4.086474895477295,0.01578768528997898
44.06999969482422,67.58755493164062,22.349475860595703,5.43998384475708,-4.079214572906494,0.016177432611584663
44.08000183105469,67.2870101928711,22.516193389892578,-3.9404585361480713,-4.074421405792236,0.015263963490724564
44.09000015258789,66.33560180664062,22.17744255065918,-12.305171966552734,-4.067439556121826,0.015654364600777626
44.099998474121094,64.54052734375,22.482099533081055,-20.029813766479492,-4.054974555969238,0.01426107157021761
44.11000061035156,62.286460876464844,22.923784255981445,-27.021987915039062,-4.051115989685059,0.0141287287697196
44.119998931884766,60.03239440917969,22.840425491333008,-32.94160079956055,-4.046733856201172,0.014608117751777172
44.130001068115234,57.77832794189453,22.75706672668457,-36.459266662597656,-4.035983085632324,0.012254524976015091
44.13999938964844,53.422794342041016,22.673707962036133,-43.90550994873047,-4.0259013175964355,0.013474402949213982
44.150001525878906,49.422847747802734,22.6947078704834,-49.59367752075195,-4.016835689544678,0.012166296131908894
44.15999984741211,45.64596939086914,22.620553970336914,-54.33617401123047,-4.007163047790527,0.012035583145916462
44.16999816894531,41.39350509643555,22.276294708251953,-59.3259162902832,-3.9969639778137207,0.012035583145916462
44.18000030517578,35.83346939086914,21.859498977661133,-61.08475112915039,-3.9846677780151367,0.009635377675294876
44.189998626708984,30.935983657836914,21.95724868774414,-63.70521545410156,-3.9697797298431396,0.009899302385747433
44.20000076293945,26.317771911621094,21.91265106201172,-67.30813598632812,-3.9573142528533936,0.009942438453435898
44.209999084472656,21.751676559448242,21.778085708618164,-70.35684204101562,-3.9447107315063477,0.00946207158267498
44.220001220703125,17.031221389770508,21.637359619140625,-71.67102813720703,-3.931023359298706,0.0094191525131464
44.22999954223633,11.921998977661133,21.13720703125,-72.64815521240234,-3.91515851020813,0.008457982912659645
44.2400016784668,7.213812828063965,21.1561336517334,-73.4514389038086,-3.901460886001587,0.008372579701244831
44.25,2.073391914367676,20.972108840942383,-74.6092529296875,-3.8868722915649414,0.007891777902841568
44.2599983215332,-2.4494681358337402,20.76987075805664,-75.28519439697266,-3.868555784225464,0.008330203592777252
44.27000045776367,-5.670717716217041,20.70926284790039,-74.8375015258789,-3.850093364715576,0.007891560904681683
44.279998779296875,-9.277226448059082,20.292469024658203,-74.05580139160156,-3.8326704502105713,0.006405910477042198
44.290000915527344,-12.614042282104492,20.100082397460938,-72.0465316772461,-3.8162872791290283,0.006279435008764267
44.29999923706055,-16.212722778320312,20.203989028930664,-70.40441131591797,-3.797816514968872,0.007242124993354082
44.310001373291016,-19.607728958129883,20.353723526000977,-67.93863677978516,-3.775858163833618,0.007807461079210043
44.31999969482422,-22.508922576904297,20.25156593322754,-64.55318450927734,-3.755195140838623,0.006886168848723173
44.33000183105469,-25.66461944580078,19.58469581604004,-65.13945770263672,-3.738131046295166,0.006802720949053764
44.34000015258789,-28.54828453063965,19.445980072021484,-62.01112365722656,-3.7163078784942627,0.005839161574840546
44.349998474121094,-31.00847816467285,19.417394638061523,-59.13550567626953,-3.6927714347839355,0.006719925440847874
44.36000061035156,-33.50840377807617,19.34920310974121,-58.11370086669922,-3.674639940261841,0.0058387271128594875
44.369998931884766,-36.26679992675781,19.209320068359375,-58.090904235839844,-3.647775173187256,0.006238254252821207
44.380001068115234,-38.520870208740234,19.209320068359375,-51.837276458740234,-3.618582248687744,0.006761649157851934
44.38999938964844,-40.36338806152344,19.285419464111328,-49.151763916015625,-3.5972557067871094,0.006802720949053764
44.400001525878906,-42.366455078125,18.869985580444336,-46.416866302490234,-3.5771803855895996,0.0063202898018062115
44.40999984741211,-43.96919250488281,18.411577224731445,-45.11453628540039,-3.5539164543151855,0.00676197512075305
44.41999816894531,-44.89617919921875,18.24485969543457,-45.003448486328125,-3.52836275100708,0.006802720949053764
44.43000030517578,-45.94807815551758,18.078142166137695,-39.531524658203125,-3.5012407302856445,0.0053544482216238976
44.439998626708984,-46.999977111816406,17.681180953979492,-39.637290954589844,-3.472910165786743,0.005715728737413883
44.45000076293945,-48.1529541015625,17.93722152709961,-35.359954833984375,-3.4459457397460938,0.006722098216414452
44.459999084472656,-49.22751998901367,18.060640335083008,-30.37492561340332,-3.421900510787964,0.006802720949053764
44.470001220703125,-50.20872116088867,17.663484573364258,-28.363374710083008,-3.3960461616516113,0.006319528911262751
44.47999954223633,-51.56116485595703,17.746843338012695,-29.73135757446289,-3.3644964694976807,0.005796134006232023
44.4900016784668,-51.65791702270508,17.7528076171875,-26.01887321472168,-3.3361661434173584,0.006722967606037855
44.5,-52.16914367675781,17.412500381469727,-23.7764892578125,-3.304537057876587,0.00535216648131609
44.5099983215332,-53.050437927246094,17.200668334960938,-22.577491760253906,-3.2778358459472656,0.005716489162296057
44.52000045776367,-54.019256591796875,17.33666229248047,-20.627944946289062,-3.24812388420105,0.006239884067326784
44.529998779296875,-54.62034225463867,17.33666229248047,-14.374316215515137,-3.2167086601257324,0.006279435008764267
44.540000915527344,-53.81453323364258,17.180574417114258,-13.60963249206543,-3.1871519088745117,0.006763387471437454
44.54999923706055,-54.25728225708008,17.41541862487793,-10.797992706298828,-3.1569294929504395,0.006318659521639347
44.560001373291016,-54.78007507324219,17.538705825805664,-7.663579940795898,-3.1241254806518555,0.0048269242979586124
44.56999969482422,-54.48549270629883,17.32065200805664,-5.9643168449401855,-3.0923447608947754,0.005193854682147503
44.58000183105469,-53.583866119384766,17.23729133605957,-6.159742832183838,-3.062267303466797,0.005232862196862698
44.59000015258789,-53.958961486816406,17.075241088867188,-3.9568705558776855,-3.028270959854126,0.005232862196862698
44.599998474121094,-54.20060729980469,16.908523559570312,-2.1557915210723877,-2.9936270713806152,0.0047482578083872795
44.61000061035156,-54.48549270629883,16.667133331298828,-0.06719649583101273,-2.9553017616271973,0.005679002963006496
44.619998931884766,-54.57593536376953,16.400331497192383,2.200108289718628,-2.9201719760894775,0.005271326284855604
44.630001068115234,-53.22349548339844,16.400331497192383,2.5909600257873535,-2.8861498832702637,0.004263001028448343
44.63999938964844,-53.587371826171875,16.717693328857422,5.213860988616943,-2.851139783859253,0.004671329632401466
44.650001525878906,-53.93243408203125,16.757816314697266,6.712075710296631,-2.8123302459716797,0.004224427975714207
44.65999984741211,-53.7536506652832,16.826396942138672,7.51110315322876,-2.7759721279144287,0.0061273169703781605
44.66999816894531,-53.2206916809082,17.041858673095703,8.503125190734863,-2.740110158920288,0.006279435008764267
44.68000030517578,-53.52123260498047,17.12521743774414,11.043661117553711,-2.7006542682647705,0.005793960765004158
44.689998626708984,-52.668216705322266,16.968610763549805,11.14638900756836,-2.6603596210479736,0.006241731345653534
44.70000076293945,-52.301185607910156,17.039134979248047,11.563530921936035,-2.6218302249908447,0.005793743301182985
44.709999084472656,-52.011627197265625,17.089954376220703,11.968667030334473,-2.5843727588653564,0.006241948809474707
44.720001220703125,-51.690284729003906,17.006595611572266,12.33246898651123,-2.5487160682678223,0.0057935263030231
44.72999954223633,-51.840553283691406,16.923236846923828,13.309598922729492,-2.5111501216888428,0.005270130932331085
44.7400016784668,-50.827919006347656,16.59796905517578,14.664814949035645,-2.4731521606445312,0.006205114535987377
44.75,-50.640724182128906,16.564327239990234,16.454496383666992,-2.4425551891326904,0.0057932003401219845
44.7599983215332,-50.295310974121094,16.529844284057617,17.487852096557617,-2.407496690750122,0.005756148602813482
44.77000045776367,-49.527828216552734,16.45614242553711,17.92399024963379,-2.3713455200195312,0.004783244803547859
44.779998779296875,-49.2272834777832,16.706218719482422,19.878250122070312,-2.33229923248291,0.005196136422455311
44.790000915527344,-49.21980667114258,16.793725967407227,20.498565673828125,-2.2918026447296143,0.005232862196862698
44.79999923706055,-49.11054992675781,16.877084732055664,20.94275665283203,-2.251006603240967,0.005232862196862698
44.810001373291016,-48.96028137207031,16.76079750061035,21.42721939086914,-2.211503744125366,0.0062066358514130116
44.81999969482422,-48.81000900268555,16.562122344970703,22.329431533813477,-2.173527240753174,0.005792439449578524
44.83000183105469,-48.65973663330078,16.81220054626465,24.283689498901367,-2.134754180908203,0.005756148602813482
44.84000015258789,-48.21406555175781,16.816478729248047,25.46961784362793,-2.0943233966827393,0.0052689360454678535
44.849998474121094,-47.76325225830078,16.816478729248047,27.0729923248291,-2.0554749965667725,0.006207504775375128
44.86000061035156,-47.31243896484375,16.694746017456055,27.785400390625,-2.0177910327911377,0.0057920049875974655
44.869998931884766,-46.86162567138672,16.464569091796875,27.3478946685791,-1.9728816747665405,0.005268610082566738
44.880001068115234,-46.41081237792969,16.2978515625,26.761615753173828,-1.933219075202942,0.004745215177536011
44.88999938964844,-45.66225814819336,16.378875732421875,27.724157333374023,-1.8946797847747803,0.00519733177497983
44.900001525878906,-45.468868255615234,16.586042404174805,29.13666534423828,-1.851002812385559,0.006208591628819704
44.90999984741211,-45.468868255615234,16.629989624023438,28.477140426635742,-1.8068073987960815,0.005791461560875177
44.91999816894531,-45.54295349121094,16.566011428833008,27.32813835144043,-1.7659796476364136,0.005756148602813482
44.93000030517578,-45.8434944152832,16.816089630126953,31.62750816345215,-1.7255688905715942,0.005267958156764507
44.939998626708984,-44.49362564086914,17.066165924072266,32.024436950683594,-1.6854274272918701,0.00474456325173378
44.95000076293945,-44.494327545166016,17.191139221191406,29.04244613647461,-1.644083023071289,0.005686391610652208
44.959999084472656,-44.567710876464844,16.813884735107422,27.785398483276367,-1.6028881072998047,0.0047791157849133015
44.970001220703125,-44.42000961303711,16.31943702697754,29.796035766601562,-1.5617471933364868,0.0056868260726332664
44.97999954223633,-44.715877532958984,16.815959930419922,33.07815933227539,-1.5172404050827026,0.004778681322932243
44.9900016784668,-44.26506423950195,16.732601165771484,29.951343536376953,-1.4788964986801147,0.005687261000275612
45,-44.38390350341797,16.77564239501953,31.269481658935547,-1.4415003061294556,0.006734050344675779
45.0099983215332,-44.37782669067383,16.68891143798828,32.51011657714844,-1.4041041135787964,0.005824601743370295
45.02000045776367,-44.15604019165039,16.50436782836914,32.4171142578125,-1.359920859336853,0.005756148602813482
45.029998779296875,-44.160247802734375,16.509035110473633,32.58245086669922,-1.3167628049850464,0.004777594935148954
45.040000915527344,-44.46078872680664,16.842472076416016,30.628192901611328,-1.272756814956665,0.005688347388058901
45.04999923706055,-43.03485107421875,16.984363555908203,31.21857261657715,-1.2285614013671875,0.006245642900466919
45.060001373291016,-42.40431594848633,16.851869583129883,32.08051300048828,-1.1843658685684204,0.006769037805497646
45.06999969482422,-42.883758544921875,16.585912704467773,32.682289123535156,-1.1408326625823975,0.006802720949053764
45.08000183105469,-43.034034729003906,16.5007381439209,33.837825775146484,-1.0977704524993896,0.005333260167390108
45.09000015258789,-43.184303283691406,16.334020614624023,34.22867965698242,-1.0537586212158203,0.006702648941427469
45.099998474121094,-42.98577117919922,16.23179817199707,35.526756286621094,-1.008430004119873,0.005332608241587877
45.11000061035156,-42.84321212768555,16.323713302612305,36.781978607177734,-0.9628141522407532,0.00621315510943532
45.119998931884766,-42.968360900878906,16.57379150390625,36.99959182739258,-0.9161587953567505,0.006769689731299877
45.130001068115234,-43.36589050292969,16.806625366210938,35.304283142089844,-0.8693607449531555,0.005821994040161371
45.13999938964844,-42.01344680786133,16.473190307617188,35.695133209228516,-0.8307844996452332,0.005265676416456699
45.150001525878906,-42.18767547607422,16.66090965270996,35.169639587402344,-0.7831893563270569,0.006704604718834162
45.15999984741211,-42.628440856933594,16.949878692626953,37.41111373901367,-0.7335036396980286,0.006802720949053764
45.16999816894531,-42.71455764770508,16.962064743041992,39.731300354003906,-0.6922057867050171,0.007293519098311663
45.18000030517578,-42.269351959228516,16.42211151123047,35.809715270996094,-0.6499699354171753,0.006344194058328867
45.189998626708984,-41.96881103515625,17.00562286376953,36.59141540527344,-0.6061437129974365,0.007261465769261122
45.20000076293945,-41.54966735839844,16.799625396728516,35.21371078491211,-0.5579270720481873,0.006834883242845535
45.209999084472656,-41.830810546875,16.743749618530273,35.374794006347656,-0.5103908181190491,0.006802720949053764
45.220001220703125,-42.51217269897461,16.89607810974121,37.32905197143555,-0.46957382559776306,0.006802720949053764
45.22999954223633,-42.642112731933594,16.812719345092773,39.12466049194336,-0.4333108961582184,0.0063112713396549225
45.2400016784668,-42.34156799316406,16.729360580444336,37.56125259399414,-0.3938019275665283,0.007262552622705698
45.25,-42.28057098388672,16.84532356262207,36.15360641479492,-0.3450735807418823,0.007817675359547138
45.2599983215332,-42.28057098388672,16.828989028930664,37.36050796508789,-0.29645273089408875,0.007849293760955334
45.27000045776367,-42.3257942199707,16.71244239807129,39.1536865234375,-0.24892643094062805,0.008341178297996521
45.279998779296875,-42.45222854614258,16.725666046142578,37.591190338134766,-0.20699737966060638,0.007388593163341284
45.290000915527344,-42.15168380737305,16.97574234008789,39.545448303222656,-0.162961944937706,0.007818109355866909
45.29999923706055,-41.972084045410156,16.756195068359375,38.825897216796875,-0.11684761941432953,0.007357082795351744
45.310001373291016,-41.98914337158203,16.654817581176758,38.110755920410156,-0.07298265397548676,0.008310645818710327
45.31999969482422,-42.046634674072266,16.789642333984375,37.73434066772461,-0.02374541573226452,0.008372579701244831
45.33000183105469,-41.923709869384766,17.009384155273438,37.02375411987305,0.02499210461974144,0.007880043238401413
45.34000015258789,-42.224246978759766,16.759307861328125,37.414608001708984,0.0714540183544159,0.007849293760955334
45.349998474121094,-42.036354064941406,16.644704818725586,37.170249938964844,0.11840647459030151,0.008342047221958637
45.36000061035156,-42.244815826416016,16.60840606689453,37.00004959106445,0.16639837622642517,0.007386854384094477
45.369998931884766,-42.65566635131836,16.661169052124023,36.87635040283203,0.21573270857334137,0.008804921060800552
45.380001068115234,-42.645381927490234,16.816478729248047,36.61922836303711,0.2646353542804718,0.007416626438498497
45.38999938964844,-42.495113372802734,16.816478729248047,38.18263244628906,0.30499058961868286,0.009298762306571007
45.400001525878906,-42.71467590332031,16.67970848083496,36.379276275634766,0.351452499628067,0.008925855159759521
45.40999984741211,-43.01521682739258,16.65611457824707,35.516422271728516,0.39791440963745117,0.008402460254728794
45.41999816894531,-42.97467041015625,16.68541145324707,35.84390640258789,0.44331520795822144,0.008372579701244831
45.43000030517578,-42.33782958984375,16.62746238708496,35.979759216308594,0.4886438846588135,0.008866203017532825
45.439998626708984,-43.08918762207031,16.877538681030273,35.39348220825195,0.5330990552902222,0.008402134291827679
45.45000076293945,-43.0938606262207,16.713415145874023,35.778255462646484,0.5757349729537964,0.008866420015692711
45.459999084472656,-43.20510482788086,16.70511817932129,36.25116729736328,0.6204079985618591,0.008895865641534328
45.470001220703125,-43.20627212524414,16.816478729248047,36.447357177734375,0.6662777662277222,0.009389923885464668
45.47999954223633,-42.71876525878906,16.80247688293457,36.186279296875,0.7111079692840576,0.00793665274977684
45.4900016784668,-43.47011947631836,16.635759353637695,35.20915222167969,0.7536848187446594,0.00933211948722601
45.5,-43.4677848815918,16.39936065673828,32.76176834106445,0.7936583161354065,0.009913535788655281
45.5099983215332,-43.93589401245117,16.492311477661133,32.32350540161133,0.835539698600769,0.009447946213185787
45.52000045776367,-44.480072021484375,16.71244239807129,32.63275146484375,0.8822482824325562,0.0094191525131464
45.529998779296875,-44.302223205566406,16.720090866088867,31.479951858520508,0.930681049823761,0.009913861751556396
45.540000915527344,-43.851409912109375,16.803449630737305,32.45708084106445,0.9680772423744202,0.010437256656587124
45.54999923706055,-43.6541633605957,16.605487823486328,32.444923400878906,1.0118874311447144,0.010465724393725395
45.560001373291016,-44.04094314575195,16.702978134155273,32.48230743408203,1.055107593536377,0.008980616927146912
45.56999969482422,-44.32220458984375,16.804616928100586,33.08530044555664,1.0964070558547974,0.008895865641534328
45.58000183105469,-43.79590606689453,16.50436782836914,34.1615104675293,1.145079493522644,0.009391119703650475
45.59000015258789,-43.94617462158203,16.50436782836914,32.59810256958008,1.1902685165405273,0.0094191525131464
45.599998474121094,-44.86416244506836,16.717304229736328,32.86510467529297,1.2304643392562866,0.010410092771053314
45.61000061035156,-45.462677001953125,16.615276336669922,32.86176300048828,1.2716459035873413,0.010961304418742657
45.619998931884766,-45.4962158203125,16.518823623657227,32.67925262451172,1.3138829469680786,0.01049332320690155
45.630001068115234,-45.061527252197266,16.798587799072266,32.85370635986328,1.3559539318084717,0.010465724393725395
45.63999938964844,-44.760982513427734,16.63187026977539,32.85370635986328,1.4003826379776,0.009969819337129593
45.650001525878906,-45.493408203125,16.60840606689453,33.021629333496094,1.441047191619873,0.009942438453435898
45.65999984741211,-45.75211715698242,16.60840606689453,30.35040283203125,1.4807097911834717,0.011430805549025536
45.66999816894531,-45.820125579833984,16.547863006591797,28.481395721435547,1.5203723907470703,0.011016066186130047
45.68000030517578,-46.219058990478516,16.361957550048828,30.587617874145508,1.5568044185638428,0.009996331296861172
45.689998626708984,-46.219058990478516,16.028522491455078,27.851655960083008,1.596016764640808,0.011431783437728882
45.70000076293945,-46.219058990478516,16.5623836517334,28.843374252319336,1.636568546295166,0.010519183240830898
45.709999084472656,-46.219058990478516,16.66168785095215,29.197145462036133,1.6709998846054077,0.010962390340864658
45.720001220703125,-46.1633186340332,16.411609649658203,28.00893783569336,1.706940770149231,0.009995462372899055
45.72999954223633,-46.12382125854492,16.26395034790039,25.99662971496582,1.7460781335830688,0.010439321398735046
45.7400016784668,-46.875179290771484,16.847461700439453,27.755462646484375,1.7836837768554688,0.010962716303765774
45.75,-47.100704193115234,16.774669647216797,26.437021255493164,1.819234013557434,0.011486111208796501
45.7599983215332,-47.53351974487305,16.71244239807129,25.168121337890625,1.8541902303695679,0.010517879389226437
45.77000045776367,-48.07769775390625,16.680875778198242,23.524932861328125,1.8863860368728638,0.010465724393725395
45.779998779296875,-48.43035888671875,16.641075134277344,21.6569881439209,1.9205217361450195,0.01096315123140812
45.790000915527344,-48.12981414794922,16.891151428222656,25.565507888793945,1.9556061029434204,0.010989011265337467
45.79999923706055,-48.49240493774414,16.773372650146484,24.472126007080078,1.9896025657653809,0.010491367429494858
45.810001373291016,-48.56181335449219,16.765335083007812,23.70531463623047,2.0290231704711914,0.00996797252446413
45.81999969482422,-48.81807327270508,16.623184204101562,22.376996994018555,2.061748743057251,0.010440299287438393
45.83000183105469,-49.59490203857422,16.23841094970703,19.655925750732422,2.1015539169311523,0.008971815928816795
45.84000015258789,-49.59490203857422,16.571847915649414,19.460498809814453,2.133037805557251,0.009892022237181664
45.849998474121094,-49.728694915771484,16.4599666595459,18.56907844543457,2.1602351665496826,0.009942438453435898
45.86000061035156,-50.07200622558594,16.507415771484375,18.470605850219727,2.19051194190979,0.008447552099823952
45.869998931884766,-50.40433120727539,16.64126968383789,18.476228713989258,2.2259860038757324,0.009369388222694397
45.880001068115234,-50.57657241821289,16.724628448486328,17.689966201782227,2.2610883712768555,0.009917665272951126
45.88999938964844,-50.877113342285156,16.807987213134766,15.735706329345703,2.288879156112671,0.008945195004343987
45.900001525878906,-51.042694091796875,16.891345977783203,15.010077476501465,2.3148438930511475,0.008397135883569717
45.90999984741211,-51.09527587890625,17.028894424438477,14.04267406463623,2.347517251968384,0.010367934592068195
45.91999816894531,-51.216102600097656,17.06156349182129,13.184380531311035,2.371527910232544,0.010964672081172466
45.93000030517578,-51.586055755615234,16.920515060424805,12.612995147705078,2.399857997894287,0.00999089889228344
45.939998626708984,-52.33740997314453,16.920515060424805,11.049588203430176,2.4260032176971436,0.010441603139042854
45.95000076293945,-52.81650161743164,16.542936325073242,9.486181259155273,2.4540650844573975,0.010964998044073582
45.959999084472656,-52.476463317871094,16.56484603881836,8.822705268859863,2.4833006858825684,0.010989011265337467
45.970001220703125,-52.21775436401367,16.74660301208496,8.22685432434082,2.5078961849212646,0.01048951968550682
45.97999954223633,-52.64426040649414,16.85692596435547,6.991082191467285,2.5341484546661377,0.009966125711798668
45.9900016784668,-52.94480514526367,17.10700225830078,5.427674770355225,2.5587358474731445,0.010941854678094387
46,-52.42154312133789,16.900096893310547,4.935615062713623,2.581327199935913,0.010989011265337467
46.0099983215332,-53.020755767822266,16.7609920501709,3.1138689517974854,2.604252338409424,0.00948923546820879
46.02000045776367,-53.846431732177734,16.747251510620117,1.0629608631134033,2.625440835952759,0.010919254273176193
46.029998779296875,-54.04507827758789,16.816478729248047,-0.5037894248962402,2.6475796699523926,0.009488583542406559
46.040000915527344,-53.744537353515625,16.816478729248047,-3.044325828552246,2.674515724182129,0.010419654659926891
46.04999923706055,-53.582462310791016,16.816478729248047,-3.964164972305298,2.6926472187042236,0.010465724393725395
46.060001373291016,-54.03935241699219,16.760343551635742,-5.403872966766357,2.7107787132263184,0.009965255856513977
46.06999969482422,-54.535037994384766,16.925182342529297,-7.661452293395996,2.731111526489258,0.010443015024065971
46.08000183105469,-54.658668518066406,17.262767791748047,-10.350305557250977,2.7555365562438965,0.009965038858354092
46.09000015258789,-54.658668518066406,16.845972061157227,-11.913712501525879,2.777728319168091,0.009441643953323364
46.099998474121094,-54.23975372314453,16.816478729248047,-12.02434253692627,2.8017172813415527,0.010420958511531353
46.11000061035156,-54.403114318847656,16.816478729248047,-13.621789932250977,2.817216396331787,0.010465724393725395
46.119998931884766,-54.268150329589844,16.852582931518555,-15.966900825500488,2.8331007957458496,0.008962363004684448
46.130001068115234,-53.67243957519531,16.982223510742188,-18.167341232299805,2.857264280319214,0.009898324497044086
46.13999938964844,-54.42379379272461,17.31566047668457,-19.730749130249023,2.881153106689453,0.010443775914609432
46.150001525878906,-53.626285552978516,17.492877960205078,-22.94220733642578,2.897801160812378,0.010465724393725395
46.15999984741211,-52.72465515136719,17.3724422454834,-26.533727645874023,2.913666009902954,0.008961059153079987
46.16999816894531,-52.28681182861328,17.453142166137695,-28.868200302124023,2.9300198554992676,0.008895865641534328
46.18000030517578,-52.20524978637695,17.79254150390625,-29.869035720825195,2.9490771293640137,0.010902956128120422
46.189998626708984,-51.153350830078125,17.459108352661133,-32.60499954223633,2.964942455291748,0.009483368135988712
46.20000076293945,-50.38540267944336,17.75572395324707,-34.97168731689453,2.9774818420410156,0.0094191525131464
46.209999084472656,-49.42464828491211,17.856843948364258,-37.58911895751953,2.9889326095581055,0.010423348285257816
46.220001220703125,-48.37275314331055,17.96904754638672,-39.62361526489258,3.0021064281463623,0.009963518008589745
46.22999954223633,-47.290706634521484,18.152231216430664,-40.71775436401367,3.018186569213867,0.009942438453435898
46.2400016784668,-46.088531494140625,18.068872451782227,-41.49945831298828,3.0337181091308594,0.009440014138817787
46.25,-44.8863639831543,18.303133010864258,-44.88734817504883,3.0452518463134766,0.009921684861183167
46.2599983215332,-43.57832717895508,18.142118453979492,-48.81805419921875,3.055955171585083,0.010445079766213894
46.27000045776367,-42.363067626953125,18.113079071044922,-51.40554428100586,3.0679683685302734,0.009460224770009518
46.279998779296875,-41.18590545654297,18.394399642944336,-52.55378723144531,3.0767924785614014,0.009922010824084282
46.290000915527344,-39.53292465209961,18.477758407592773,-55.094322204589844,3.0828373432159424,0.009439471177756786
46.29999923706055,-37.59131622314453,18.721223831176758,-58.573238372802734,3.0970568656921387,0.008916075341403484
46.310001373291016,-35.74482727050781,18.674423217773438,-60.14211654663086,3.1083121299743652,0.008392681367695332
46.31999969482422,-33.592769622802734,18.70119285583496,-62.10321044921875,3.118511199951172,0.00937916710972786
46.33000183105469,-31.10312843322754,18.96929168701172,-64.07357788085938,3.127593755722046,0.009922554716467857
46.34000015258789,-28.84906005859375,19.30272674560547,-61.142189025878906,3.1376819610595703,0.008935416117310524
46.349998474121094,-27.467872619628906,19.232654571533203,-65.58941650390625,3.142307758331299,0.009903104975819588
46.36000061035156,-24.600566864013672,19.689510345458984,-68.02814483642578,3.1507179737091064,0.009942438453435898
46.369998931884766,-21.42804527282715,20.080961227416992,-69.591552734375,3.1572105884552,0.00943860225379467
46.380001068115234,-18.640199661254883,20.126981735229492,-71.2862548828125,3.16239070892334,0.0094191525131464
46.38999938964844,-16.085588455200195,20.043624877929688,-73.43594360351562,3.165842056274414,0.008915097452700138
46.400001525878906,-13.091031074523926,19.960264205932617,-73.48776245117188,3.1706550121307373,0.009400028735399246
46.40999984741211,-10.304352760314941,20.362279891967773,-73.62999725341797,3.176825761795044,0.0094191525131464
46.41999816894531,-7.383178234100342,20.785816192626953,-74.20046997070312,3.1753766536712646,0.008410392329096794
46.43000030517578,-4.157838821411133,20.919994354248047,-74.951171875,3.1770458221435547,0.008372579701244831
46.439998626708984,-0.701600968837738,20.6699161529541,-74.951171875,3.181324005126953,0.006858787499368191
46.45000076293945,3.4937233924865723,20.747831344604492,-73.79776763916016,3.182457447052002,0.007812133524566889
46.459999084472656,6.927525997161865,21.01515007019043,-74.35031127929688,3.1892120838165283,0.007849293760955334
46.470001220703125,10.596083641052246,21.26729965209961,-74.18891906738281,3.1918892860412598,0.006839446723461151
46.47999954223633,14.695706367492676,21.37412452697754,-72.85954284667969,3.190408706665039,0.007307752966880798
46.4900016784668,18.452486038208008,21.2907657623291,-72.27326202392578,3.1881422996520996,0.006820866372436285
46.5,22.656225204467773,21.78592872619629,-70.13694763183594,3.18587589263916,0.006802720949053764
46.5099983215332,26.528688430786133,21.666400909423828,-67.26087951660156,3.1855757236480713,0.0057920049875974655
46.52000045776367,30.062166213989258,21.663288116455078,-63.843658447265625,3.1839005947113037,0.006261615548282862
46.529998779296875,33.44245147705078,21.95549774169922,-60.46883773803711,3.179835557937622,0.005773859564214945
46.540000915527344,37.0489616394043,22.122217178344727,-58.12372970581055,3.175687789916992,0.004744780715554953
46.54999923706055,40.505313873291016,22.039051055908203,-53.63060760498047,3.1700215339660645,0.005215368699282408
46.560001373291016,43.51003646850586,21.830459594726562,-49.429405212402344,3.164355516433716,0.004726961255073547
46.56999969482422,46.213985443115234,21.9158935546875,-44.93217849731445,3.158689498901367,0.0047095762565732
46.58000183105469,48.88357925415039,22.247644424438477,-39.946842193603516,3.1530234813690186,0.003697338979691267
46.59000015258789,51.882694244384766,22.331586837768555,-34.68812561035156,3.148489475250244,0.003156776539981365
46.599998474121094,53.986488342285156,22.49830436706543,-31.95216178894043,3.137726068496704,0.0031397175043821335
46.61000061035156,56.2043342590332,22.53849220275879,-28.326295852661133,3.1301724910736084,0.0031397175043821335
46.619998931884766,58.22808837890625,22.53849220275879,-22.820331573486328,3.1182680130004883,0.0021266108378767967
46.630001068115234,59.87335968017578,22.450855255126953,-16.91500473022461,3.105426549911499,0.0031064688228070736
46.63999938964844,61.06886672973633,22.12850570678711,-14.121296882629395,3.0949511528015137,0.0021261763758957386
46.650001525878906,61.82022476196289,22.545297622680664,-7.476816177368164,3.082468032836914,0.0020931449253112078
46.65999984741211,61.88028335571289,22.450790405273438,-1.5815191268920898,3.067554473876953,0.0026001327205449343
46.66999816894531,62.04177474975586,22.200714111328125,3.072230815887451,3.055866003036499,0.002109334571287036
46.68000030517578,62.49258804321289,21.905521392822266,7.419924736022949,3.048798084259033,0.0015859397826716304
46.689998626708984,62.92306900024414,21.503767013549805,13.47372055053711,3.0405709743499756,0.0020771725103259087
46.70000076293945,62.47225570678711,21.753843307495117,19.336496353149414,3.0156142711639404,0.002600567415356636
46.709999084472656,61.20675277709961,21.745676040649414,22.92892837524414,3.0020225048065186,0.002108900109305978
46.720001220703125,60.02047348022461,21.79396629333496,26.889114379882812,2.9895570278167725,0.002600784646347165
46.72999954223633,59.160682678222656,21.844655990600586,31.829164505004883,2.970813751220703,0.002616431098431349
46.7400016784668,58.386539459228516,21.59963607788086,36.85689926147461,2.9553592205047607,0.003124288283288479
46.75,56.88382339477539,21.516277313232422,40.17913818359375,2.940627336502075,0.002631751587614417
46.7599983215332,55.49866485595703,21.498126983642578,43.50137710571289,2.923600435256958,0.0021083566825836897
46.77000045776367,53.82511520385742,21.4090633392334,48.076412200927734,2.9041266441345215,0.0031095112208276987
46.779998779296875,51.6995849609375,21.361614227294922,52.56938552856445,2.8843061923980713,0.0036480091512203217
46.790000915527344,49.167877197265625,21.595809936523438,54.281715393066406,2.866008996963501,0.002137802541255951
46.79999923706055,47.214351654052734,21.429092407226562,59.753639221191406,2.8470611572265625,0.002601653803139925
46.810001373291016,45.498268127441406,21.130659103393555,60.439300537109375,2.8261733055114746,0.0036336665507405996
46.81999969482422,43.35661315917969,21.023122787475586,62.39508056640625,2.8092968463897705,0.0031542773358523846
46.83000183105469,40.934513092041016,21.106481552124023,65.29273223876953,2.7867884635925293,0.00364855257794261
46.84000015258789,38.83071517944336,21.19748878479004,65.4272232055664,2.7551324367523193,0.002645116299390793
46.849998474121094,36.72691345214844,21.447566986083984,68.35861206054688,2.7290685176849365,0.0046526407822966576
46.86000061035156,34.62311935424805,21.099092483520508,69.41901397705078,2.7124922275543213,0.0047095762565732
46.869998931884766,32.68455123901367,20.96556282043457,71.72431182861328,2.6927855014801025,0.0047095762565732
46.880001068115234,30.83595848083496,20.956228256225586,74.1991958618164,2.67498779296875,0.005218954291194677
46.88999938964844,28.906620025634766,20.53495979309082,73.95513916015625,2.6525790691375732,0.004723375663161278
46.900001525878906,27.403907775878906,20.034807205200195,76.30025482177734,2.6256110668182373,0.0057287672534585
46.90999984741211,24.932729721069336,20.340499877929688,77.54332733154297,2.6002073287963867,0.005756148602813482
46.91999816894531,22.646760940551758,20.561796188354492,79.06523895263672,2.5804924964904785,0.004736522678285837
46.93000030517578,20.879262924194336,20.53599739074707,80.23323822021484,2.5642294883728027,0.0052194977179169655
46.939998626708984,19.462202072143555,20.43215560913086,79.64695739746094,2.544799327850342,0.00472283223643899
46.95000076293945,17.057863235473633,20.01535987854004,79.06068420410156,2.5178942680358887,0.006750131491571665
46.959999084472656,15.264657020568848,19.869773864746094,81.0176773071289,2.4876465797424316,0.006802720949053764
46.970001220703125,13.866527557373047,19.645042419433594,82.12200164794922,2.460540294647217,0.00578200863674283
46.97999954223633,12.330629348754883,19.470287322998047,81.50199127197266,2.437875986099243,0.006777078378945589
46.9900016784668,10.149359703063965,19.637004852294922,79.88584899902344,2.4077765941619873,0.006802720949053764
47,8.947189331054688,19.803722381591797,82.8172378540039,2.3791162967681885,0.006802720949053764
47.0099983215332,7.374834060668945,19.491289138793945,82.21819305419922,2.3542842864990234,0.007313511800020933
47.02000045776367,5.980209827423096,19.40890121459961,82.64217376708984,2.3297059535980225,0.005282409023493528
47.029998779296875,4.631507873535156,19.304672241210938,83.44818878173828,2.3040881156921387,0.006765886675566435
47.040000915527344,2.9900929927825928,18.695554733276367,82.2605972290039,2.2744648456573486,0.005780487321317196
47.04999923706055,1.487380862236023,18.778913497924805,80.89260864257812,2.2435991764068604,0.0062673743814229965
47.060001373291016,0.3583602011203766,18.447681427001953,81.14456939697266,2.21567440032959,0.006279435008764267
47.06999969482422,-0.8681147694587708,18.56351661682129,81.6173324584961,2.1862940788269043,0.006279435008764267
47.08000183105469,-2.020505666732788,18.841724395751953,82.0081787109375,2.152472972869873,0.005767883267253637
47.09000015258789,-2.797335386276245,18.71033477783203,82.26651763916016,2.1241424083709717,0.005756148602813482
47.099998474121094,-3.849234104156494,18.960411071777344,81.09396362304688,2.0958123207092285,0.005244379863142967
47.11000061035156,-5.026865005493164,18.86175537109375,79.9214096069336,2.067481756210327,0.00472098495811224
47.119998931884766,-5.963664531707764,18.793174743652344,79.66914367675781,2.032731056213379,0.006245534401386976
47.130001068115234,-6.715020656585693,18.679609298706055,79.52751922607422,1.99857759475708,0.005255245137959719
47.13999938964844,-7.494187355041504,18.37702751159668,78.373046875,1.9689934253692627,0.005745065864175558
47.150001525878906,-8.546086311340332,18.37702751159668,77.39591217041016,1.9406630992889404,0.006780772469937801
47.15999984741211,-9.217281341552734,18.236238479614258,76.25375366210938,1.9102479219436646,0.0057778796181082726
47.16999816894531,-9.907991409301758,18.119237899780273,76.7129898071289,1.874309778213501,0.007293736562132835
47.18000030517578,-10.606998443603516,18.035879135131836,77.93599700927734,1.8402281999588013,0.006300731562077999
47.189998626708984,-11.177935600280762,17.9859676361084,78.26742553710938,1.8109630346298218,0.00730492826551199
47.20000076293945,-11.478477478027344,18.23604393005371,76.31317138671875,1.7780996561050415,0.00783886294811964
47.209999084472656,-11.907090187072754,17.917776107788086,76.0244369506836,1.7450103759765625,0.008362257853150368
47.220001220703125,-12.539491653442383,17.803173065185547,74.48944854736328,1.7103526592254639,0.007859507575631142
47.22999954223633,-13.290846824645996,17.82715606689453,73.89769744873047,1.6709978580474854,0.0068229311145842075
47.2400016784668,-13.977232933044434,17.7077579498291,76.27989196777344,1.6404008865356445,0.008342591114342213
47.25,-14.1275053024292,17.29096221923828,74.13020324707031,1.6033365726470947,0.006832384038716555
47.2599983215332,-14.66549015045166,17.94953727722168,74.16545867919922,1.567908763885498,0.008343243040144444
47.27000045776367,-14.990687370300293,18.119951248168945,74.67591094970703,1.5354499816894531,0.006831732112914324
47.279998779296875,-15.41439151763916,17.99121856689453,74.9065933227539,1.498940348625183,0.00783016998320818
47.290000915527344,-16.28119659423828,18.02628517150879,74.470458984375,1.4597082138061523,0.007335460279136896
47.29999923706055,-16.882282257080078,17.69285011291504,73.68875122070312,1.4212636947631836,0.007839949801564217
47.310001373291016,-16.961742401123047,18.082807540893555,72.56786346435547,1.386443853378296,0.00836334377527237
47.31999969482422,-17.054872512817383,18.118005752563477,72.00088500976562,1.3513418436050415,0.007858420722186565
47.33000183105469,-17.260997772216797,17.96088218688965,71.95073699951172,1.3115291595458984,0.007849293760955334
47.34000015258789,-17.617279052734375,18.022720336914062,72.26697540283203,1.2748347520828247,0.007849293760955334
47.349998474121094,-18.368635177612305,18.522872924804688,73.43952941894531,1.2406980991363525,0.008363778702914715
47.36000061035156,-18.725265502929688,18.65808868408203,70.50540161132812,1.205336570739746,0.00785798579454422
47.369998931884766,-19.497304916381836,18.63682746887207,69.1951675415039,1.1645407676696777,0.0083639957010746
47.380001068115234,-20.207063674926758,18.585100173950195,69.12100982666016,1.1346031427383423,0.007342957425862551
47.38999938964844,-20.35733413696289,18.607009887695312,68.9512710571289,1.0981950759887695,0.008870766498148441
47.400001525878906,-20.507604598999023,18.77372932434082,68.9512710571289,1.0572059154510498,0.008895865641534328
47.40999984741211,-20.126901626586914,18.27772331237793,68.0881118774414,1.0152769088745117,0.008380728773772717
47.41999816894531,-20.439830780029297,18.170835494995117,67.85591125488281,0.9754799604415894,0.008372579701244831
47.43000030517578,-21.07480239868164,18.272991180419922,67.97566223144531,0.9369505643844604,0.0094032883644104
47.439998626708984,-21.358285903930664,18.28459358215332,67.89405822753906,0.8994674682617188,0.007872763089835644
47.45000076293945,-20.606929779052734,18.367952346801758,67.30777740478516,0.8606282472610474,0.008364865556359291
47.459999084472656,-21.328603744506836,18.302743911743164,67.0698013305664,0.8175659775733948,0.008888259530067444
47.470001220703125,-21.55377769470215,18.219385147094727,67.3770751953125,0.7759546637535095,0.0073484992608428
47.47999954223633,-21.522228240966797,18.13602638244629,67.96334838867188,0.7385072708129883,0.00887370016425848
47.4900016784668,-21.76083755493164,18.05266761779785,68.54962921142578,0.693612813949585,0.0083798598498106
47.5,-22.51219367980957,17.969308853149414,69.13590240478516,0.6573498249053955,0.008372579701244831
47.5099983215332,-22.453067779541016,17.96088218688965,67.08712005615234,0.618899405002594,0.007856355980038643
47.52000045776367,-22.4984073638916,18.01513671875,66.26834106445312,0.5793700814247131,0.008365625515580177
47.529998779296875,-22.58814811706543,18.098495483398438,66.5044937133789,0.5388013124465942,0.008889020420610905
47.540000915527344,-22.541641235351562,18.11735725402832,67.03028869628906,0.5012550354003906,0.008379315957427025
47.54999923706055,-22.241098403930664,17.78392219543457,67.22571563720703,0.46283626556396484,0.008372579701244831
47.560001373291016,-22.89430046081543,17.828388214111328,66.88957214355469,0.4231736361980438,0.008372579701244831
47.56999969482422,-22.952842712402344,17.80194091796875,66.62743377685547,0.3819178640842438,0.008372579701244831
47.58000183105469,-22.837392807006836,17.821258544921875,66.7529525756836,0.3397301733493805,0.007855596020817757
47.59000015258789,-23.036508560180664,17.893144607543945,67.3074722290039,0.29893437027931213,0.008883479051291943
47.599998474121094,-23.487321853637695,17.476350784301758,67.69832611083984,0.25888773798942566,0.008378664031624794
47.61000061035156,-24.075551986694336,17.8980712890625,67.55304718017578,0.22102369368076324,0.008372579701244831
47.619998931884766,-23.47493553161621,18.12047004699707,66.9669189453125,0.18041439354419708,0.008372579701244831
47.630001068115234,-22.71282958984375,18.273574829101562,66.0217056274414,0.1430182158946991,0.007855052128434181
47.63999938964844,-22.690509796142578,18.410085678100586,65.18194580078125,0.10452041774988174,0.007849293760955334
47.650001525878906,-23.291595458984375,17.9932918548584,65.96365356445312,0.06195966154336929,0.008367038331925869
47.65999984741211,-22.78399085998535,17.96088218688965,65.123291015625,0.01798333413898945,0.008890433236956596
47.66999816894531,-23.19601058959961,17.79228401184082,65.06842803955078,-0.022110696882009506,0.008377904072403908
47.68000030517578,-23.58536148071289,17.613250732421875,65.45928955078125,-0.060640089213848114,0.008372579701244831
47.689998626708984,-23.258060455322266,17.57442283630371,65.81533813476562,-0.09980221837759018,0.008372579701244831
47.70000076293945,-22.8072452545166,17.741140365600586,66.01075744628906,-0.13838690519332886,0.008890867233276367
47.709999084472656,-23.055204391479492,17.59775733947754,65.11569213867188,-0.17578306794166565,0.007859072647988796
47.720001220703125,-23.150789260864258,17.48788833618164,65.33802032470703,-0.21317924559116364,0.00836779922246933
47.72999954223633,-22.75956916809082,17.62154769897461,65.35655975341797,-0.2513483166694641,0.008891193196177483
47.7400016784668,-22.109289169311523,17.92989730834961,64.6336669921875,-0.29230797290802,0.008895865641534328
47.75,-22.560104370117188,17.763179779052734,65.0245132446289,-0.33388665318489075,0.008377034217119217
47.7599983215332,-22.306303024291992,17.987327575683594,64.13248443603516,-0.3701496124267578,0.008891519159078598
47.77000045776367,-22.83493995666504,18.007423400878906,63.55973434448242,-0.4119601845741272,0.008895865641534328
47.779998779296875,-23.20559310913086,17.96088218688965,63.859405517578125,-0.4467790126800537,0.008376708254218102
47.790000915527344,-22.90505027770996,17.912460327148438,64.88059997558594,-0.48538535833358765,0.008372579701244831
47.79999923706055,-22.604507446289062,17.662384033203125,65.27145385742188,-0.5225633978843689,0.008891954086720943
47.810001373291016,-22.303964614868164,17.72759246826172,66.95582580566406,-0.5617640018463135,0.007337416056543589
47.81999969482422,-22.31787109375,17.636520385742188,67.07891845703125,-0.5967941284179688,0.007326007355004549
47.83000183105469,-22.265522003173828,17.544734954833984,65.7021255493164,-0.6306720972061157,0.009404810145497322
47.84000015258789,-21.84391975402832,17.5615234375,64.02611541748047,-0.6671621203422546,0.008379533886909485
47.849998474121094,-20.942293167114258,17.644882202148438,65.00324249267578,-0.7026511430740356,0.008892497047781944
47.86000061035156,-21.18674659729004,17.807710647583008,65.9803695678711,-0.7397106885910034,0.008895865641534328
47.869998931884766,-21.381305694580078,17.504091262817383,66.54400634765625,-0.7790297865867615,0.008895865641534328
47.880001068115234,-21.11932373046875,17.385082244873047,66.57743835449219,-0.8161920309066772,0.009416109882295132
47.88999938964844,-20.36796760559082,17.666208267211914,66.43185424804688,-0.8501885533332825,0.008898799307644367
47.900001525878906,-19.61661148071289,17.74956703186035,67.21355438232422,-0.8875373601913452,0.008895865641534328
47.90999984741211,-19.731826782226562,17.67268943786621,67.80743408203125,-0.9239099025726318,0.008895865641534328
47.91999816894531,-19.66779136657715,17.4110107421875,69.5085220336914,-0.9545936584472656,0.008375187404453754
47.93000030517578,-19.30788803100586,17.310150146484375,70.3859634399414,-0.9882377982139587,0.007851792499423027
47.939998626708984,-18.86981201171875,17.47686767578125,69.7996826171875,-1.022625207901001,0.007849293760955334
47.95000076293945,-19.020082473754883,17.643585205078125,69.2134017944336,-1.0566216707229614,0.008891302160918713
47.959999084472656,-18.005577087402344,17.810302734375,69.76321411132812,-1.0906182527542114,0.007853640243411064
47.970001220703125,-18.145214080810547,17.496313095092773,69.22252655029297,-1.1264586448669434,0.008370514959096909
47.97999954223633,-18.391071319580078,17.547910690307617,69.44651794433594,-1.1631519794464111,0.008893909864127636
47.9900016784668,-18.071949005126953,18.064918518066406,70.48291778564453,-1.1965621709823608,0.008374426513910294
48,-17.17032241821289,18.064918518066406,69.70121002197266,-1.231512188911438,0.009415675885975361
48.0099983215332,-16.855756759643555,17.902088165283203,71.01905059814453,-1.2650794982910156,0.007854183204472065
48.02000045776367,-16.445724487304688,18.03905487060547,70.96311950683594,-1.293409824371338,0.00889282301068306
48.029998779296875,-15.850481986999512,18.048776626586914,70.56466674804688,-1.3262416124343872,0.008373992517590523
48.040000915527344,-15.343697547912598,17.934370040893555,70.68730163574219,-1.358073353767395,0.008372579701244831
48.04999923706055,-15.64423942565918,18.267805099487305,71.85986328125,-1.390741229057312,0.008894670754671097
48.060001373291016,-14.169570922851562,17.780616760253906,71.10855102539062,-1.4219166040420532,0.007851466536521912
48.06999969482422,-13.99476146697998,17.648771286010742,70.32685089111328,-1.4532636404037476,0.008371601812541485
48.08000183105469,-13.781624794006348,17.73018455505371,71.74011993408203,-1.4849936962127686,0.00785016268491745
48.09000015258789,-13.138589859008789,17.936962127685547,74.46710968017578,-1.516723871231079,0.008894344791769981
48.099998474121094,-12.83804702758789,18.27039909362793,74.07625579833984,-1.547516107559204,0.00941850058734417
48.11000061035156,-11.941093444824219,18.355701446533203,74.26712799072266,-1.577354907989502,0.008373666554689407
48.119998931884766,-11.15129280090332,18.43906021118164,73.44454193115234,-1.6073890924453735,0.008372579701244831
48.130001068115234,-10.698142051696777,18.481063842773438,73.62933349609375,-1.636094570159912,0.00941850058734417
48.13999938964844,-10.361493110656738,18.377676010131836,74.36863708496094,-1.6670665740966797,0.0094191525131464
48.150001525878906,-9.45986557006836,17.96088218688965,72.60980224609375,-1.7021963596343994,0.008895974606275558
